ISO-10303-21;
HEADER;
FILE_DESCRIPTION(('KiCad electronic assembly'),'2;1');
FILE_NAME('PS-LVDistributionPCB.step','2025-02-15T10:52:10',('Pcbnew'),(
    'Kicad'),'Open CASCADE STEP processor 7.7','KiCad to STEP converter'
  ,'Unknown');
FILE_SCHEMA(('AUTOMOTIVE_DESIGN { 1 0 10303 214 1 1 1 1 }'));
ENDSEC;
DATA;
#1 = APPLICATION_PROTOCOL_DEFINITION('international standard',
  'automotive_design',2000,#2);
#2 = APPLICATION_CONTEXT(
  'core data for automotive mechanical design processes');
#3 = SHAPE_DEFINITION_REPRESENTATION(#4,#10);
#4 = PRODUCT_DEFINITION_SHAPE('','',#5);
#5 = PRODUCT_DEFINITION('design','',#6,#9);
#6 = PRODUCT_DEFINITION_FORMATION('','',#7);
#7 = PRODUCT('PS-LVDistributionPCB 1','PS-LVDistributionPCB 1','',(#8));
#8 = PRODUCT_CONTEXT('',#2,'mechanical');
#9 = PRODUCT_DEFINITION_CONTEXT('part definition',#2,'design');
#10 = SHAPE_REPRESENTATION('',(#11,#15,#19,#23,#27,#31,#35,#39,#43,#47,
    #51,#55,#59,#63,#67,#71,#75,#79,#83,#87,#91,#95,#99,#103,#107,#111,
    #115,#119,#123,#127,#131,#135,#139,#143,#147,#151,#155,#159,#163,
    #167,#171,#175,#179,#183),#187);
#11 = AXIS2_PLACEMENT_3D('',#12,#13,#14);
#12 = CARTESIAN_POINT('',(0.,0.,0.));
#13 = DIRECTION('',(0.,0.,1.));
#14 = DIRECTION('',(1.,0.,-0.));
#15 = AXIS2_PLACEMENT_3D('',#16,#17,#18);
#16 = CARTESIAN_POINT('',(189.356249,-92.78375,11.65));
#17 = DIRECTION('',(1.224646799147E-16,-1.,1.110223024625E-16));
#18 = DIRECTION('',(-1.,-1.224646799147E-16,0.));
#19 = AXIS2_PLACEMENT_3D('',#20,#21,#22);
#20 = CARTESIAN_POINT('',(124.916247,-107.11875,11.65));
#21 = DIRECTION('',(-0.,1.,1.110223024625E-16));
#22 = DIRECTION('',(1.,0.,0.));
#23 = AXIS2_PLACEMENT_3D('',#24,#25,#26);
#24 = CARTESIAN_POINT('',(189.386249,-107.11875,11.65));
#25 = DIRECTION('',(-0.,1.,1.110223024625E-16));
#26 = DIRECTION('',(1.,0.,0.));
#27 = AXIS2_PLACEMENT_3D('',#28,#29,#30);
#28 = CARTESIAN_POINT('',(156.916247,-107.11875,11.65));
#29 = DIRECTION('',(-0.,1.,1.110223024625E-16));
#30 = DIRECTION('',(1.,0.,0.));
#31 = AXIS2_PLACEMENT_3D('',#32,#33,#34);
#32 = CARTESIAN_POINT('',(157.091249,-92.71875,11.65));
#33 = DIRECTION('',(1.224646799147E-16,-1.,1.110223024625E-16));
#34 = DIRECTION('',(-1.,-1.224646799147E-16,0.));
#35 = AXIS2_PLACEMENT_3D('',#36,#37,#38);
#36 = CARTESIAN_POINT('',(238.559998,-106.89,11.65));
#37 = DIRECTION('',(-0.,1.,1.110223024625E-16));
#38 = DIRECTION('',(1.,0.,0.));
#39 = AXIS2_PLACEMENT_3D('',#40,#41,#42);
#40 = CARTESIAN_POINT('',(108.386249,-92.74375,11.65));
#41 = DIRECTION('',(1.224646799147E-16,-1.,1.110223024625E-16));
#42 = DIRECTION('',(-1.,-1.224646799147E-16,0.));
#43 = AXIS2_PLACEMENT_3D('',#44,#45,#46);
#44 = CARTESIAN_POINT('',(140.916247,-107.11875,11.65));
#45 = DIRECTION('',(-0.,1.,1.110223024625E-16));
#46 = DIRECTION('',(1.,0.,0.));
#47 = AXIS2_PLACEMENT_3D('',#48,#49,#50);
#48 = CARTESIAN_POINT('',(124.886249,-92.74375,11.65));
#49 = DIRECTION('',(1.224646799147E-16,-1.,1.110223024625E-16));
#50 = DIRECTION('',(-1.,-1.224646799147E-16,0.));
#51 = AXIS2_PLACEMENT_3D('',#52,#53,#54);
#52 = CARTESIAN_POINT('',(172.886249,-107.03375,11.65));
#53 = DIRECTION('',(-0.,1.,1.110223024625E-16));
#54 = DIRECTION('',(1.,0.,0.));
#55 = AXIS2_PLACEMENT_3D('',#56,#57,#58);
#56 = CARTESIAN_POINT('',(108.38625,-107.11875,11.65));
#57 = DIRECTION('',(-0.,1.,1.110223024625E-16));
#58 = DIRECTION('',(1.,0.,0.));
#59 = AXIS2_PLACEMENT_3D('',#60,#61,#62);
#60 = CARTESIAN_POINT('',(205.56,-106.845,11.65));
#61 = DIRECTION('',(-0.,1.,1.110223024625E-16));
#62 = DIRECTION('',(1.,0.,0.));
#63 = AXIS2_PLACEMENT_3D('',#64,#65,#66);
#64 = CARTESIAN_POINT('',(92.06,-107.11875,11.65));
#65 = DIRECTION('',(-0.,1.,1.110223024625E-16));
#66 = DIRECTION('',(1.,0.,0.));
#67 = AXIS2_PLACEMENT_3D('',#68,#69,#70);
#68 = CARTESIAN_POINT('',(222.06,-92.89,11.65));
#69 = DIRECTION('',(1.224646799147E-16,-1.,1.110223024625E-16));
#70 = DIRECTION('',(-1.,-1.224646799147E-16,0.));
#71 = AXIS2_PLACEMENT_3D('',#72,#73,#74);
#72 = CARTESIAN_POINT('',(140.916249,-92.78375,11.65));
#73 = DIRECTION('',(1.224646799147E-16,-1.,1.110223024625E-16));
#74 = DIRECTION('',(-1.,-1.224646799147E-16,0.));
#75 = AXIS2_PLACEMENT_3D('',#76,#77,#78);
#76 = CARTESIAN_POINT('',(173.091249,-92.71875,11.65));
#77 = DIRECTION('',(1.224646799147E-16,-1.,1.110223024625E-16));
#78 = DIRECTION('',(-1.,-1.224646799147E-16,0.));
#79 = AXIS2_PLACEMENT_3D('',#80,#81,#82);
#80 = CARTESIAN_POINT('',(238.582262,-92.89,11.65));
#81 = DIRECTION('',(1.224646799147E-16,-1.,1.110223024625E-16));
#82 = DIRECTION('',(-1.,-1.224646799147E-16,0.));
#83 = AXIS2_PLACEMENT_3D('',#84,#85,#86);
#84 = CARTESIAN_POINT('',(222.089998,-106.93,11.65));
#85 = DIRECTION('',(-0.,1.,1.110223024625E-16));
#86 = DIRECTION('',(1.,0.,0.));
#87 = AXIS2_PLACEMENT_3D('',#88,#89,#90);
#88 = CARTESIAN_POINT('',(92.03,-92.70375,11.65));
#89 = DIRECTION('',(1.224646799147E-16,-1.,1.110223024625E-16));
#90 = DIRECTION('',(-1.,-1.224646799147E-16,0.));
#91 = AXIS2_PLACEMENT_3D('',#92,#93,#94);
#92 = CARTESIAN_POINT('',(205.1600020008,-125.4449999999,-3.769999973));
#93 = DIRECTION('',(-1.,1.110223024625E-16,-2.334869823773E-16));
#94 = DIRECTION('',(1.110223024625E-16,1.,0.));
#95 = AXIS2_PLACEMENT_3D('',#96,#97,#98);
#96 = CARTESIAN_POINT('',(75.65999999999,-129.7999999992,-3.769999973));
#97 = DIRECTION('',(-1.224646799147E-16,-1.,-2.334869823773E-16));
#98 = DIRECTION('',(-1.,1.224646799147E-16,0.));
#99 = AXIS2_PLACEMENT_3D('',#100,#101,#102);
#100 = CARTESIAN_POINT('',(140.5162490008,-125.7187499999,-3.769999973)
  );
#101 = DIRECTION('',(-1.,1.110223024625E-16,-2.334869823773E-16));
#102 = DIRECTION('',(1.110223024625E-16,1.,0.));
#103 = AXIS2_PLACEMENT_3D('',#104,#105,#106);
#104 = CARTESIAN_POINT('',(238.1600000008,-125.4899999999,-3.769999973)
  );
#105 = DIRECTION('',(-1.,1.110223024625E-16,-2.334869823773E-16));
#106 = DIRECTION('',(1.110223024625E-16,1.,0.));
#107 = AXIS2_PLACEMENT_3D('',#108,#109,#110);
#108 = CARTESIAN_POINT('',(156.5162490008,-125.7187499999,-3.769999973)
  );
#109 = DIRECTION('',(-1.,1.110223024625E-16,-2.334869823773E-16));
#110 = DIRECTION('',(1.110223024625E-16,1.,0.));
#111 = AXIS2_PLACEMENT_3D('',#112,#113,#114);
#112 = CARTESIAN_POINT('',(222.4377379992,-73.55875000001,-3.769999973)
  );
#113 = DIRECTION('',(1.,1.110223024625E-16,-2.334869823773E-16));
#114 = DIRECTION('',(1.110223024625E-16,-1.,0.));
#115 = AXIS2_PLACEMENT_3D('',#116,#117,#118);
#116 = CARTESIAN_POINT('',(172.4862510008,-125.6337499999,-3.769999973)
  );
#117 = DIRECTION('',(-1.,1.110223024625E-16,-2.334869823773E-16));
#118 = DIRECTION('',(1.110223024625E-16,1.,0.));
#119 = AXIS2_PLACEMENT_3D('',#120,#121,#122);
#120 = CARTESIAN_POINT('',(108.7562489992,-73.51875000001,-3.769999973)
  );
#121 = DIRECTION('',(1.,1.110223024625E-16,-2.334869823773E-16));
#122 = DIRECTION('',(1.110223024625E-16,-1.,0.));
#123 = AXIS2_PLACEMENT_3D('',#124,#125,#126);
#124 = CARTESIAN_POINT('',(107.9862500008,-125.7187499999,-3.769999973)
  );
#125 = DIRECTION('',(-1.,1.110223024625E-16,-2.334869823773E-16));
#126 = DIRECTION('',(1.110223024625E-16,1.,0.));
#127 = AXIS2_PLACEMENT_3D('',#128,#129,#130);
#128 = CARTESIAN_POINT('',(73.88,-110.93,-7.05));
#129 = DIRECTION('',(1.,-2.334869823773E-16,1.144237745222E-17));
#130 = DIRECTION('',(-2.334869823773E-16,-1.,-1.499759782662E-32));
#131 = AXIS2_PLACEMENT_3D('',#132,#133,#134);
#132 = CARTESIAN_POINT('',(188.9862510008,-125.7187499999,-3.769999973)
  );
#133 = DIRECTION('',(-1.,1.110223024625E-16,-2.334869823773E-16));
#134 = DIRECTION('',(1.110223024625E-16,1.,0.));
#135 = AXIS2_PLACEMENT_3D('',#136,#137,#138);
#136 = CARTESIAN_POINT('',(73.88,-87.93,-7.05));
#137 = DIRECTION('',(1.,-2.334869823773E-16,1.144237745222E-17));
#138 = DIRECTION('',(-2.334869823773E-16,-1.,-1.499759782662E-32));
#139 = AXIS2_PLACEMENT_3D('',#140,#141,#142);
#140 = CARTESIAN_POINT('',(75.65999999999,-70.7999999992,-3.769999973));
#141 = DIRECTION('',(-1.224646799147E-16,-1.,-2.334869823773E-16));
#142 = DIRECTION('',(-1.,1.224646799147E-16,0.));
#143 = AXIS2_PLACEMENT_3D('',#144,#145,#146);
#144 = CARTESIAN_POINT('',(124.5162490008,-125.7187499999,-3.769999973)
  );
#145 = DIRECTION('',(-1.,1.110223024625E-16,-2.334869823773E-16));
#146 = DIRECTION('',(1.110223024625E-16,1.,0.));
#147 = AXIS2_PLACEMENT_3D('',#148,#149,#150);
#148 = CARTESIAN_POINT('',(221.6900000008,-125.5299999999,-3.769999973)
  );
#149 = DIRECTION('',(-1.,1.110223024625E-16,-2.334869823773E-16));
#150 = DIRECTION('',(1.110223024625E-16,1.,0.));
#151 = AXIS2_PLACEMENT_3D('',#152,#153,#154);
#152 = CARTESIAN_POINT('',(189.7262489992,-73.55875000001,-3.769999973)
  );
#153 = DIRECTION('',(1.,1.110223024625E-16,-2.334869823773E-16));
#154 = DIRECTION('',(1.110223024625E-16,-1.,0.));
#155 = AXIS2_PLACEMENT_3D('',#156,#157,#158);
#156 = CARTESIAN_POINT('',(92.3999999992,-73.47875000001,-3.769999973));
#157 = DIRECTION('',(1.,1.110223024625E-16,-2.334869823773E-16));
#158 = DIRECTION('',(1.110223024625E-16,-1.,0.));
#159 = AXIS2_PLACEMENT_3D('',#160,#161,#162);
#160 = CARTESIAN_POINT('',(157.4612489992,-73.49375000001,-3.769999973)
  );
#161 = DIRECTION('',(1.,1.110223024625E-16,-2.334869823773E-16));
#162 = DIRECTION('',(1.110223024625E-16,-1.,0.));
#163 = AXIS2_PLACEMENT_3D('',#164,#165,#166);
#164 = CARTESIAN_POINT('',(141.2862489992,-73.55875000001,-3.769999973)
  );
#165 = DIRECTION('',(1.,1.110223024625E-16,-2.334869823773E-16));
#166 = DIRECTION('',(1.110223024625E-16,-1.,0.));
#167 = AXIS2_PLACEMENT_3D('',#168,#169,#170);
#168 = CARTESIAN_POINT('',(91.6600000008,-125.7187499999,-3.769999973));
#169 = DIRECTION('',(-1.,1.110223024625E-16,-2.334869823773E-16));
#170 = DIRECTION('',(1.110223024625E-16,1.,0.));
#171 = AXIS2_PLACEMENT_3D('',#172,#173,#174);
#172 = CARTESIAN_POINT('',(238.9599999992,-73.55875000001,-3.769999973)
  );
#173 = DIRECTION('',(1.,1.110223024625E-16,-2.334869823773E-16));
#174 = DIRECTION('',(1.110223024625E-16,-1.,0.));
#175 = AXIS2_PLACEMENT_3D('',#176,#177,#178);
#176 = CARTESIAN_POINT('',(173.4612489992,-73.49375000001,-3.769999973)
  );
#177 = DIRECTION('',(1.,1.110223024625E-16,-2.334869823773E-16));
#178 = DIRECTION('',(1.110223024625E-16,-1.,0.));
#179 = AXIS2_PLACEMENT_3D('',#180,#181,#182);
#180 = CARTESIAN_POINT('',(125.2562489992,-73.51875000001,-3.769999973)
  );
#181 = DIRECTION('',(1.,1.110223024625E-16,-2.334869823773E-16));
#182 = DIRECTION('',(1.110223024625E-16,-1.,0.));
#183 = AXIS2_PLACEMENT_3D('',#184,#185,#186);
#184 = CARTESIAN_POINT('',(0.,0.,0.));
#185 = DIRECTION('',(0.,0.,1.));
#186 = DIRECTION('',(1.,0.,-0.));
#187 = ( GEOMETRIC_REPRESENTATION_CONTEXT(3) 
GLOBAL_UNCERTAINTY_ASSIGNED_CONTEXT((#191)) GLOBAL_UNIT_ASSIGNED_CONTEXT
((#188,#189,#190)) REPRESENTATION_CONTEXT('Context #1',
  '3D Context with UNIT and UNCERTAINTY') );
#188 = ( LENGTH_UNIT() NAMED_UNIT(*) SI_UNIT(.MILLI.,.METRE.) );
#189 = ( NAMED_UNIT(*) PLANE_ANGLE_UNIT() SI_UNIT($,.RADIAN.) );
#190 = ( NAMED_UNIT(*) SI_UNIT($,.STERADIAN.) SOLID_ANGLE_UNIT() );
#191 = UNCERTAINTY_MEASURE_WITH_UNIT(LENGTH_MEASURE(1.E-07),#188,
  'distance_accuracy_value','confusion accuracy');
#192 = PRODUCT_RELATED_PRODUCT_CATEGORY('part',$,(#7));
#193 = SHAPE_DEFINITION_REPRESENTATION(#194,#200);
#194 = PRODUCT_DEFINITION_SHAPE('','',#195);
#195 = PRODUCT_DEFINITION('design','',#196,#199);
#196 = PRODUCT_DEFINITION_FORMATION('','',#197);
#197 = PRODUCT('molex_1x2_3d','molex_1x2_3d','',(#198));
#198 = PRODUCT_CONTEXT('',#2,'mechanical');
#199 = PRODUCT_DEFINITION_CONTEXT('part definition',#2,'design');
#200 = SHAPE_REPRESENTATION('',(#11,#201),#205);
#201 = AXIS2_PLACEMENT_3D('',#202,#203,#204);
#202 = CARTESIAN_POINT('',(0.,0.,0.));
#203 = DIRECTION('',(0.,0.,1.));
#204 = DIRECTION('',(1.,0.,-0.));
#205 = ( GEOMETRIC_REPRESENTATION_CONTEXT(3) 
GLOBAL_UNCERTAINTY_ASSIGNED_CONTEXT((#209)) GLOBAL_UNIT_ASSIGNED_CONTEXT
((#206,#207,#208)) REPRESENTATION_CONTEXT('Context #1',
  '3D Context with UNIT and UNCERTAINTY') );
#206 = ( LENGTH_UNIT() NAMED_UNIT(*) SI_UNIT(.MILLI.,.METRE.) );
#207 = ( NAMED_UNIT(*) PLANE_ANGLE_UNIT() SI_UNIT($,.RADIAN.) );
#208 = ( NAMED_UNIT(*) SI_UNIT($,.STERADIAN.) SOLID_ANGLE_UNIT() );
#209 = UNCERTAINTY_MEASURE_WITH_UNIT(LENGTH_MEASURE(1.E-07),#206,
  'distance_accuracy_value','confusion accuracy');
#210 = CONTEXT_DEPENDENT_SHAPE_REPRESENTATION(#211,#213);
#211 = ( REPRESENTATION_RELATIONSHIP('','',#200,#10) 
REPRESENTATION_RELATIONSHIP_WITH_TRANSFORMATION(#212) 
SHAPE_REPRESENTATION_RELATIONSHIP() );
#212 = ITEM_DEFINED_TRANSFORMATION('','',#11,#15);
#213 = PRODUCT_DEFINITION_SHAPE('Placement','Placement of an item',#214
  );
#214 = NEXT_ASSEMBLY_USAGE_OCCURRENCE('2','C_J7','',#5,#195,$);
#215 = PRODUCT_RELATED_PRODUCT_CATEGORY('part',$,(#197));
#216 = SHAPE_DEFINITION_REPRESENTATION(#217,#223);
#217 = PRODUCT_DEFINITION_SHAPE('','',#218);
#218 = PRODUCT_DEFINITION('design','',#219,#222);
#219 = PRODUCT_DEFINITION_FORMATION('','',#220);
#220 = PRODUCT('436500215wbm000_01','436500215wbm000_01','',(#221));
#221 = PRODUCT_CONTEXT('',#2,'mechanical');
#222 = PRODUCT_DEFINITION_CONTEXT('part definition',#2,'design');
#223 = ADVANCED_BREP_SHAPE_REPRESENTATION('',(#11,#224),#3479);
#224 = MANIFOLD_SOLID_BREP('',#225);
#225 = CLOSED_SHELL('',(#226,#266,#360,#454,#494,#534,#628,#722,#762,
    #866,#940,#972,#1002,#1037,#1116,#1155,#1318,#1358,#1389,#1510,#1563
    ,#1624,#1655,#1686,#1708,#1720,#1732,#1755,#1778,#1809,#1831,#1842,
    #1853,#1884,#1906,#1917,#1928,#1959,#1981,#2005,#2030,#2061,#2085,
    #2107,#2127,#2139,#2151,#2182,#2206,#2230,#2254,#2271,#2318,#2340,
    #2357,#2374,#2386,#2417,#2448,#2470,#2482,#2494,#2525,#2556,#2578,
    #2590,#2602,#2614,#2637,#2663,#2675,#2686,#2697,#2709,#2721,#2732,
    #2743,#2774,#2805,#2832,#2859,#2871,#2883,#2900,#2917,#2934,#2951,
    #2968,#2990,#3017,#3034,#3051,#3063,#3075,#3087,#3099,#3111,#3142,
    #3173,#3200,#3227,#3239,#3251,#3268,#3285,#3302,#3319,#3336,#3358,
    #3385,#3402,#3419,#3431,#3443,#3455,#3467));
#226 = ADVANCED_FACE('',(#227),#261,.F.);
#227 = FACE_BOUND('',#228,.T.);
#228 = EDGE_LOOP('',(#229,#239,#247,#255));
#229 = ORIENTED_EDGE('',*,*,#230,.F.);
#230 = EDGE_CURVE('',#231,#233,#235,.T.);
#231 = VERTEX_POINT('',#232);
#232 = CARTESIAN_POINT('',(1.610564477612,2.44,1.849435522388));
#233 = VERTEX_POINT('',#234);
#234 = CARTESIAN_POINT('',(1.389435522388,2.44,1.849435522388));
#235 = LINE('',#236,#237);
#236 = CARTESIAN_POINT('',(1.82,2.44,1.849435522388));
#237 = VECTOR('',#238,1.);
#238 = DIRECTION('',(-1.,0.,0.));
#239 = ORIENTED_EDGE('',*,*,#240,.T.);
#240 = EDGE_CURVE('',#231,#241,#243,.T.);
#241 = VERTEX_POINT('',#242);
#242 = CARTESIAN_POINT('',(1.610564477612,2.44,2.070564477612));
#243 = LINE('',#244,#245);
#244 = CARTESIAN_POINT('',(1.610564477612,2.44,1.63));
#245 = VECTOR('',#246,1.);
#246 = DIRECTION('',(0.,0.,1.));
#247 = ORIENTED_EDGE('',*,*,#248,.T.);
#248 = EDGE_CURVE('',#241,#249,#251,.T.);
#249 = VERTEX_POINT('',#250);
#250 = CARTESIAN_POINT('',(1.389435522388,2.44,2.070564477612));
#251 = LINE('',#252,#253);
#252 = CARTESIAN_POINT('',(1.82,2.44,2.070564477612));
#253 = VECTOR('',#254,1.);
#254 = DIRECTION('',(-1.,0.,0.));
#255 = ORIENTED_EDGE('',*,*,#256,.F.);
#256 = EDGE_CURVE('',#233,#249,#257,.T.);
#257 = LINE('',#258,#259);
#258 = CARTESIAN_POINT('',(1.389435522388,2.44,1.63));
#259 = VECTOR('',#260,1.);
#260 = DIRECTION('',(0.,0.,1.));
#261 = PLANE('',#262);
#262 = AXIS2_PLACEMENT_3D('',#263,#264,#265);
#263 = CARTESIAN_POINT('',(1.82,2.44,2.070564477612));
#264 = DIRECTION('',(0.,1.,0.));
#265 = DIRECTION('',(0.,-0.,1.));
#266 = ADVANCED_FACE('',(#267),#355,.T.);
#267 = FACE_BOUND('',#268,.T.);
#268 = EDGE_LOOP('',(#269,#280,#288,#297,#306,#315,#323,#331,#339,#348)
  );
#269 = ORIENTED_EDGE('',*,*,#270,.T.);
#270 = EDGE_CURVE('',#271,#273,#275,.T.);
#271 = VERTEX_POINT('',#272);
#272 = CARTESIAN_POINT('',(1.82,11.634815865992,1.750817946802));
#273 = VERTEX_POINT('',#274);
#274 = CARTESIAN_POINT('',(1.82,12.24,1.64));
#275 = CIRCLE('',#276,1.261419654088);
#276 = AXIS2_PLACEMENT_3D('',#277,#278,#279);
#277 = CARTESIAN_POINT('',(1.82,12.157754392681,2.898735557532));
#278 = DIRECTION('',(1.,0.,0.));
#279 = DIRECTION('',(-0.,1.,0.));
#280 = ORIENTED_EDGE('',*,*,#281,.T.);
#281 = EDGE_CURVE('',#273,#282,#284,.T.);
#282 = VERTEX_POINT('',#283);
#283 = CARTESIAN_POINT('',(1.82,12.24,2.28));
#284 = LINE('',#285,#286);
#285 = CARTESIAN_POINT('',(1.82,12.24,1.63));
#286 = VECTOR('',#287,1.);
#287 = DIRECTION('',(0.,0.,1.));
#288 = ORIENTED_EDGE('',*,*,#289,.T.);
#289 = EDGE_CURVE('',#282,#290,#292,.T.);
#290 = VERTEX_POINT('',#291);
#291 = CARTESIAN_POINT('',(1.82,11.900136495805,2.333230999022));
#292 = CIRCLE('',#293,0.64);
#293 = AXIS2_PLACEMENT_3D('',#294,#295,#296);
#294 = CARTESIAN_POINT('',(1.82,12.165457125617,2.915644051242));
#295 = DIRECTION('',(-1.,0.,0.));
#296 = DIRECTION('',(0.,1.,0.));
#297 = ORIENTED_EDGE('',*,*,#298,.T.);
#298 = EDGE_CURVE('',#290,#299,#301,.T.);
#299 = VERTEX_POINT('',#300);
#300 = CARTESIAN_POINT('',(1.82,10.646636078302,2.336296296296));
#301 = CIRCLE('',#302,1.52);
#302 = AXIS2_PLACEMENT_3D('',#303,#304,#305);
#303 = CARTESIAN_POINT('',(1.82,11.27,0.95));
#304 = DIRECTION('',(1.,0.,0.));
#305 = DIRECTION('',(0.,1.,-7.13290902951E-17));
#306 = ORIENTED_EDGE('',*,*,#307,.T.);
#307 = EDGE_CURVE('',#299,#308,#310,.T.);
#308 = VERTEX_POINT('',#309);
#309 = CARTESIAN_POINT('',(1.82,10.384167058639,2.28));
#310 = CIRCLE('',#311,0.64);
#311 = AXIS2_PLACEMENT_3D('',#312,#313,#314);
#312 = CARTESIAN_POINT('',(1.82,10.384167058639,2.92));
#313 = DIRECTION('',(-1.,0.,0.));
#314 = DIRECTION('',(0.,1.,0.));
#315 = ORIENTED_EDGE('',*,*,#316,.T.);
#316 = EDGE_CURVE('',#308,#317,#319,.T.);
#317 = VERTEX_POINT('',#318);
#318 = CARTESIAN_POINT('',(1.82,9.9,2.28));
#319 = LINE('',#320,#321);
#320 = CARTESIAN_POINT('',(1.82,10.384167058639,2.28));
#321 = VECTOR('',#322,1.);
#322 = DIRECTION('',(0.,-1.,0.));
#323 = ORIENTED_EDGE('',*,*,#324,.F.);
#324 = EDGE_CURVE('',#325,#317,#327,.T.);
#325 = VERTEX_POINT('',#326);
#326 = CARTESIAN_POINT('',(1.82,9.9,1.64));
#327 = LINE('',#328,#329);
#328 = CARTESIAN_POINT('',(1.82,9.9,0.));
#329 = VECTOR('',#330,1.);
#330 = DIRECTION('',(0.,0.,1.));
#331 = ORIENTED_EDGE('',*,*,#332,.T.);
#332 = EDGE_CURVE('',#325,#333,#335,.T.);
#333 = VERTEX_POINT('',#334);
#334 = CARTESIAN_POINT('',(1.82,10.384167058639,1.64));
#335 = LINE('',#336,#337);
#336 = CARTESIAN_POINT('',(1.82,3.28,1.64));
#337 = VECTOR('',#338,1.);
#338 = DIRECTION('',(0.,1.,0.));
#339 = ORIENTED_EDGE('',*,*,#340,.T.);
#340 = EDGE_CURVE('',#333,#341,#343,.T.);
#341 = VERTEX_POINT('',#342);
#342 = CARTESIAN_POINT('',(1.82,10.909105097964,1.752592592593));
#343 = CIRCLE('',#344,1.28);
#344 = AXIS2_PLACEMENT_3D('',#345,#346,#347);
#345 = CARTESIAN_POINT('',(1.82,10.384167058639,2.92));
#346 = DIRECTION('',(1.,0.,0.));
#347 = DIRECTION('',(-0.,1.,0.));
#348 = ORIENTED_EDGE('',*,*,#349,.T.);
#349 = EDGE_CURVE('',#341,#271,#350,.T.);
#350 = CIRCLE('',#351,0.88);
#351 = AXIS2_PLACEMENT_3D('',#352,#353,#354);
#352 = CARTESIAN_POINT('',(1.82,11.27,0.95));
#353 = DIRECTION('',(-1.,0.,0.));
#354 = DIRECTION('',(0.,1.,0.));
#355 = PLANE('',#356);
#356 = AXIS2_PLACEMENT_3D('',#357,#358,#359);
#357 = CARTESIAN_POINT('',(1.82,10.384167058639,2.92));
#358 = DIRECTION('',(1.,0.,0.));
#359 = DIRECTION('',(0.,0.,-1.));
#360 = ADVANCED_FACE('',(#361),#449,.F.);
#361 = FACE_BOUND('',#362,.T.);
#362 = EDGE_LOOP('',(#363,#373,#382,#391,#400,#408,#416,#424,#433,#442)
  );
#363 = ORIENTED_EDGE('',*,*,#364,.F.);
#364 = EDGE_CURVE('',#365,#367,#369,.T.);
#365 = VERTEX_POINT('',#366);
#366 = CARTESIAN_POINT('',(1.18,12.24,1.64));
#367 = VERTEX_POINT('',#368);
#368 = CARTESIAN_POINT('',(1.18,12.24,2.28));
#369 = LINE('',#370,#371);
#370 = CARTESIAN_POINT('',(1.18,12.24,1.63));
#371 = VECTOR('',#372,1.);
#372 = DIRECTION('',(0.,0.,1.));
#373 = ORIENTED_EDGE('',*,*,#374,.F.);
#374 = EDGE_CURVE('',#375,#365,#377,.T.);
#375 = VERTEX_POINT('',#376);
#376 = CARTESIAN_POINT('',(1.18,11.634815865992,1.750817946802));
#377 = CIRCLE('',#378,1.261419654088);
#378 = AXIS2_PLACEMENT_3D('',#379,#380,#381);
#379 = CARTESIAN_POINT('',(1.18,12.157754392681,2.898735557532));
#380 = DIRECTION('',(1.,0.,0.));
#381 = DIRECTION('',(-0.,1.,0.));
#382 = ORIENTED_EDGE('',*,*,#383,.F.);
#383 = EDGE_CURVE('',#384,#375,#386,.T.);
#384 = VERTEX_POINT('',#385);
#385 = CARTESIAN_POINT('',(1.18,10.909105097964,1.752592592593));
#386 = CIRCLE('',#387,0.88);
#387 = AXIS2_PLACEMENT_3D('',#388,#389,#390);
#388 = CARTESIAN_POINT('',(1.18,11.27,0.95));
#389 = DIRECTION('',(-1.,0.,0.));
#390 = DIRECTION('',(0.,1.,0.));
#391 = ORIENTED_EDGE('',*,*,#392,.F.);
#392 = EDGE_CURVE('',#393,#384,#395,.T.);
#393 = VERTEX_POINT('',#394);
#394 = CARTESIAN_POINT('',(1.18,10.384167058639,1.64));
#395 = CIRCLE('',#396,1.28);
#396 = AXIS2_PLACEMENT_3D('',#397,#398,#399);
#397 = CARTESIAN_POINT('',(1.18,10.384167058639,2.92));
#398 = DIRECTION('',(1.,0.,0.));
#399 = DIRECTION('',(-0.,1.,0.));
#400 = ORIENTED_EDGE('',*,*,#401,.F.);
#401 = EDGE_CURVE('',#402,#393,#404,.T.);
#402 = VERTEX_POINT('',#403);
#403 = CARTESIAN_POINT('',(1.18,9.9,1.64));
#404 = LINE('',#405,#406);
#405 = CARTESIAN_POINT('',(1.18,6.6,1.64));
#406 = VECTOR('',#407,1.);
#407 = DIRECTION('',(0.,1.,0.));
#408 = ORIENTED_EDGE('',*,*,#409,.T.);
#409 = EDGE_CURVE('',#402,#410,#412,.T.);
#410 = VERTEX_POINT('',#411);
#411 = CARTESIAN_POINT('',(1.18,9.9,2.28));
#412 = LINE('',#413,#414);
#413 = CARTESIAN_POINT('',(1.18,9.9,0.));
#414 = VECTOR('',#415,1.);
#415 = DIRECTION('',(0.,0.,1.));
#416 = ORIENTED_EDGE('',*,*,#417,.F.);
#417 = EDGE_CURVE('',#418,#410,#420,.T.);
#418 = VERTEX_POINT('',#419);
#419 = CARTESIAN_POINT('',(1.18,10.384167058639,2.28));
#420 = LINE('',#421,#422);
#421 = CARTESIAN_POINT('',(1.18,6.6,2.28));
#422 = VECTOR('',#423,1.);
#423 = DIRECTION('',(0.,-1.,0.));
#424 = ORIENTED_EDGE('',*,*,#425,.F.);
#425 = EDGE_CURVE('',#426,#418,#428,.T.);
#426 = VERTEX_POINT('',#427);
#427 = CARTESIAN_POINT('',(1.18,10.646636078302,2.336296296296));
#428 = CIRCLE('',#429,0.64);
#429 = AXIS2_PLACEMENT_3D('',#430,#431,#432);
#430 = CARTESIAN_POINT('',(1.18,10.384167058639,2.92));
#431 = DIRECTION('',(-1.,0.,0.));
#432 = DIRECTION('',(0.,1.,0.));
#433 = ORIENTED_EDGE('',*,*,#434,.F.);
#434 = EDGE_CURVE('',#435,#426,#437,.T.);
#435 = VERTEX_POINT('',#436);
#436 = CARTESIAN_POINT('',(1.18,11.900136495805,2.333230999022));
#437 = CIRCLE('',#438,1.52);
#438 = AXIS2_PLACEMENT_3D('',#439,#440,#441);
#439 = CARTESIAN_POINT('',(1.18,11.27,0.95));
#440 = DIRECTION('',(1.,0.,0.));
#441 = DIRECTION('',(0.,1.,-7.13290902951E-17));
#442 = ORIENTED_EDGE('',*,*,#443,.F.);
#443 = EDGE_CURVE('',#367,#435,#444,.T.);
#444 = CIRCLE('',#445,0.64);
#445 = AXIS2_PLACEMENT_3D('',#446,#447,#448);
#446 = CARTESIAN_POINT('',(1.18,12.165457125617,2.915644051242));
#447 = DIRECTION('',(-1.,0.,0.));
#448 = DIRECTION('',(0.,1.,0.));
#449 = PLANE('',#450);
#450 = AXIS2_PLACEMENT_3D('',#451,#452,#453);
#451 = CARTESIAN_POINT('',(1.18,10.384167058639,2.92));
#452 = DIRECTION('',(1.,0.,0.));
#453 = DIRECTION('',(0.,0.,-1.));
#454 = ADVANCED_FACE('',(#455),#489,.F.);
#455 = FACE_BOUND('',#456,.T.);
#456 = EDGE_LOOP('',(#457,#467,#475,#483));
#457 = ORIENTED_EDGE('',*,*,#458,.T.);
#458 = EDGE_CURVE('',#459,#461,#463,.T.);
#459 = VERTEX_POINT('',#460);
#460 = CARTESIAN_POINT('',(1.610564477612,13.08,1.849435522388));
#461 = VERTEX_POINT('',#462);
#462 = CARTESIAN_POINT('',(1.389435522388,13.08,1.849435522388));
#463 = LINE('',#464,#465);
#464 = CARTESIAN_POINT('',(1.82,13.08,1.849435522388));
#465 = VECTOR('',#466,1.);
#466 = DIRECTION('',(-1.,0.,0.));
#467 = ORIENTED_EDGE('',*,*,#468,.T.);
#468 = EDGE_CURVE('',#461,#469,#471,.T.);
#469 = VERTEX_POINT('',#470);
#470 = CARTESIAN_POINT('',(1.389435522388,13.08,2.070564477612));
#471 = LINE('',#472,#473);
#472 = CARTESIAN_POINT('',(1.389435522388,13.08,1.63));
#473 = VECTOR('',#474,1.);
#474 = DIRECTION('',(0.,0.,1.));
#475 = ORIENTED_EDGE('',*,*,#476,.F.);
#476 = EDGE_CURVE('',#477,#469,#479,.T.);
#477 = VERTEX_POINT('',#478);
#478 = CARTESIAN_POINT('',(1.610564477612,13.08,2.070564477612));
#479 = LINE('',#480,#481);
#480 = CARTESIAN_POINT('',(1.82,13.08,2.070564477612));
#481 = VECTOR('',#482,1.);
#482 = DIRECTION('',(-1.,0.,0.));
#483 = ORIENTED_EDGE('',*,*,#484,.F.);
#484 = EDGE_CURVE('',#459,#477,#485,.T.);
#485 = LINE('',#486,#487);
#486 = CARTESIAN_POINT('',(1.610564477612,13.08,1.63));
#487 = VECTOR('',#488,1.);
#488 = DIRECTION('',(0.,0.,1.));
#489 = PLANE('',#490);
#490 = AXIS2_PLACEMENT_3D('',#491,#492,#493);
#491 = CARTESIAN_POINT('',(1.82,13.08,1.849435522388));
#492 = DIRECTION('',(0.,-1.,-7.844849961977E-15));
#493 = DIRECTION('',(0.,7.844849961977E-15,-1.));
#494 = ADVANCED_FACE('',(#495),#529,.F.);
#495 = FACE_BOUND('',#496,.T.);
#496 = EDGE_LOOP('',(#497,#507,#515,#523));
#497 = ORIENTED_EDGE('',*,*,#498,.T.);
#498 = EDGE_CURVE('',#499,#501,#503,.T.);
#499 = VERTEX_POINT('',#500);
#500 = CARTESIAN_POINT('',(-1.4,2.44,2.070564477612));
#501 = VERTEX_POINT('',#502);
#502 = CARTESIAN_POINT('',(-1.6,2.44,2.070564477612));
#503 = LINE('',#504,#505);
#504 = CARTESIAN_POINT('',(-1.18,2.44,2.070564477612));
#505 = VECTOR('',#506,1.);
#506 = DIRECTION('',(-1.,0.,0.));
#507 = ORIENTED_EDGE('',*,*,#508,.T.);
#508 = EDGE_CURVE('',#501,#509,#511,.T.);
#509 = VERTEX_POINT('',#510);
#510 = CARTESIAN_POINT('',(-1.6,2.44,1.849435522388));
#511 = LINE('',#512,#513);
#512 = CARTESIAN_POINT('',(-1.6,2.44,3.));
#513 = VECTOR('',#514,1.);
#514 = DIRECTION('',(0.,0.,-1.));
#515 = ORIENTED_EDGE('',*,*,#516,.F.);
#516 = EDGE_CURVE('',#517,#509,#519,.T.);
#517 = VERTEX_POINT('',#518);
#518 = CARTESIAN_POINT('',(-1.4,2.44,1.849435522388));
#519 = LINE('',#520,#521);
#520 = CARTESIAN_POINT('',(-1.18,2.44,1.849435522388));
#521 = VECTOR('',#522,1.);
#522 = DIRECTION('',(-1.,0.,0.));
#523 = ORIENTED_EDGE('',*,*,#524,.F.);
#524 = EDGE_CURVE('',#499,#517,#525,.T.);
#525 = LINE('',#526,#527);
#526 = CARTESIAN_POINT('',(-1.4,2.44,3.));
#527 = VECTOR('',#528,1.);
#528 = DIRECTION('',(0.,0.,-1.));
#529 = PLANE('',#530);
#530 = AXIS2_PLACEMENT_3D('',#531,#532,#533);
#531 = CARTESIAN_POINT('',(-1.18,2.44,2.070564477612));
#532 = DIRECTION('',(0.,1.,0.));
#533 = DIRECTION('',(0.,-0.,1.));
#534 = ADVANCED_FACE('',(#535),#623,.F.);
#535 = FACE_BOUND('',#536,.T.);
#536 = EDGE_LOOP('',(#537,#547,#556,#565,#574,#582,#590,#598,#607,#616)
  );
#537 = ORIENTED_EDGE('',*,*,#538,.F.);
#538 = EDGE_CURVE('',#539,#541,#543,.T.);
#539 = VERTEX_POINT('',#540);
#540 = CARTESIAN_POINT('',(-1.18,12.24,2.28));
#541 = VERTEX_POINT('',#542);
#542 = CARTESIAN_POINT('',(-1.18,12.24,1.64));
#543 = LINE('',#544,#545);
#544 = CARTESIAN_POINT('',(-1.18,12.24,3.));
#545 = VECTOR('',#546,1.);
#546 = DIRECTION('',(0.,0.,-1.));
#547 = ORIENTED_EDGE('',*,*,#548,.T.);
#548 = EDGE_CURVE('',#539,#549,#551,.T.);
#549 = VERTEX_POINT('',#550);
#550 = CARTESIAN_POINT('',(-1.18,11.696549459527,2.167512540263));
#551 = CIRCLE('',#552,0.64);
#552 = AXIS2_PLACEMENT_3D('',#553,#554,#555);
#553 = CARTESIAN_POINT('',(-1.18,12.085169986816,1.659010735183));
#554 = DIRECTION('',(1.,0.,0.));
#555 = DIRECTION('',(-0.,1.,0.));
#556 = ORIENTED_EDGE('',*,*,#557,.T.);
#557 = EDGE_CURVE('',#549,#558,#560,.T.);
#558 = VERTEX_POINT('',#559);
#559 = CARTESIAN_POINT('',(-1.18,10.974525941946,2.167407407407));
#560 = CIRCLE('',#561,0.88);
#561 = AXIS2_PLACEMENT_3D('',#562,#563,#564);
#562 = CARTESIAN_POINT('',(-1.18,11.335420843982,2.97));
#563 = DIRECTION('',(-1.,0.,0.));
#564 = DIRECTION('',(0.,1.,0.));
#565 = ORIENTED_EDGE('',*,*,#566,.T.);
#566 = EDGE_CURVE('',#558,#567,#569,.T.);
#567 = VERTEX_POINT('',#568);
#568 = CARTESIAN_POINT('',(-1.18,10.449587902621,2.28));
#569 = CIRCLE('',#570,1.28);
#570 = AXIS2_PLACEMENT_3D('',#571,#572,#573);
#571 = CARTESIAN_POINT('',(-1.18,10.449587902621,1.));
#572 = DIRECTION('',(1.,0.,0.));
#573 = DIRECTION('',(-0.,1.,0.));
#574 = ORIENTED_EDGE('',*,*,#575,.T.);
#575 = EDGE_CURVE('',#567,#576,#578,.T.);
#576 = VERTEX_POINT('',#577);
#577 = CARTESIAN_POINT('',(-1.18,9.9,2.28));
#578 = LINE('',#579,#580);
#579 = CARTESIAN_POINT('',(-1.18,10.449587902621,2.28));
#580 = VECTOR('',#581,1.);
#581 = DIRECTION('',(0.,-1.,-2.253128802171E-16));
#582 = ORIENTED_EDGE('',*,*,#583,.T.);
#583 = EDGE_CURVE('',#576,#584,#586,.T.);
#584 = VERTEX_POINT('',#585);
#585 = CARTESIAN_POINT('',(-1.18,9.9,1.64));
#586 = LINE('',#587,#588);
#587 = CARTESIAN_POINT('',(-1.18,9.9,0.));
#588 = VECTOR('',#589,1.);
#589 = DIRECTION('',(0.,0.,-1.));
#590 = ORIENTED_EDGE('',*,*,#591,.T.);
#591 = EDGE_CURVE('',#584,#592,#594,.T.);
#592 = VERTEX_POINT('',#593);
#593 = CARTESIAN_POINT('',(-1.18,10.449587902621,1.64));
#594 = LINE('',#595,#596);
#595 = CARTESIAN_POINT('',(-1.18,3.28,1.64));
#596 = VECTOR('',#597,1.);
#597 = DIRECTION('',(0.,1.,-6.531338388467E-17));
#598 = ORIENTED_EDGE('',*,*,#599,.T.);
#599 = EDGE_CURVE('',#592,#600,#602,.T.);
#600 = VERTEX_POINT('',#601);
#601 = CARTESIAN_POINT('',(-1.18,10.712056922284,1.583703703704));
#602 = CIRCLE('',#603,0.64);
#603 = AXIS2_PLACEMENT_3D('',#604,#605,#606);
#604 = CARTESIAN_POINT('',(-1.18,10.449587902621,1.));
#605 = DIRECTION('',(-1.,0.,0.));
#606 = DIRECTION('',(0.,1.,0.));
#607 = ORIENTED_EDGE('',*,*,#608,.T.);
#608 = EDGE_CURVE('',#600,#609,#611,.T.);
#609 = VERTEX_POINT('',#610);
#610 = CARTESIAN_POINT('',(-1.18,11.959188452651,1.583885296819));
#611 = CIRCLE('',#612,1.52);
#612 = AXIS2_PLACEMENT_3D('',#613,#614,#615);
#613 = CARTESIAN_POINT('',(-1.18,11.335420843982,2.97));
#614 = DIRECTION('',(1.,0.,0.));
#615 = DIRECTION('',(-0.,1.,0.));
#616 = ORIENTED_EDGE('',*,*,#617,.T.);
#617 = EDGE_CURVE('',#609,#541,#618,.T.);
#618 = CIRCLE('',#619,0.64);
#619 = AXIS2_PLACEMENT_3D('',#620,#621,#622);
#620 = CARTESIAN_POINT('',(-1.18,12.221827445775,1.000258053374));
#621 = DIRECTION('',(-1.,0.,0.));
#622 = DIRECTION('',(0.,1.,0.));
#623 = PLANE('',#624);
#624 = AXIS2_PLACEMENT_3D('',#625,#626,#627);
#625 = CARTESIAN_POINT('',(-1.18,10.449587902621,1.));
#626 = DIRECTION('',(-1.,0.,0.));
#627 = DIRECTION('',(0.,0.,1.));
#628 = ADVANCED_FACE('',(#629),#717,.T.);
#629 = FACE_BOUND('',#630,.T.);
#630 = EDGE_LOOP('',(#631,#642,#650,#659,#668,#677,#685,#693,#701,#710)
  );
#631 = ORIENTED_EDGE('',*,*,#632,.F.);
#632 = EDGE_CURVE('',#633,#635,#637,.T.);
#633 = VERTEX_POINT('',#634);
#634 = CARTESIAN_POINT('',(-1.82,12.24,2.28));
#635 = VERTEX_POINT('',#636);
#636 = CARTESIAN_POINT('',(-1.82,11.696549459527,2.167512540263));
#637 = CIRCLE('',#638,0.64);
#638 = AXIS2_PLACEMENT_3D('',#639,#640,#641);
#639 = CARTESIAN_POINT('',(-1.82,12.085169986816,1.659010735183));
#640 = DIRECTION('',(1.,0.,0.));
#641 = DIRECTION('',(-0.,1.,0.));
#642 = ORIENTED_EDGE('',*,*,#643,.T.);
#643 = EDGE_CURVE('',#633,#644,#646,.T.);
#644 = VERTEX_POINT('',#645);
#645 = CARTESIAN_POINT('',(-1.82,12.24,1.64));
#646 = LINE('',#647,#648);
#647 = CARTESIAN_POINT('',(-1.82,12.24,3.));
#648 = VECTOR('',#649,1.);
#649 = DIRECTION('',(0.,0.,-1.));
#650 = ORIENTED_EDGE('',*,*,#651,.F.);
#651 = EDGE_CURVE('',#652,#644,#654,.T.);
#652 = VERTEX_POINT('',#653);
#653 = CARTESIAN_POINT('',(-1.82,11.959188452651,1.583885296819));
#654 = CIRCLE('',#655,0.64);
#655 = AXIS2_PLACEMENT_3D('',#656,#657,#658);
#656 = CARTESIAN_POINT('',(-1.82,12.221827445775,1.000258053374));
#657 = DIRECTION('',(-1.,0.,0.));
#658 = DIRECTION('',(0.,1.,0.));
#659 = ORIENTED_EDGE('',*,*,#660,.F.);
#660 = EDGE_CURVE('',#661,#652,#663,.T.);
#661 = VERTEX_POINT('',#662);
#662 = CARTESIAN_POINT('',(-1.82,10.712056922284,1.583703703704));
#663 = CIRCLE('',#664,1.52);
#664 = AXIS2_PLACEMENT_3D('',#665,#666,#667);
#665 = CARTESIAN_POINT('',(-1.82,11.335420843982,2.97));
#666 = DIRECTION('',(1.,0.,0.));
#667 = DIRECTION('',(-0.,1.,0.));
#668 = ORIENTED_EDGE('',*,*,#669,.F.);
#669 = EDGE_CURVE('',#670,#661,#672,.T.);
#670 = VERTEX_POINT('',#671);
#671 = CARTESIAN_POINT('',(-1.82,10.449587902621,1.64));
#672 = CIRCLE('',#673,0.64);
#673 = AXIS2_PLACEMENT_3D('',#674,#675,#676);
#674 = CARTESIAN_POINT('',(-1.82,10.449587902621,1.));
#675 = DIRECTION('',(-1.,0.,0.));
#676 = DIRECTION('',(0.,1.,0.));
#677 = ORIENTED_EDGE('',*,*,#678,.F.);
#678 = EDGE_CURVE('',#679,#670,#681,.T.);
#679 = VERTEX_POINT('',#680);
#680 = CARTESIAN_POINT('',(-1.82,9.9,1.64));
#681 = LINE('',#682,#683);
#682 = CARTESIAN_POINT('',(-1.82,6.6,1.64));
#683 = VECTOR('',#684,1.);
#684 = DIRECTION('',(0.,1.,0.));
#685 = ORIENTED_EDGE('',*,*,#686,.F.);
#686 = EDGE_CURVE('',#687,#679,#689,.T.);
#687 = VERTEX_POINT('',#688);
#688 = CARTESIAN_POINT('',(-1.82,9.9,2.28));
#689 = LINE('',#690,#691);
#690 = CARTESIAN_POINT('',(-1.82,9.9,0.));
#691 = VECTOR('',#692,1.);
#692 = DIRECTION('',(0.,0.,-1.));
#693 = ORIENTED_EDGE('',*,*,#694,.F.);
#694 = EDGE_CURVE('',#695,#687,#697,.T.);
#695 = VERTEX_POINT('',#696);
#696 = CARTESIAN_POINT('',(-1.82,10.449587902621,2.28));
#697 = LINE('',#698,#699);
#698 = CARTESIAN_POINT('',(-1.82,6.6,2.28));
#699 = VECTOR('',#700,1.);
#700 = DIRECTION('',(0.,-1.,-1.306267677693E-16));
#701 = ORIENTED_EDGE('',*,*,#702,.F.);
#702 = EDGE_CURVE('',#703,#695,#705,.T.);
#703 = VERTEX_POINT('',#704);
#704 = CARTESIAN_POINT('',(-1.82,10.974525941946,2.167407407407));
#705 = CIRCLE('',#706,1.28);
#706 = AXIS2_PLACEMENT_3D('',#707,#708,#709);
#707 = CARTESIAN_POINT('',(-1.82,10.449587902621,1.));
#708 = DIRECTION('',(1.,0.,0.));
#709 = DIRECTION('',(-0.,1.,0.));
#710 = ORIENTED_EDGE('',*,*,#711,.F.);
#711 = EDGE_CURVE('',#635,#703,#712,.T.);
#712 = CIRCLE('',#713,0.88);
#713 = AXIS2_PLACEMENT_3D('',#714,#715,#716);
#714 = CARTESIAN_POINT('',(-1.82,11.335420843982,2.97));
#715 = DIRECTION('',(-1.,0.,0.));
#716 = DIRECTION('',(0.,1.,0.));
#717 = PLANE('',#718);
#718 = AXIS2_PLACEMENT_3D('',#719,#720,#721);
#719 = CARTESIAN_POINT('',(-1.82,10.449587902621,1.));
#720 = DIRECTION('',(-1.,0.,0.));
#721 = DIRECTION('',(0.,0.,1.));
#722 = ADVANCED_FACE('',(#723),#757,.F.);
#723 = FACE_BOUND('',#724,.T.);
#724 = EDGE_LOOP('',(#725,#735,#743,#751));
#725 = ORIENTED_EDGE('',*,*,#726,.F.);
#726 = EDGE_CURVE('',#727,#729,#731,.T.);
#727 = VERTEX_POINT('',#728);
#728 = CARTESIAN_POINT('',(-1.4,13.08,2.070564477612));
#729 = VERTEX_POINT('',#730);
#730 = CARTESIAN_POINT('',(-1.6,13.08,2.070564477612));
#731 = LINE('',#732,#733);
#732 = CARTESIAN_POINT('',(-1.18,13.08,2.070564477612));
#733 = VECTOR('',#734,1.);
#734 = DIRECTION('',(-1.,0.,0.));
#735 = ORIENTED_EDGE('',*,*,#736,.T.);
#736 = EDGE_CURVE('',#727,#737,#739,.T.);
#737 = VERTEX_POINT('',#738);
#738 = CARTESIAN_POINT('',(-1.4,13.08,1.849435522388));
#739 = LINE('',#740,#741);
#740 = CARTESIAN_POINT('',(-1.4,13.08,3.));
#741 = VECTOR('',#742,1.);
#742 = DIRECTION('',(0.,0.,-1.));
#743 = ORIENTED_EDGE('',*,*,#744,.T.);
#744 = EDGE_CURVE('',#737,#745,#747,.T.);
#745 = VERTEX_POINT('',#746);
#746 = CARTESIAN_POINT('',(-1.6,13.08,1.849435522388));
#747 = LINE('',#748,#749);
#748 = CARTESIAN_POINT('',(-1.18,13.08,1.849435522388));
#749 = VECTOR('',#750,1.);
#750 = DIRECTION('',(-1.,0.,0.));
#751 = ORIENTED_EDGE('',*,*,#752,.F.);
#752 = EDGE_CURVE('',#729,#745,#753,.T.);
#753 = LINE('',#754,#755);
#754 = CARTESIAN_POINT('',(-1.6,13.08,3.));
#755 = VECTOR('',#756,1.);
#756 = DIRECTION('',(0.,0.,-1.));
#757 = PLANE('',#758);
#758 = AXIS2_PLACEMENT_3D('',#759,#760,#761);
#759 = CARTESIAN_POINT('',(-1.18,13.08,1.849435522388));
#760 = DIRECTION('',(0.,-1.,0.));
#761 = DIRECTION('',(0.,0.,-1.));
#762 = ADVANCED_FACE('',(#763,#779,#845),#861,.F.);
#763 = FACE_BOUND('',#764,.T.);
#764 = EDGE_LOOP('',(#765,#771,#772,#778));
#765 = ORIENTED_EDGE('',*,*,#766,.F.);
#766 = EDGE_CURVE('',#325,#402,#767,.T.);
#767 = LINE('',#768,#769);
#768 = CARTESIAN_POINT('',(0.,9.9,1.64));
#769 = VECTOR('',#770,1.);
#770 = DIRECTION('',(-1.,0.,0.));
#771 = ORIENTED_EDGE('',*,*,#324,.T.);
#772 = ORIENTED_EDGE('',*,*,#773,.F.);
#773 = EDGE_CURVE('',#410,#317,#774,.T.);
#774 = LINE('',#775,#776);
#775 = CARTESIAN_POINT('',(0.,9.9,2.28));
#776 = VECTOR('',#777,1.);
#777 = DIRECTION('',(1.,0.,0.));
#778 = ORIENTED_EDGE('',*,*,#409,.F.);
#779 = FACE_BOUND('',#780,.T.);
#780 = EDGE_LOOP('',(#781,#791,#799,#807,#815,#823,#831,#839));
#781 = ORIENTED_EDGE('',*,*,#782,.F.);
#782 = EDGE_CURVE('',#783,#785,#787,.T.);
#783 = VERTEX_POINT('',#784);
#784 = CARTESIAN_POINT('',(-4.185,9.9,0.39));
#785 = VERTEX_POINT('',#786);
#786 = CARTESIAN_POINT('',(-4.185,9.9,2.710505431214E-16));
#787 = LINE('',#788,#789);
#788 = CARTESIAN_POINT('',(-4.185,9.9,0.39));
#789 = VECTOR('',#790,1.);
#790 = DIRECTION('',(0.,0.,-1.));
#791 = ORIENTED_EDGE('',*,*,#792,.T.);
#792 = EDGE_CURVE('',#783,#793,#795,.T.);
#793 = VERTEX_POINT('',#794);
#794 = CARTESIAN_POINT('',(-4.825,9.9,0.39));
#795 = LINE('',#796,#797);
#796 = CARTESIAN_POINT('',(-4.185,9.9,0.39));
#797 = VECTOR('',#798,1.);
#798 = DIRECTION('',(-1.,0.,0.));
#799 = ORIENTED_EDGE('',*,*,#800,.F.);
#800 = EDGE_CURVE('',#801,#793,#803,.T.);
#801 = VERTEX_POINT('',#802);
#802 = CARTESIAN_POINT('',(-4.825,9.9,3.86));
#803 = LINE('',#804,#805);
#804 = CARTESIAN_POINT('',(-4.825,9.9,3.86));
#805 = VECTOR('',#806,1.);
#806 = DIRECTION('',(2.247051134685E-16,0.,-1.));
#807 = ORIENTED_EDGE('',*,*,#808,.F.);
#808 = EDGE_CURVE('',#809,#801,#811,.T.);
#809 = VERTEX_POINT('',#810);
#810 = CARTESIAN_POINT('',(4.825,9.9,3.86));
#811 = LINE('',#812,#813);
#812 = CARTESIAN_POINT('',(4.825,9.9,3.86));
#813 = VECTOR('',#814,1.);
#814 = DIRECTION('',(-1.,0.,-5.392922723244E-16));
#815 = ORIENTED_EDGE('',*,*,#816,.F.);
#816 = EDGE_CURVE('',#817,#809,#819,.T.);
#817 = VERTEX_POINT('',#818);
#818 = CARTESIAN_POINT('',(4.825,9.9,0.39));
#819 = LINE('',#820,#821);
#820 = CARTESIAN_POINT('',(4.825,9.9,4.440892098501E-16));
#821 = VECTOR('',#822,1.);
#822 = DIRECTION('',(0.,0.,1.));
#823 = ORIENTED_EDGE('',*,*,#824,.F.);
#824 = EDGE_CURVE('',#825,#817,#827,.T.);
#825 = VERTEX_POINT('',#826);
#826 = CARTESIAN_POINT('',(4.185,9.9,0.39));
#827 = LINE('',#828,#829);
#828 = CARTESIAN_POINT('',(4.185,9.9,0.39));
#829 = VECTOR('',#830,1.);
#830 = DIRECTION('',(1.,0.,0.));
#831 = ORIENTED_EDGE('',*,*,#832,.T.);
#832 = EDGE_CURVE('',#825,#833,#835,.T.);
#833 = VERTEX_POINT('',#834);
#834 = CARTESIAN_POINT('',(4.185,9.9,2.954460402943E-16));
#835 = LINE('',#836,#837);
#836 = CARTESIAN_POINT('',(4.185,9.9,0.39));
#837 = VECTOR('',#838,1.);
#838 = DIRECTION('',(0.,0.,-1.));
#839 = ORIENTED_EDGE('',*,*,#840,.F.);
#840 = EDGE_CURVE('',#785,#833,#841,.T.);
#841 = LINE('',#842,#843);
#842 = CARTESIAN_POINT('',(-4.825,9.9,2.954460402943E-16));
#843 = VECTOR('',#844,1.);
#844 = DIRECTION('',(1.,0.,0.));
#845 = FACE_BOUND('',#846,.T.);
#846 = EDGE_LOOP('',(#847,#848,#854,#855));
#847 = ORIENTED_EDGE('',*,*,#583,.F.);
#848 = ORIENTED_EDGE('',*,*,#849,.F.);
#849 = EDGE_CURVE('',#687,#576,#850,.T.);
#850 = LINE('',#851,#852);
#851 = CARTESIAN_POINT('',(0.,9.9,2.28));
#852 = VECTOR('',#853,1.);
#853 = DIRECTION('',(1.,0.,0.));
#854 = ORIENTED_EDGE('',*,*,#686,.T.);
#855 = ORIENTED_EDGE('',*,*,#856,.F.);
#856 = EDGE_CURVE('',#584,#679,#857,.T.);
#857 = LINE('',#858,#859);
#858 = CARTESIAN_POINT('',(0.,9.9,1.64));
#859 = VECTOR('',#860,1.);
#860 = DIRECTION('',(-1.,0.,0.));
#861 = PLANE('',#862);
#862 = AXIS2_PLACEMENT_3D('',#863,#864,#865);
#863 = CARTESIAN_POINT('',(0.,9.9,0.));
#864 = DIRECTION('',(0.,-1.,0.));
#865 = DIRECTION('',(0.,0.,-1.));
#866 = ADVANCED_FACE('',(#867,#901),#935,.T.);
#867 = FACE_BOUND('',#868,.T.);
#868 = EDGE_LOOP('',(#869,#879,#887,#895));
#869 = ORIENTED_EDGE('',*,*,#870,.F.);
#870 = EDGE_CURVE('',#871,#873,#875,.T.);
#871 = VERTEX_POINT('',#872);
#872 = CARTESIAN_POINT('',(-2.77,6.6,0.66));
#873 = VERTEX_POINT('',#874);
#874 = CARTESIAN_POINT('',(-2.77,6.6,3.2));
#875 = LINE('',#876,#877);
#876 = CARTESIAN_POINT('',(-2.77,6.6,3.2));
#877 = VECTOR('',#878,1.);
#878 = DIRECTION('',(-3.41480999208E-16,0.,1.));
#879 = ORIENTED_EDGE('',*,*,#880,.F.);
#880 = EDGE_CURVE('',#881,#871,#883,.T.);
#881 = VERTEX_POINT('',#882);
#882 = CARTESIAN_POINT('',(-0.23,6.6,0.66));
#883 = LINE('',#884,#885);
#884 = CARTESIAN_POINT('',(-2.77,6.6,0.66));
#885 = VECTOR('',#886,1.);
#886 = DIRECTION('',(-1.,0.,-1.70740499604E-16));
#887 = ORIENTED_EDGE('',*,*,#888,.F.);
#888 = EDGE_CURVE('',#889,#881,#891,.T.);
#889 = VERTEX_POINT('',#890);
#890 = CARTESIAN_POINT('',(-0.23,6.6,3.2));
#891 = LINE('',#892,#893);
#892 = CARTESIAN_POINT('',(-0.23,6.6,0.66));
#893 = VECTOR('',#894,1.);
#894 = DIRECTION('',(8.537024980201E-17,0.,-1.));
#895 = ORIENTED_EDGE('',*,*,#896,.F.);
#896 = EDGE_CURVE('',#873,#889,#897,.T.);
#897 = LINE('',#898,#899);
#898 = CARTESIAN_POINT('',(-0.23,6.6,3.2));
#899 = VECTOR('',#900,1.);
#900 = DIRECTION('',(1.,0.,1.70740499604E-16));
#901 = FACE_BOUND('',#902,.T.);
#902 = EDGE_LOOP('',(#903,#913,#921,#929));
#903 = ORIENTED_EDGE('',*,*,#904,.T.);
#904 = EDGE_CURVE('',#905,#907,#909,.T.);
#905 = VERTEX_POINT('',#906);
#906 = CARTESIAN_POINT('',(-1.82,6.6,2.28));
#907 = VERTEX_POINT('',#908);
#908 = CARTESIAN_POINT('',(-1.18,6.6,2.28));
#909 = LINE('',#910,#911);
#910 = CARTESIAN_POINT('',(0.,6.6,2.28));
#911 = VECTOR('',#912,1.);
#912 = DIRECTION('',(1.,0.,0.));
#913 = ORIENTED_EDGE('',*,*,#914,.T.);
#914 = EDGE_CURVE('',#907,#915,#917,.T.);
#915 = VERTEX_POINT('',#916);
#916 = CARTESIAN_POINT('',(-1.18,6.6,1.64));
#917 = LINE('',#918,#919);
#918 = CARTESIAN_POINT('',(-1.18,6.6,0.));
#919 = VECTOR('',#920,1.);
#920 = DIRECTION('',(0.,0.,-1.));
#921 = ORIENTED_EDGE('',*,*,#922,.T.);
#922 = EDGE_CURVE('',#915,#923,#925,.T.);
#923 = VERTEX_POINT('',#924);
#924 = CARTESIAN_POINT('',(-1.82,6.6,1.64));
#925 = LINE('',#926,#927);
#926 = CARTESIAN_POINT('',(0.,6.6,1.64));
#927 = VECTOR('',#928,1.);
#928 = DIRECTION('',(-1.,0.,0.));
#929 = ORIENTED_EDGE('',*,*,#930,.F.);
#930 = EDGE_CURVE('',#905,#923,#931,.T.);
#931 = LINE('',#932,#933);
#932 = CARTESIAN_POINT('',(-1.82,6.6,0.));
#933 = VECTOR('',#934,1.);
#934 = DIRECTION('',(0.,0.,-1.));
#935 = PLANE('',#936);
#936 = AXIS2_PLACEMENT_3D('',#937,#938,#939);
#937 = CARTESIAN_POINT('',(0.,6.6,0.));
#938 = DIRECTION('',(0.,-1.,0.));
#939 = DIRECTION('',(0.,0.,-1.));
#940 = ADVANCED_FACE('',(#941),#967,.F.);
#941 = FACE_BOUND('',#942,.T.);
#942 = EDGE_LOOP('',(#943,#953,#961));
#943 = ORIENTED_EDGE('',*,*,#944,.T.);
#944 = EDGE_CURVE('',#945,#947,#949,.T.);
#945 = VERTEX_POINT('',#946);
#946 = CARTESIAN_POINT('',(-4.505,11.3,-6.000000000001E-02));
#947 = VERTEX_POINT('',#948);
#948 = CARTESIAN_POINT('',(-4.185,11.05,-0.51));
#949 = LINE('',#950,#951);
#950 = CARTESIAN_POINT('',(-4.185,11.05,-0.51));
#951 = VECTOR('',#952,1.);
#952 = DIRECTION('',(0.527934936028,-0.412449168772,-0.74240850379));
#953 = ORIENTED_EDGE('',*,*,#954,.T.);
#954 = EDGE_CURVE('',#947,#955,#957,.T.);
#955 = VERTEX_POINT('',#956);
#956 = CARTESIAN_POINT('',(-4.825,11.05,-0.51));
#957 = LINE('',#958,#959);
#958 = CARTESIAN_POINT('',(-4.185,11.05,-0.51));
#959 = VECTOR('',#960,1.);
#960 = DIRECTION('',(-1.,0.,0.));
#961 = ORIENTED_EDGE('',*,*,#962,.T.);
#962 = EDGE_CURVE('',#955,#945,#963,.T.);
#963 = LINE('',#964,#965);
#964 = CARTESIAN_POINT('',(-4.646622210125,11.18935764834,
    -0.259156232989));
#965 = VECTOR('',#966,1.);
#966 = DIRECTION('',(0.527934936028,0.412449168772,0.74240850379));
#967 = PLANE('',#968);
#968 = AXIS2_PLACEMENT_3D('',#969,#970,#971);
#969 = CARTESIAN_POINT('',(-4.185,11.05,-0.51));
#970 = DIRECTION('',(0.,-0.874157276122,0.485642931179));
#971 = DIRECTION('',(0.,-0.485642931179,-0.874157276122));
#972 = ADVANCED_FACE('',(#973),#997,.F.);
#973 = FACE_BOUND('',#974,.T.);
#974 = EDGE_LOOP('',(#975,#983,#991));
#975 = ORIENTED_EDGE('',*,*,#976,.T.);
#976 = EDGE_CURVE('',#977,#945,#979,.T.);
#977 = VERTEX_POINT('',#978);
#978 = CARTESIAN_POINT('',(-4.185,11.05,0.39));
#979 = LINE('',#980,#981);
#980 = CARTESIAN_POINT('',(-4.415811105063,11.23032117583,
    6.542188350572E-02));
#981 = VECTOR('',#982,1.);
#982 = DIRECTION('',(-0.527934936028,0.412449168772,-0.74240850379));
#983 = ORIENTED_EDGE('',*,*,#984,.T.);
#984 = EDGE_CURVE('',#945,#985,#987,.T.);
#985 = VERTEX_POINT('',#986);
#986 = CARTESIAN_POINT('',(-4.825,11.05,0.39));
#987 = LINE('',#988,#989);
#988 = CARTESIAN_POINT('',(-4.415811105063,11.36967882417,
    -0.185421883506));
#989 = VECTOR('',#990,1.);
#990 = DIRECTION('',(-0.527934936028,-0.412449168772,0.74240850379));
#991 = ORIENTED_EDGE('',*,*,#992,.F.);
#992 = EDGE_CURVE('',#977,#985,#993,.T.);
#993 = LINE('',#994,#995);
#994 = CARTESIAN_POINT('',(-4.185,11.05,0.39));
#995 = VECTOR('',#996,1.);
#996 = DIRECTION('',(-1.,0.,0.));
#997 = PLANE('',#998);
#998 = AXIS2_PLACEMENT_3D('',#999,#1000,#1001);
#999 = CARTESIAN_POINT('',(-4.185,11.3,-6.E-02));
#1000 = DIRECTION('',(0.,-0.874157276122,-0.485642931179));
#1001 = DIRECTION('',(0.,0.485642931179,-0.874157276122));
#1002 = ADVANCED_FACE('',(#1003),#1032,.T.);
#1003 = FACE_BOUND('',#1004,.T.);
#1004 = EDGE_LOOP('',(#1005,#1013,#1019,#1025,#1026));
#1005 = ORIENTED_EDGE('',*,*,#1006,.T.);
#1006 = EDGE_CURVE('',#1007,#947,#1009,.T.);
#1007 = VERTEX_POINT('',#1008);
#1008 = CARTESIAN_POINT('',(-4.185,9.9,-0.51));
#1009 = LINE('',#1010,#1011);
#1010 = CARTESIAN_POINT('',(-4.185,9.9,-0.51));
#1011 = VECTOR('',#1012,1.);
#1012 = DIRECTION('',(0.,1.,0.));
#1013 = ORIENTED_EDGE('',*,*,#1014,.T.);
#1014 = EDGE_CURVE('',#947,#977,#1015,.T.);
#1015 = LINE('',#1016,#1017);
#1016 = CARTESIAN_POINT('',(-4.185,11.05,-8.52));
#1017 = VECTOR('',#1018,1.);
#1018 = DIRECTION('',(0.,-1.41417674672E-16,1.));
#1019 = ORIENTED_EDGE('',*,*,#1020,.T.);
#1020 = EDGE_CURVE('',#977,#783,#1021,.T.);
#1021 = LINE('',#1022,#1023);
#1022 = CARTESIAN_POINT('',(-4.185,11.05,0.39));
#1023 = VECTOR('',#1024,1.);
#1024 = DIRECTION('',(0.,-1.,-1.41417674672E-16));
#1025 = ORIENTED_EDGE('',*,*,#782,.T.);
#1026 = ORIENTED_EDGE('',*,*,#1027,.T.);
#1027 = EDGE_CURVE('',#785,#1007,#1028,.T.);
#1028 = LINE('',#1029,#1030);
#1029 = CARTESIAN_POINT('',(-4.185,9.9,0.39));
#1030 = VECTOR('',#1031,1.);
#1031 = DIRECTION('',(0.,0.,-1.));
#1032 = PLANE('',#1033);
#1033 = AXIS2_PLACEMENT_3D('',#1034,#1035,#1036);
#1034 = CARTESIAN_POINT('',(-4.185,0.,0.));
#1035 = DIRECTION('',(1.,0.,0.));
#1036 = DIRECTION('',(0.,0.,-1.));
#1037 = ADVANCED_FACE('',(#1038),#1111,.T.);
#1038 = FACE_BOUND('',#1039,.T.);
#1039 = EDGE_LOOP('',(#1040,#1050,#1058,#1064,#1065,#1073,#1081,#1089,
    #1097,#1105));
#1040 = ORIENTED_EDGE('',*,*,#1041,.F.);
#1041 = EDGE_CURVE('',#1042,#1044,#1046,.T.);
#1042 = VERTEX_POINT('',#1043);
#1043 = CARTESIAN_POINT('',(4.825,11.05,-0.51));
#1044 = VERTEX_POINT('',#1045);
#1045 = CARTESIAN_POINT('',(4.825,8.05,-0.51));
#1046 = LINE('',#1047,#1048);
#1047 = CARTESIAN_POINT('',(4.825,8.05,-0.51));
#1048 = VECTOR('',#1049,1.);
#1049 = DIRECTION('',(-4.688441826964E-16,-1.,0.));
#1050 = ORIENTED_EDGE('',*,*,#1051,.T.);
#1051 = EDGE_CURVE('',#1042,#1052,#1054,.T.);
#1052 = VERTEX_POINT('',#1053);
#1053 = CARTESIAN_POINT('',(4.825,11.05,0.39));
#1054 = LINE('',#1055,#1056);
#1055 = CARTESIAN_POINT('',(4.825,11.05,-8.52));
#1056 = VECTOR('',#1057,1.);
#1057 = DIRECTION('',(0.,-1.41417674672E-16,1.));
#1058 = ORIENTED_EDGE('',*,*,#1059,.T.);
#1059 = EDGE_CURVE('',#1052,#817,#1060,.T.);
#1060 = LINE('',#1061,#1062);
#1061 = CARTESIAN_POINT('',(4.825,11.05,0.39));
#1062 = VECTOR('',#1063,1.);
#1063 = DIRECTION('',(0.,-1.,-1.41417674672E-16));
#1064 = ORIENTED_EDGE('',*,*,#816,.T.);
#1065 = ORIENTED_EDGE('',*,*,#1066,.T.);
#1066 = EDGE_CURVE('',#809,#1067,#1069,.T.);
#1067 = VERTEX_POINT('',#1068);
#1068 = CARTESIAN_POINT('',(4.825,1.668455029632,3.86));
#1069 = LINE('',#1070,#1071);
#1070 = CARTESIAN_POINT('',(4.825,9.9,3.86));
#1071 = VECTOR('',#1072,1.);
#1072 = DIRECTION('',(0.,-1.,0.));
#1073 = ORIENTED_EDGE('',*,*,#1074,.T.);
#1074 = EDGE_CURVE('',#1067,#1075,#1077,.T.);
#1075 = VERTEX_POINT('',#1076);
#1076 = CARTESIAN_POINT('',(4.825,1.668455029632,3.22));
#1077 = LINE('',#1078,#1079);
#1078 = CARTESIAN_POINT('',(4.825,1.668455029632,38.214));
#1079 = VECTOR('',#1080,1.);
#1080 = DIRECTION('',(0.,0.,-1.));
#1081 = ORIENTED_EDGE('',*,*,#1082,.T.);
#1082 = EDGE_CURVE('',#1075,#1083,#1085,.T.);
#1083 = VERTEX_POINT('',#1084);
#1084 = CARTESIAN_POINT('',(4.825,1.668455029632,1.15));
#1085 = LINE('',#1086,#1087);
#1086 = CARTESIAN_POINT('',(4.825,1.668455029632,3.22));
#1087 = VECTOR('',#1088,1.);
#1088 = DIRECTION('',(0.,0.,-1.));
#1089 = ORIENTED_EDGE('',*,*,#1090,.T.);
#1090 = EDGE_CURVE('',#1083,#1091,#1093,.T.);
#1091 = VERTEX_POINT('',#1092);
#1092 = CARTESIAN_POINT('',(4.825,1.668455029632,0.51));
#1093 = LINE('',#1094,#1095);
#1094 = CARTESIAN_POINT('',(4.825,1.668455029632,38.214));
#1095 = VECTOR('',#1096,1.);
#1096 = DIRECTION('',(0.,0.,-1.));
#1097 = ORIENTED_EDGE('',*,*,#1098,.T.);
#1098 = EDGE_CURVE('',#1091,#1099,#1101,.T.);
#1099 = VERTEX_POINT('',#1100);
#1100 = CARTESIAN_POINT('',(4.825,8.05,0.51));
#1101 = LINE('',#1102,#1103);
#1102 = CARTESIAN_POINT('',(4.825,9.9,0.51));
#1103 = VECTOR('',#1104,1.);
#1104 = DIRECTION('',(0.,1.,0.));
#1105 = ORIENTED_EDGE('',*,*,#1106,.T.);
#1106 = EDGE_CURVE('',#1099,#1044,#1107,.T.);
#1107 = LINE('',#1108,#1109);
#1108 = CARTESIAN_POINT('',(4.825,8.05,-0.51));
#1109 = VECTOR('',#1110,1.);
#1110 = DIRECTION('',(0.,0.,-1.));
#1111 = PLANE('',#1112);
#1112 = AXIS2_PLACEMENT_3D('',#1113,#1114,#1115);
#1113 = CARTESIAN_POINT('',(4.825,9.9,4.440892098501E-16));
#1114 = DIRECTION('',(1.,0.,0.));
#1115 = DIRECTION('',(0.,0.,-1.));
#1116 = ADVANCED_FACE('',(#1117),#1150,.F.);
#1117 = FACE_BOUND('',#1118,.T.);
#1118 = EDGE_LOOP('',(#1119,#1129,#1137,#1143,#1144));
#1119 = ORIENTED_EDGE('',*,*,#1120,.F.);
#1120 = EDGE_CURVE('',#1121,#1123,#1125,.T.);
#1121 = VERTEX_POINT('',#1122);
#1122 = CARTESIAN_POINT('',(4.185,11.05,-0.51));
#1123 = VERTEX_POINT('',#1124);
#1124 = CARTESIAN_POINT('',(4.185,11.05,0.39));
#1125 = LINE('',#1126,#1127);
#1126 = CARTESIAN_POINT('',(4.185,11.05,-8.52));
#1127 = VECTOR('',#1128,1.);
#1128 = DIRECTION('',(0.,-1.41417674672E-16,1.));
#1129 = ORIENTED_EDGE('',*,*,#1130,.F.);
#1130 = EDGE_CURVE('',#1131,#1121,#1133,.T.);
#1131 = VERTEX_POINT('',#1132);
#1132 = CARTESIAN_POINT('',(4.185,9.9,-0.51));
#1133 = LINE('',#1134,#1135);
#1134 = CARTESIAN_POINT('',(4.185,9.9,-0.51));
#1135 = VECTOR('',#1136,1.);
#1136 = DIRECTION('',(0.,1.,0.));
#1137 = ORIENTED_EDGE('',*,*,#1138,.F.);
#1138 = EDGE_CURVE('',#833,#1131,#1139,.T.);
#1139 = LINE('',#1140,#1141);
#1140 = CARTESIAN_POINT('',(4.185,9.9,0.39));
#1141 = VECTOR('',#1142,1.);
#1142 = DIRECTION('',(0.,0.,-1.));
#1143 = ORIENTED_EDGE('',*,*,#832,.F.);
#1144 = ORIENTED_EDGE('',*,*,#1145,.F.);
#1145 = EDGE_CURVE('',#1123,#825,#1146,.T.);
#1146 = LINE('',#1147,#1148);
#1147 = CARTESIAN_POINT('',(4.185,11.05,0.39));
#1148 = VECTOR('',#1149,1.);
#1149 = DIRECTION('',(0.,-1.,-1.41417674672E-16));
#1150 = PLANE('',#1151);
#1151 = AXIS2_PLACEMENT_3D('',#1152,#1153,#1154);
#1152 = CARTESIAN_POINT('',(4.185,0.,0.));
#1153 = DIRECTION('',(1.,0.,0.));
#1154 = DIRECTION('',(0.,0.,-1.));
#1155 = ADVANCED_FACE('',(#1156,#1190,#1224),#1313,.T.);
#1156 = FACE_BOUND('',#1157,.T.);
#1157 = EDGE_LOOP('',(#1158,#1168,#1176,#1184));
#1158 = ORIENTED_EDGE('',*,*,#1159,.F.);
#1159 = EDGE_CURVE('',#1160,#1162,#1164,.T.);
#1160 = VERTEX_POINT('',#1161);
#1161 = CARTESIAN_POINT('',(0.475,8.06,2.954460402943E-16));
#1162 = VERTEX_POINT('',#1163);
#1163 = CARTESIAN_POINT('',(1.475,8.06,2.954460402943E-16));
#1164 = LINE('',#1165,#1166);
#1165 = CARTESIAN_POINT('',(1.475,8.06,1.43862244005E-15));
#1166 = VECTOR('',#1167,1.);
#1167 = DIRECTION('',(1.,0.,-9.95799250103E-17));
#1168 = ORIENTED_EDGE('',*,*,#1169,.F.);
#1169 = EDGE_CURVE('',#1170,#1160,#1172,.T.);
#1170 = VERTEX_POINT('',#1171);
#1171 = CARTESIAN_POINT('',(0.475,1.6,1.554312234475E-15));
#1172 = LINE('',#1173,#1174);
#1173 = CARTESIAN_POINT('',(0.475,8.06,1.554312234475E-15));
#1174 = VECTOR('',#1175,1.);
#1175 = DIRECTION('',(0.,1.,0.));
#1176 = ORIENTED_EDGE('',*,*,#1177,.T.);
#1177 = EDGE_CURVE('',#1170,#1178,#1180,.T.);
#1178 = VERTEX_POINT('',#1179);
#1179 = CARTESIAN_POINT('',(1.475,1.6,2.954460402943E-16));
#1180 = LINE('',#1181,#1182);
#1181 = CARTESIAN_POINT('',(1.475,1.6,1.43862244005E-15));
#1182 = VECTOR('',#1183,1.);
#1183 = DIRECTION('',(1.,0.,-9.95799250103E-17));
#1184 = ORIENTED_EDGE('',*,*,#1185,.T.);
#1185 = EDGE_CURVE('',#1178,#1162,#1186,.T.);
#1186 = LINE('',#1187,#1188);
#1187 = CARTESIAN_POINT('',(1.475,8.06,1.409462824231E-15));
#1188 = VECTOR('',#1189,1.);
#1189 = DIRECTION('',(0.,1.,0.));
#1190 = FACE_BOUND('',#1191,.T.);
#1191 = EDGE_LOOP('',(#1192,#1202,#1210,#1218));
#1192 = ORIENTED_EDGE('',*,*,#1193,.F.);
#1193 = EDGE_CURVE('',#1194,#1196,#1198,.T.);
#1194 = VERTEX_POINT('',#1195);
#1195 = CARTESIAN_POINT('',(-1.475,8.06,2.954460402943E-16));
#1196 = VERTEX_POINT('',#1197);
#1197 = CARTESIAN_POINT('',(-0.475,8.06,2.954460402943E-16));
#1198 = LINE('',#1199,#1200);
#1199 = CARTESIAN_POINT('',(-0.475,8.06,1.538202365061E-15));
#1200 = VECTOR('',#1201,1.);
#1201 = DIRECTION('',(1.,0.,9.95799250103E-17));
#1202 = ORIENTED_EDGE('',*,*,#1203,.F.);
#1203 = EDGE_CURVE('',#1204,#1194,#1206,.T.);
#1204 = VERTEX_POINT('',#1205);
#1205 = CARTESIAN_POINT('',(-1.475,1.6,1.443289932013E-15));
#1206 = LINE('',#1207,#1208);
#1207 = CARTESIAN_POINT('',(-1.475,8.06,1.443289932013E-15));
#1208 = VECTOR('',#1209,1.);
#1209 = DIRECTION('',(0.,1.,0.));
#1210 = ORIENTED_EDGE('',*,*,#1211,.T.);
#1211 = EDGE_CURVE('',#1204,#1212,#1214,.T.);
#1212 = VERTEX_POINT('',#1213);
#1213 = CARTESIAN_POINT('',(-0.475,1.6,2.954460402943E-16));
#1214 = LINE('',#1215,#1216);
#1215 = CARTESIAN_POINT('',(-0.475,1.6,1.538202365061E-15));
#1216 = VECTOR('',#1217,1.);
#1217 = DIRECTION('',(1.,0.,9.95799250103E-17));
#1218 = ORIENTED_EDGE('',*,*,#1219,.T.);
#1219 = EDGE_CURVE('',#1212,#1196,#1220,.T.);
#1220 = LINE('',#1221,#1222);
#1221 = CARTESIAN_POINT('',(-0.475,8.06,1.51788304148E-15));
#1222 = VECTOR('',#1223,1.);
#1223 = DIRECTION('',(0.,1.,0.));
#1224 = FACE_BOUND('',#1225,.T.);
#1225 = EDGE_LOOP('',(#1226,#1236,#1244,#1252,#1260,#1266,#1267,#1275,
    #1283,#1291,#1299,#1307));
#1226 = ORIENTED_EDGE('',*,*,#1227,.T.);
#1227 = EDGE_CURVE('',#1228,#1230,#1232,.T.);
#1228 = VERTEX_POINT('',#1229);
#1229 = CARTESIAN_POINT('',(-3.425,0.,2.954460402943E-16));
#1230 = VERTEX_POINT('',#1231);
#1231 = CARTESIAN_POINT('',(-3.89,0.554165420556,0.));
#1232 = LINE('',#1233,#1234);
#1233 = CARTESIAN_POINT('',(-3.425,0.,0.));
#1234 = VECTOR('',#1235,1.);
#1235 = DIRECTION('',(-0.642787609687,0.766044443119,0.));
#1236 = ORIENTED_EDGE('',*,*,#1237,.T.);
#1237 = EDGE_CURVE('',#1230,#1238,#1240,.T.);
#1238 = VERTEX_POINT('',#1239);
#1239 = CARTESIAN_POINT('',(-3.89,8.05,0.));
#1240 = LINE('',#1241,#1242);
#1241 = CARTESIAN_POINT('',(-3.89,9.9,2.954460402943E-16));
#1242 = VECTOR('',#1243,1.);
#1243 = DIRECTION('',(0.,1.,0.));
#1244 = ORIENTED_EDGE('',*,*,#1245,.T.);
#1245 = EDGE_CURVE('',#1238,#1246,#1248,.T.);
#1246 = VERTEX_POINT('',#1247);
#1247 = CARTESIAN_POINT('',(-3.89,9.6,2.954460402943E-16));
#1248 = LINE('',#1249,#1250);
#1249 = CARTESIAN_POINT('',(-3.89,9.6,0.));
#1250 = VECTOR('',#1251,1.);
#1251 = DIRECTION('',(0.,1.,0.));
#1252 = ORIENTED_EDGE('',*,*,#1253,.T.);
#1253 = EDGE_CURVE('',#1246,#1254,#1256,.T.);
#1254 = VERTEX_POINT('',#1255);
#1255 = CARTESIAN_POINT('',(-4.19,9.9,2.954460402943E-16));
#1256 = LINE('',#1257,#1258);
#1257 = CARTESIAN_POINT('',(-4.19,9.9,0.));
#1258 = VECTOR('',#1259,1.);
#1259 = DIRECTION('',(-0.707106781187,0.707106781187,0.));
#1260 = ORIENTED_EDGE('',*,*,#1261,.T.);
#1261 = EDGE_CURVE('',#1254,#785,#1262,.T.);
#1262 = LINE('',#1263,#1264);
#1263 = CARTESIAN_POINT('',(-4.825,9.9,2.954460402943E-16));
#1264 = VECTOR('',#1265,1.);
#1265 = DIRECTION('',(1.,0.,0.));
#1266 = ORIENTED_EDGE('',*,*,#840,.T.);
#1267 = ORIENTED_EDGE('',*,*,#1268,.T.);
#1268 = EDGE_CURVE('',#833,#1269,#1271,.T.);
#1269 = VERTEX_POINT('',#1270);
#1270 = CARTESIAN_POINT('',(4.19,9.9,0.));
#1271 = LINE('',#1272,#1273);
#1272 = CARTESIAN_POINT('',(-4.825,9.9,2.954460402943E-16));
#1273 = VECTOR('',#1274,1.);
#1274 = DIRECTION('',(1.,0.,0.));
#1275 = ORIENTED_EDGE('',*,*,#1276,.F.);
#1276 = EDGE_CURVE('',#1277,#1269,#1279,.T.);
#1277 = VERTEX_POINT('',#1278);
#1278 = CARTESIAN_POINT('',(3.89,9.6,0.));
#1279 = LINE('',#1280,#1281);
#1280 = CARTESIAN_POINT('',(4.19,9.9,0.));
#1281 = VECTOR('',#1282,1.);
#1282 = DIRECTION('',(0.707106781187,0.707106781187,0.));
#1283 = ORIENTED_EDGE('',*,*,#1284,.F.);
#1284 = EDGE_CURVE('',#1285,#1277,#1287,.T.);
#1285 = VERTEX_POINT('',#1286);
#1286 = CARTESIAN_POINT('',(3.89,8.05,0.));
#1287 = LINE('',#1288,#1289);
#1288 = CARTESIAN_POINT('',(3.89,9.6,0.));
#1289 = VECTOR('',#1290,1.);
#1290 = DIRECTION('',(0.,1.,0.));
#1291 = ORIENTED_EDGE('',*,*,#1292,.T.);
#1292 = EDGE_CURVE('',#1285,#1293,#1295,.T.);
#1293 = VERTEX_POINT('',#1294);
#1294 = CARTESIAN_POINT('',(3.89,0.554165420556,0.));
#1295 = LINE('',#1296,#1297);
#1296 = CARTESIAN_POINT('',(3.89,9.9,2.954460402943E-16));
#1297 = VECTOR('',#1298,1.);
#1298 = DIRECTION('',(0.,-1.,0.));
#1299 = ORIENTED_EDGE('',*,*,#1300,.T.);
#1300 = EDGE_CURVE('',#1293,#1301,#1303,.T.);
#1301 = VERTEX_POINT('',#1302);
#1302 = CARTESIAN_POINT('',(3.425,0.,0.));
#1303 = LINE('',#1304,#1305);
#1304 = CARTESIAN_POINT('',(4.825,1.668455029632,0.));
#1305 = VECTOR('',#1306,1.);
#1306 = DIRECTION('',(-0.642787609687,-0.766044443119,0.));
#1307 = ORIENTED_EDGE('',*,*,#1308,.F.);
#1308 = EDGE_CURVE('',#1228,#1301,#1309,.T.);
#1309 = LINE('',#1310,#1311);
#1310 = CARTESIAN_POINT('',(-4.825,0.,2.954460402943E-16));
#1311 = VECTOR('',#1312,1.);
#1312 = DIRECTION('',(1.,0.,0.));
#1313 = PLANE('',#1314);
#1314 = AXIS2_PLACEMENT_3D('',#1315,#1316,#1317);
#1315 = CARTESIAN_POINT('',(-4.825,9.9,2.954460402943E-16));
#1316 = DIRECTION('',(0.,0.,-1.));
#1317 = DIRECTION('',(-1.,0.,0.));
#1318 = ADVANCED_FACE('',(#1319),#1353,.T.);
#1319 = FACE_BOUND('',#1320,.T.);
#1320 = EDGE_LOOP('',(#1321,#1331,#1339,#1347));
#1321 = ORIENTED_EDGE('',*,*,#1322,.T.);
#1322 = EDGE_CURVE('',#1323,#1325,#1327,.T.);
#1323 = VERTEX_POINT('',#1324);
#1324 = CARTESIAN_POINT('',(-4.825,1.668455029632,3.86));
#1325 = VERTEX_POINT('',#1326);
#1326 = CARTESIAN_POINT('',(-4.825,1.668455029632,3.22));
#1327 = LINE('',#1328,#1329);
#1328 = CARTESIAN_POINT('',(-4.825,1.668455029632,38.214));
#1329 = VECTOR('',#1330,1.);
#1330 = DIRECTION('',(0.,0.,-1.));
#1331 = ORIENTED_EDGE('',*,*,#1332,.T.);
#1332 = EDGE_CURVE('',#1325,#1333,#1335,.T.);
#1333 = VERTEX_POINT('',#1334);
#1334 = CARTESIAN_POINT('',(-3.425,0.,3.22));
#1335 = LINE('',#1336,#1337);
#1336 = CARTESIAN_POINT('',(-4.825,1.668455029632,3.22));
#1337 = VECTOR('',#1338,1.);
#1338 = DIRECTION('',(0.642787609687,-0.766044443119,0.));
#1339 = ORIENTED_EDGE('',*,*,#1340,.F.);
#1340 = EDGE_CURVE('',#1341,#1333,#1343,.T.);
#1341 = VERTEX_POINT('',#1342);
#1342 = CARTESIAN_POINT('',(-3.425,0.,3.86));
#1343 = LINE('',#1344,#1345);
#1344 = CARTESIAN_POINT('',(-3.425,0.,38.214));
#1345 = VECTOR('',#1346,1.);
#1346 = DIRECTION('',(0.,0.,-1.));
#1347 = ORIENTED_EDGE('',*,*,#1348,.T.);
#1348 = EDGE_CURVE('',#1341,#1323,#1349,.T.);
#1349 = LINE('',#1350,#1351);
#1350 = CARTESIAN_POINT('',(-3.425,-9.122691146052E-15,3.86));
#1351 = VECTOR('',#1352,1.);
#1352 = DIRECTION('',(-0.642787609687,0.766044443119,-3.466503906498E-16
    ));
#1353 = PLANE('',#1354);
#1354 = AXIS2_PLACEMENT_3D('',#1355,#1356,#1357);
#1355 = CARTESIAN_POINT('',(-3.425,0.,38.214));
#1356 = DIRECTION('',(-0.766044443119,-0.642787609687,0.));
#1357 = DIRECTION('',(0.642787609687,-0.766044443119,0.));
#1358 = ADVANCED_FACE('',(#1359),#1384,.T.);
#1359 = FACE_BOUND('',#1360,.T.);
#1360 = EDGE_LOOP('',(#1361,#1371,#1377,#1378));
#1361 = ORIENTED_EDGE('',*,*,#1362,.T.);
#1362 = EDGE_CURVE('',#1363,#1365,#1367,.T.);
#1363 = VERTEX_POINT('',#1364);
#1364 = CARTESIAN_POINT('',(3.425,0.,3.86));
#1365 = VERTEX_POINT('',#1366);
#1366 = CARTESIAN_POINT('',(3.425,0.,3.22));
#1367 = LINE('',#1368,#1369);
#1368 = CARTESIAN_POINT('',(3.425,0.,38.214));
#1369 = VECTOR('',#1370,1.);
#1370 = DIRECTION('',(0.,0.,-1.));
#1371 = ORIENTED_EDGE('',*,*,#1372,.T.);
#1372 = EDGE_CURVE('',#1365,#1075,#1373,.T.);
#1373 = LINE('',#1374,#1375);
#1374 = CARTESIAN_POINT('',(3.425,0.,3.22));
#1375 = VECTOR('',#1376,1.);
#1376 = DIRECTION('',(0.642787609687,0.766044443119,0.));
#1377 = ORIENTED_EDGE('',*,*,#1074,.F.);
#1378 = ORIENTED_EDGE('',*,*,#1379,.T.);
#1379 = EDGE_CURVE('',#1067,#1363,#1380,.T.);
#1380 = LINE('',#1381,#1382);
#1381 = CARTESIAN_POINT('',(4.825,1.668455029632,3.86));
#1382 = VECTOR('',#1383,1.);
#1383 = DIRECTION('',(-0.642787609687,-0.766044443119,
    -3.466503906498E-16));
#1384 = PLANE('',#1385);
#1385 = AXIS2_PLACEMENT_3D('',#1386,#1387,#1388);
#1386 = CARTESIAN_POINT('',(4.825,1.668455029632,38.214));
#1387 = DIRECTION('',(0.766044443119,-0.642787609687,0.));
#1388 = DIRECTION('',(0.642787609687,0.766044443119,0.));
#1389 = ADVANCED_FACE('',(#1390,#1424,#1466),#1505,.T.);
#1390 = FACE_BOUND('',#1391,.T.);
#1391 = EDGE_LOOP('',(#1392,#1402,#1410,#1418));
#1392 = ORIENTED_EDGE('',*,*,#1393,.F.);
#1393 = EDGE_CURVE('',#1394,#1396,#1398,.T.);
#1394 = VERTEX_POINT('',#1395);
#1395 = CARTESIAN_POINT('',(-2.77,0.,3.2));
#1396 = VERTEX_POINT('',#1397);
#1397 = CARTESIAN_POINT('',(-2.77,0.,0.66));
#1398 = LINE('',#1399,#1400);
#1399 = CARTESIAN_POINT('',(-2.77,0.,3.2));
#1400 = VECTOR('',#1401,1.);
#1401 = DIRECTION('',(3.41480999208E-16,0.,-1.));
#1402 = ORIENTED_EDGE('',*,*,#1403,.F.);
#1403 = EDGE_CURVE('',#1404,#1394,#1406,.T.);
#1404 = VERTEX_POINT('',#1405);
#1405 = CARTESIAN_POINT('',(-0.23,0.,3.2));
#1406 = LINE('',#1407,#1408);
#1407 = CARTESIAN_POINT('',(-0.23,0.,3.2));
#1408 = VECTOR('',#1409,1.);
#1409 = DIRECTION('',(-1.,0.,-1.70740499604E-16));
#1410 = ORIENTED_EDGE('',*,*,#1411,.F.);
#1411 = EDGE_CURVE('',#1412,#1404,#1414,.T.);
#1412 = VERTEX_POINT('',#1413);
#1413 = CARTESIAN_POINT('',(-0.23,0.,0.66));
#1414 = LINE('',#1415,#1416);
#1415 = CARTESIAN_POINT('',(-0.23,0.,0.66));
#1416 = VECTOR('',#1417,1.);
#1417 = DIRECTION('',(-8.537024980201E-17,0.,1.));
#1418 = ORIENTED_EDGE('',*,*,#1419,.F.);
#1419 = EDGE_CURVE('',#1396,#1412,#1420,.T.);
#1420 = LINE('',#1421,#1422);
#1421 = CARTESIAN_POINT('',(-2.77,0.,0.66));
#1422 = VECTOR('',#1423,1.);
#1423 = DIRECTION('',(1.,0.,1.70740499604E-16));
#1424 = FACE_BOUND('',#1425,.T.);
#1425 = EDGE_LOOP('',(#1426,#1436,#1444,#1452,#1460));
#1426 = ORIENTED_EDGE('',*,*,#1427,.F.);
#1427 = EDGE_CURVE('',#1428,#1430,#1432,.T.);
#1428 = VERTEX_POINT('',#1429);
#1429 = CARTESIAN_POINT('',(0.23,0.,3.2));
#1430 = VERTEX_POINT('',#1431);
#1431 = CARTESIAN_POINT('',(0.23,0.,1.31));
#1432 = LINE('',#1433,#1434);
#1433 = CARTESIAN_POINT('',(0.23,0.,3.2));
#1434 = VECTOR('',#1435,1.);
#1435 = DIRECTION('',(2.294607772456E-16,0.,-1.));
#1436 = ORIENTED_EDGE('',*,*,#1437,.F.);
#1437 = EDGE_CURVE('',#1438,#1428,#1440,.T.);
#1438 = VERTEX_POINT('',#1439);
#1439 = CARTESIAN_POINT('',(2.77,0.,3.2));
#1440 = LINE('',#1441,#1442);
#1441 = CARTESIAN_POINT('',(2.77,0.,3.2));
#1442 = VECTOR('',#1443,1.);
#1443 = DIRECTION('',(-1.,0.,-1.70740499604E-16));
#1444 = ORIENTED_EDGE('',*,*,#1445,.F.);
#1445 = EDGE_CURVE('',#1446,#1438,#1448,.T.);
#1446 = VERTEX_POINT('',#1447);
#1447 = CARTESIAN_POINT('',(2.77,0.,0.66));
#1448 = LINE('',#1449,#1450);
#1449 = CARTESIAN_POINT('',(2.77,0.,0.66));
#1450 = VECTOR('',#1451,1.);
#1451 = DIRECTION('',(-6.829619984161E-16,0.,1.));
#1452 = ORIENTED_EDGE('',*,*,#1453,.F.);
#1453 = EDGE_CURVE('',#1454,#1446,#1456,.T.);
#1454 = VERTEX_POINT('',#1455);
#1455 = CARTESIAN_POINT('',(0.88,0.,0.66));
#1456 = LINE('',#1457,#1458);
#1457 = CARTESIAN_POINT('',(0.88,0.,0.66));
#1458 = VECTOR('',#1459,1.);
#1459 = DIRECTION('',(1.,0.,5.73651943114E-16));
#1460 = ORIENTED_EDGE('',*,*,#1461,.F.);
#1461 = EDGE_CURVE('',#1430,#1454,#1462,.T.);
#1462 = LINE('',#1463,#1464);
#1463 = CARTESIAN_POINT('',(0.23,0.,1.31));
#1464 = VECTOR('',#1465,1.);
#1465 = DIRECTION('',(0.707106781187,0.,-0.707106781187));
#1466 = FACE_BOUND('',#1467,.T.);
#1467 = EDGE_LOOP('',(#1468,#1469,#1475,#1476,#1484,#1490,#1491,#1499));
#1468 = ORIENTED_EDGE('',*,*,#1362,.F.);
#1469 = ORIENTED_EDGE('',*,*,#1470,.T.);
#1470 = EDGE_CURVE('',#1363,#1341,#1471,.T.);
#1471 = LINE('',#1472,#1473);
#1472 = CARTESIAN_POINT('',(4.825,0.,3.86));
#1473 = VECTOR('',#1474,1.);
#1474 = DIRECTION('',(-1.,0.,-5.392922723244E-16));
#1475 = ORIENTED_EDGE('',*,*,#1340,.T.);
#1476 = ORIENTED_EDGE('',*,*,#1477,.T.);
#1477 = EDGE_CURVE('',#1333,#1478,#1480,.T.);
#1478 = VERTEX_POINT('',#1479);
#1479 = CARTESIAN_POINT('',(-3.425,4.336808689942E-16,1.15));
#1480 = LINE('',#1481,#1482);
#1481 = CARTESIAN_POINT('',(-3.425,4.336808689942E-16,3.22));
#1482 = VECTOR('',#1483,1.);
#1483 = DIRECTION('',(0.,0.,-1.));
#1484 = ORIENTED_EDGE('',*,*,#1485,.T.);
#1485 = EDGE_CURVE('',#1478,#1228,#1486,.T.);
#1486 = LINE('',#1487,#1488);
#1487 = CARTESIAN_POINT('',(-3.425,0.,38.214));
#1488 = VECTOR('',#1489,1.);
#1489 = DIRECTION('',(0.,0.,-1.));
#1490 = ORIENTED_EDGE('',*,*,#1308,.T.);
#1491 = ORIENTED_EDGE('',*,*,#1492,.F.);
#1492 = EDGE_CURVE('',#1493,#1301,#1495,.T.);
#1493 = VERTEX_POINT('',#1494);
#1494 = CARTESIAN_POINT('',(3.425,0.,1.15));
#1495 = LINE('',#1496,#1497);
#1496 = CARTESIAN_POINT('',(3.425,0.,38.214));
#1497 = VECTOR('',#1498,1.);
#1498 = DIRECTION('',(0.,0.,-1.));
#1499 = ORIENTED_EDGE('',*,*,#1500,.F.);
#1500 = EDGE_CURVE('',#1365,#1493,#1501,.T.);
#1501 = LINE('',#1502,#1503);
#1502 = CARTESIAN_POINT('',(3.425,0.,3.22));
#1503 = VECTOR('',#1504,1.);
#1504 = DIRECTION('',(0.,0.,-1.));
#1505 = PLANE('',#1506);
#1506 = AXIS2_PLACEMENT_3D('',#1507,#1508,#1509);
#1507 = CARTESIAN_POINT('',(0.,0.,0.));
#1508 = DIRECTION('',(0.,-1.,0.));
#1509 = DIRECTION('',(0.,0.,-1.));
#1510 = ADVANCED_FACE('',(#1511,#1524),#1558,.T.);
#1511 = FACE_BOUND('',#1512,.T.);
#1512 = EDGE_LOOP('',(#1513,#1514,#1515,#1516,#1522,#1523));
#1513 = ORIENTED_EDGE('',*,*,#1379,.F.);
#1514 = ORIENTED_EDGE('',*,*,#1066,.F.);
#1515 = ORIENTED_EDGE('',*,*,#808,.T.);
#1516 = ORIENTED_EDGE('',*,*,#1517,.T.);
#1517 = EDGE_CURVE('',#801,#1323,#1518,.T.);
#1518 = LINE('',#1519,#1520);
#1519 = CARTESIAN_POINT('',(-4.825,9.9,3.86));
#1520 = VECTOR('',#1521,1.);
#1521 = DIRECTION('',(0.,-1.,0.));
#1522 = ORIENTED_EDGE('',*,*,#1348,.F.);
#1523 = ORIENTED_EDGE('',*,*,#1470,.F.);
#1524 = FACE_BOUND('',#1525,.T.);
#1525 = EDGE_LOOP('',(#1526,#1536,#1544,#1552));
#1526 = ORIENTED_EDGE('',*,*,#1527,.T.);
#1527 = EDGE_CURVE('',#1528,#1530,#1532,.T.);
#1528 = VERTEX_POINT('',#1529);
#1529 = CARTESIAN_POINT('',(1.3,0.54,3.86));
#1530 = VERTEX_POINT('',#1531);
#1531 = CARTESIAN_POINT('',(-1.3,0.54,3.86));
#1532 = LINE('',#1533,#1534);
#1533 = CARTESIAN_POINT('',(1.3,0.54,3.86));
#1534 = VECTOR('',#1535,1.);
#1535 = DIRECTION('',(-1.,0.,0.));
#1536 = ORIENTED_EDGE('',*,*,#1537,.T.);
#1537 = EDGE_CURVE('',#1530,#1538,#1540,.T.);
#1538 = VERTEX_POINT('',#1539);
#1539 = CARTESIAN_POINT('',(-1.3,2.95,3.86));
#1540 = LINE('',#1541,#1542);
#1541 = CARTESIAN_POINT('',(-1.3,0.54,3.86));
#1542 = VECTOR('',#1543,1.);
#1543 = DIRECTION('',(0.,1.,3.778961928995E-15));
#1544 = ORIENTED_EDGE('',*,*,#1545,.F.);
#1545 = EDGE_CURVE('',#1546,#1538,#1548,.T.);
#1546 = VERTEX_POINT('',#1547);
#1547 = CARTESIAN_POINT('',(1.3,2.95,3.86));
#1548 = LINE('',#1549,#1550);
#1549 = CARTESIAN_POINT('',(1.3,2.95,3.86));
#1550 = VECTOR('',#1551,1.);
#1551 = DIRECTION('',(-1.,0.,0.));
#1552 = ORIENTED_EDGE('',*,*,#1553,.F.);
#1553 = EDGE_CURVE('',#1528,#1546,#1554,.T.);
#1554 = LINE('',#1555,#1556);
#1555 = CARTESIAN_POINT('',(1.3,0.54,3.86));
#1556 = VECTOR('',#1557,1.);
#1557 = DIRECTION('',(0.,1.,3.778961928995E-15));
#1558 = PLANE('',#1559);
#1559 = AXIS2_PLACEMENT_3D('',#1560,#1561,#1562);
#1560 = CARTESIAN_POINT('',(4.825,9.9,3.86));
#1561 = DIRECTION('',(-5.392922723244E-16,0.,1.));
#1562 = DIRECTION('',(1.,0.,5.392922723244E-16));
#1563 = ADVANCED_FACE('',(#1564),#1619,.T.);
#1564 = FACE_BOUND('',#1565,.T.);
#1565 = EDGE_LOOP('',(#1566,#1572,#1580,#1588,#1596,#1604,#1610,#1611,
    #1612,#1613));
#1566 = ORIENTED_EDGE('',*,*,#1567,.F.);
#1567 = EDGE_CURVE('',#955,#985,#1568,.T.);
#1568 = LINE('',#1569,#1570);
#1569 = CARTESIAN_POINT('',(-4.825,11.05,-8.52));
#1570 = VECTOR('',#1571,1.);
#1571 = DIRECTION('',(0.,-1.41417674672E-16,1.));
#1572 = ORIENTED_EDGE('',*,*,#1573,.T.);
#1573 = EDGE_CURVE('',#955,#1574,#1576,.T.);
#1574 = VERTEX_POINT('',#1575);
#1575 = CARTESIAN_POINT('',(-4.825,8.05,-0.51));
#1576 = LINE('',#1577,#1578);
#1577 = CARTESIAN_POINT('',(-4.825,8.05,-0.51));
#1578 = VECTOR('',#1579,1.);
#1579 = DIRECTION('',(0.,-1.,0.));
#1580 = ORIENTED_EDGE('',*,*,#1581,.F.);
#1581 = EDGE_CURVE('',#1582,#1574,#1584,.T.);
#1582 = VERTEX_POINT('',#1583);
#1583 = CARTESIAN_POINT('',(-4.825,8.05,0.51));
#1584 = LINE('',#1585,#1586);
#1585 = CARTESIAN_POINT('',(-4.825,8.05,-0.51));
#1586 = VECTOR('',#1587,1.);
#1587 = DIRECTION('',(0.,0.,-1.));
#1588 = ORIENTED_EDGE('',*,*,#1589,.T.);
#1589 = EDGE_CURVE('',#1582,#1590,#1592,.T.);
#1590 = VERTEX_POINT('',#1591);
#1591 = CARTESIAN_POINT('',(-4.825,1.668455029632,0.51));
#1592 = LINE('',#1593,#1594);
#1593 = CARTESIAN_POINT('',(-4.825,9.9,0.51));
#1594 = VECTOR('',#1595,1.);
#1595 = DIRECTION('',(0.,-1.,0.));
#1596 = ORIENTED_EDGE('',*,*,#1597,.F.);
#1597 = EDGE_CURVE('',#1598,#1590,#1600,.T.);
#1598 = VERTEX_POINT('',#1599);
#1599 = CARTESIAN_POINT('',(-4.825,1.668455029632,1.15));
#1600 = LINE('',#1601,#1602);
#1601 = CARTESIAN_POINT('',(-4.825,1.668455029632,38.214));
#1602 = VECTOR('',#1603,1.);
#1603 = DIRECTION('',(0.,0.,-1.));
#1604 = ORIENTED_EDGE('',*,*,#1605,.F.);
#1605 = EDGE_CURVE('',#1325,#1598,#1606,.T.);
#1606 = LINE('',#1607,#1608);
#1607 = CARTESIAN_POINT('',(-4.825,1.668455029632,3.22));
#1608 = VECTOR('',#1609,1.);
#1609 = DIRECTION('',(0.,0.,-1.));
#1610 = ORIENTED_EDGE('',*,*,#1322,.F.);
#1611 = ORIENTED_EDGE('',*,*,#1517,.F.);
#1612 = ORIENTED_EDGE('',*,*,#800,.T.);
#1613 = ORIENTED_EDGE('',*,*,#1614,.F.);
#1614 = EDGE_CURVE('',#985,#793,#1615,.T.);
#1615 = LINE('',#1616,#1617);
#1616 = CARTESIAN_POINT('',(-4.825,11.05,0.39));
#1617 = VECTOR('',#1618,1.);
#1618 = DIRECTION('',(0.,-1.,-1.41417674672E-16));
#1619 = PLANE('',#1620);
#1620 = AXIS2_PLACEMENT_3D('',#1621,#1622,#1623);
#1621 = CARTESIAN_POINT('',(-4.825,9.9,3.86));
#1622 = DIRECTION('',(-1.,0.,-2.247051134685E-16));
#1623 = DIRECTION('',(-2.247051134685E-16,0.,1.));
#1624 = ADVANCED_FACE('',(#1625),#1650,.F.);
#1625 = FACE_BOUND('',#1626,.T.);
#1626 = EDGE_LOOP('',(#1627,#1635,#1636,#1644));
#1627 = ORIENTED_EDGE('',*,*,#1628,.T.);
#1628 = EDGE_CURVE('',#1629,#1530,#1631,.T.);
#1629 = VERTEX_POINT('',#1630);
#1630 = CARTESIAN_POINT('',(-1.3,2.2,5.06));
#1631 = LINE('',#1632,#1633);
#1632 = CARTESIAN_POINT('',(-1.3,2.2,5.06));
#1633 = VECTOR('',#1634,1.);
#1634 = DIRECTION('',(0.,-0.810421678379,-0.585846996419));
#1635 = ORIENTED_EDGE('',*,*,#1527,.F.);
#1636 = ORIENTED_EDGE('',*,*,#1637,.F.);
#1637 = EDGE_CURVE('',#1638,#1528,#1640,.T.);
#1638 = VERTEX_POINT('',#1639);
#1639 = CARTESIAN_POINT('',(1.3,2.2,5.06));
#1640 = LINE('',#1641,#1642);
#1641 = CARTESIAN_POINT('',(1.3,2.2,5.06));
#1642 = VECTOR('',#1643,1.);
#1643 = DIRECTION('',(0.,-0.810421678379,-0.585846996419));
#1644 = ORIENTED_EDGE('',*,*,#1645,.T.);
#1645 = EDGE_CURVE('',#1638,#1629,#1646,.T.);
#1646 = LINE('',#1647,#1648);
#1647 = CARTESIAN_POINT('',(1.3,2.2,5.06));
#1648 = VECTOR('',#1649,1.);
#1649 = DIRECTION('',(-1.,0.,0.));
#1650 = PLANE('',#1651);
#1651 = AXIS2_PLACEMENT_3D('',#1652,#1653,#1654);
#1652 = CARTESIAN_POINT('',(1.3,2.2,5.06));
#1653 = DIRECTION('',(0.,0.585846996419,-0.810421678379));
#1654 = DIRECTION('',(0.,0.810421678379,0.585846996419));
#1655 = ADVANCED_FACE('',(#1656),#1681,.F.);
#1656 = FACE_BOUND('',#1657,.T.);
#1657 = EDGE_LOOP('',(#1658,#1666,#1674,#1680));
#1658 = ORIENTED_EDGE('',*,*,#1659,.T.);
#1659 = EDGE_CURVE('',#1538,#1660,#1662,.T.);
#1660 = VERTEX_POINT('',#1661);
#1661 = CARTESIAN_POINT('',(-1.3,2.95,5.06));
#1662 = LINE('',#1663,#1664);
#1663 = CARTESIAN_POINT('',(-1.3,2.95,3.86));
#1664 = VECTOR('',#1665,1.);
#1665 = DIRECTION('',(0.,-7.228014483237E-16,1.));
#1666 = ORIENTED_EDGE('',*,*,#1667,.F.);
#1667 = EDGE_CURVE('',#1668,#1660,#1670,.T.);
#1668 = VERTEX_POINT('',#1669);
#1669 = CARTESIAN_POINT('',(1.3,2.95,5.06));
#1670 = LINE('',#1671,#1672);
#1671 = CARTESIAN_POINT('',(1.3,2.95,5.06));
#1672 = VECTOR('',#1673,1.);
#1673 = DIRECTION('',(-1.,0.,0.));
#1674 = ORIENTED_EDGE('',*,*,#1675,.F.);
#1675 = EDGE_CURVE('',#1546,#1668,#1676,.T.);
#1676 = LINE('',#1677,#1678);
#1677 = CARTESIAN_POINT('',(1.3,2.95,3.86));
#1678 = VECTOR('',#1679,1.);
#1679 = DIRECTION('',(0.,-7.228014483237E-16,1.));
#1680 = ORIENTED_EDGE('',*,*,#1545,.T.);
#1681 = PLANE('',#1682);
#1682 = AXIS2_PLACEMENT_3D('',#1683,#1684,#1685);
#1683 = CARTESIAN_POINT('',(1.3,2.95,3.86));
#1684 = DIRECTION('',(0.,-1.,-7.228014483237E-16));
#1685 = DIRECTION('',(0.,7.228014483237E-16,-1.));
#1686 = ADVANCED_FACE('',(#1687),#1703,.F.);
#1687 = FACE_BOUND('',#1688,.T.);
#1688 = EDGE_LOOP('',(#1689,#1695,#1696,#1702));
#1689 = ORIENTED_EDGE('',*,*,#1690,.T.);
#1690 = EDGE_CURVE('',#1660,#1629,#1691,.T.);
#1691 = LINE('',#1692,#1693);
#1692 = CARTESIAN_POINT('',(-1.3,2.95,5.06));
#1693 = VECTOR('',#1694,1.);
#1694 = DIRECTION('',(0.,-1.,-1.156482317318E-15));
#1695 = ORIENTED_EDGE('',*,*,#1645,.F.);
#1696 = ORIENTED_EDGE('',*,*,#1697,.F.);
#1697 = EDGE_CURVE('',#1668,#1638,#1698,.T.);
#1698 = LINE('',#1699,#1700);
#1699 = CARTESIAN_POINT('',(1.3,2.95,5.06));
#1700 = VECTOR('',#1701,1.);
#1701 = DIRECTION('',(0.,-1.,-1.156482317318E-15));
#1702 = ORIENTED_EDGE('',*,*,#1667,.T.);
#1703 = PLANE('',#1704);
#1704 = AXIS2_PLACEMENT_3D('',#1705,#1706,#1707);
#1705 = CARTESIAN_POINT('',(1.3,2.95,5.06));
#1706 = DIRECTION('',(0.,1.156482317318E-15,-1.));
#1707 = DIRECTION('',(0.,1.,1.156482317318E-15));
#1708 = ADVANCED_FACE('',(#1709),#1715,.F.);
#1709 = FACE_BOUND('',#1710,.T.);
#1710 = EDGE_LOOP('',(#1711,#1712,#1713,#1714));
#1711 = ORIENTED_EDGE('',*,*,#1637,.T.);
#1712 = ORIENTED_EDGE('',*,*,#1553,.T.);
#1713 = ORIENTED_EDGE('',*,*,#1675,.T.);
#1714 = ORIENTED_EDGE('',*,*,#1697,.T.);
#1715 = PLANE('',#1716);
#1716 = AXIS2_PLACEMENT_3D('',#1717,#1718,#1719);
#1717 = CARTESIAN_POINT('',(1.3,0.,0.));
#1718 = DIRECTION('',(-1.,0.,0.));
#1719 = DIRECTION('',(0.,0.,1.));
#1720 = ADVANCED_FACE('',(#1721),#1727,.T.);
#1721 = FACE_BOUND('',#1722,.T.);
#1722 = EDGE_LOOP('',(#1723,#1724,#1725,#1726));
#1723 = ORIENTED_EDGE('',*,*,#1628,.F.);
#1724 = ORIENTED_EDGE('',*,*,#1690,.F.);
#1725 = ORIENTED_EDGE('',*,*,#1659,.F.);
#1726 = ORIENTED_EDGE('',*,*,#1537,.F.);
#1727 = PLANE('',#1728);
#1728 = AXIS2_PLACEMENT_3D('',#1729,#1730,#1731);
#1729 = CARTESIAN_POINT('',(-1.3,0.,0.));
#1730 = DIRECTION('',(-1.,0.,0.));
#1731 = DIRECTION('',(0.,0.,1.));
#1732 = ADVANCED_FACE('',(#1733),#1750,.T.);
#1733 = FACE_BOUND('',#1734,.T.);
#1734 = EDGE_LOOP('',(#1735,#1736,#1742,#1743,#1744));
#1735 = ORIENTED_EDGE('',*,*,#1597,.T.);
#1736 = ORIENTED_EDGE('',*,*,#1737,.T.);
#1737 = EDGE_CURVE('',#1590,#1230,#1738,.T.);
#1738 = LINE('',#1739,#1740);
#1739 = CARTESIAN_POINT('',(-11.14535030381,9.200755210652,
    3.957463802078));
#1740 = VECTOR('',#1741,1.);
#1741 = DIRECTION('',(0.60658472489,-0.7228995251,-0.330864395395));
#1742 = ORIENTED_EDGE('',*,*,#1227,.F.);
#1743 = ORIENTED_EDGE('',*,*,#1485,.F.);
#1744 = ORIENTED_EDGE('',*,*,#1745,.F.);
#1745 = EDGE_CURVE('',#1598,#1478,#1746,.T.);
#1746 = LINE('',#1747,#1748);
#1747 = CARTESIAN_POINT('',(-4.825,1.668455029632,1.15));
#1748 = VECTOR('',#1749,1.);
#1749 = DIRECTION('',(0.642787609687,-0.766044443119,0.));
#1750 = PLANE('',#1751);
#1751 = AXIS2_PLACEMENT_3D('',#1752,#1753,#1754);
#1752 = CARTESIAN_POINT('',(-3.425,0.,38.214));
#1753 = DIRECTION('',(-0.766044443119,-0.642787609687,0.));
#1754 = DIRECTION('',(0.642787609687,-0.766044443119,0.));
#1755 = ADVANCED_FACE('',(#1756),#1773,.T.);
#1756 = FACE_BOUND('',#1757,.T.);
#1757 = EDGE_LOOP('',(#1758,#1759,#1765,#1766,#1772));
#1758 = ORIENTED_EDGE('',*,*,#1300,.F.);
#1759 = ORIENTED_EDGE('',*,*,#1760,.T.);
#1760 = EDGE_CURVE('',#1293,#1091,#1761,.T.);
#1761 = LINE('',#1762,#1763);
#1762 = CARTESIAN_POINT('',(12.392090556415,10.686562385725,
    4.637503939863));
#1763 = VECTOR('',#1764,1.);
#1764 = DIRECTION('',(0.60658472489,0.7228995251,0.330864395395));
#1765 = ORIENTED_EDGE('',*,*,#1090,.F.);
#1766 = ORIENTED_EDGE('',*,*,#1767,.F.);
#1767 = EDGE_CURVE('',#1493,#1083,#1768,.T.);
#1768 = LINE('',#1769,#1770);
#1769 = CARTESIAN_POINT('',(3.425,0.,1.15));
#1770 = VECTOR('',#1771,1.);
#1771 = DIRECTION('',(0.642787609687,0.766044443119,0.));
#1772 = ORIENTED_EDGE('',*,*,#1492,.T.);
#1773 = PLANE('',#1774);
#1774 = AXIS2_PLACEMENT_3D('',#1775,#1776,#1777);
#1775 = CARTESIAN_POINT('',(4.825,1.668455029632,38.214));
#1776 = DIRECTION('',(0.766044443119,-0.642787609687,0.));
#1777 = DIRECTION('',(0.642787609687,0.766044443119,0.));
#1778 = ADVANCED_FACE('',(#1779),#1804,.T.);
#1779 = FACE_BOUND('',#1780,.T.);
#1780 = EDGE_LOOP('',(#1781,#1789,#1797,#1803));
#1781 = ORIENTED_EDGE('',*,*,#1782,.T.);
#1782 = EDGE_CURVE('',#1493,#1783,#1785,.T.);
#1783 = VERTEX_POINT('',#1784);
#1784 = CARTESIAN_POINT('',(3.425,1.668455029632,1.15));
#1785 = LINE('',#1786,#1787);
#1786 = CARTESIAN_POINT('',(3.425,1.668455029632,1.15));
#1787 = VECTOR('',#1788,1.);
#1788 = DIRECTION('',(0.,1.,0.));
#1789 = ORIENTED_EDGE('',*,*,#1790,.T.);
#1790 = EDGE_CURVE('',#1783,#1791,#1793,.T.);
#1791 = VERTEX_POINT('',#1792);
#1792 = CARTESIAN_POINT('',(3.425,1.668455029632,3.22));
#1793 = LINE('',#1794,#1795);
#1794 = CARTESIAN_POINT('',(3.425,1.668455029632,3.22));
#1795 = VECTOR('',#1796,1.);
#1796 = DIRECTION('',(0.,0.,1.));
#1797 = ORIENTED_EDGE('',*,*,#1798,.F.);
#1798 = EDGE_CURVE('',#1365,#1791,#1799,.T.);
#1799 = LINE('',#1800,#1801);
#1800 = CARTESIAN_POINT('',(3.425,1.668455029632,3.22));
#1801 = VECTOR('',#1802,1.);
#1802 = DIRECTION('',(0.,1.,0.));
#1803 = ORIENTED_EDGE('',*,*,#1500,.T.);
#1804 = PLANE('',#1805);
#1805 = AXIS2_PLACEMENT_3D('',#1806,#1807,#1808);
#1806 = CARTESIAN_POINT('',(3.425,1.668455029632,3.22));
#1807 = DIRECTION('',(1.,0.,0.));
#1808 = DIRECTION('',(0.,0.,-1.));
#1809 = ADVANCED_FACE('',(#1810),#1826,.T.);
#1810 = FACE_BOUND('',#1811,.T.);
#1811 = EDGE_LOOP('',(#1812,#1818,#1819,#1825));
#1812 = ORIENTED_EDGE('',*,*,#1813,.T.);
#1813 = EDGE_CURVE('',#1783,#1083,#1814,.T.);
#1814 = LINE('',#1815,#1816);
#1815 = CARTESIAN_POINT('',(4.825,1.668455029632,1.15));
#1816 = VECTOR('',#1817,1.);
#1817 = DIRECTION('',(1.,3.097720492816E-16,0.));
#1818 = ORIENTED_EDGE('',*,*,#1082,.F.);
#1819 = ORIENTED_EDGE('',*,*,#1820,.F.);
#1820 = EDGE_CURVE('',#1791,#1075,#1821,.T.);
#1821 = LINE('',#1822,#1823);
#1822 = CARTESIAN_POINT('',(4.825,1.668455029632,3.22));
#1823 = VECTOR('',#1824,1.);
#1824 = DIRECTION('',(1.,3.097720492816E-16,0.));
#1825 = ORIENTED_EDGE('',*,*,#1790,.F.);
#1826 = PLANE('',#1827);
#1827 = AXIS2_PLACEMENT_3D('',#1828,#1829,#1830);
#1828 = CARTESIAN_POINT('',(4.825,1.668455029632,3.22));
#1829 = DIRECTION('',(3.097720492816E-16,-1.,0.));
#1830 = DIRECTION('',(1.,3.097720492816E-16,0.));
#1831 = ADVANCED_FACE('',(#1832),#1837,.T.);
#1832 = FACE_BOUND('',#1833,.T.);
#1833 = EDGE_LOOP('',(#1834,#1835,#1836));
#1834 = ORIENTED_EDGE('',*,*,#1798,.T.);
#1835 = ORIENTED_EDGE('',*,*,#1820,.T.);
#1836 = ORIENTED_EDGE('',*,*,#1372,.F.);
#1837 = PLANE('',#1838);
#1838 = AXIS2_PLACEMENT_3D('',#1839,#1840,#1841);
#1839 = CARTESIAN_POINT('',(0.,0.,3.22));
#1840 = DIRECTION('',(0.,0.,-1.));
#1841 = DIRECTION('',(-1.,0.,0.));
#1842 = ADVANCED_FACE('',(#1843),#1848,.F.);
#1843 = FACE_BOUND('',#1844,.T.);
#1844 = EDGE_LOOP('',(#1845,#1846,#1847));
#1845 = ORIENTED_EDGE('',*,*,#1782,.F.);
#1846 = ORIENTED_EDGE('',*,*,#1767,.T.);
#1847 = ORIENTED_EDGE('',*,*,#1813,.F.);
#1848 = PLANE('',#1849);
#1849 = AXIS2_PLACEMENT_3D('',#1850,#1851,#1852);
#1850 = CARTESIAN_POINT('',(0.,0.,1.15));
#1851 = DIRECTION('',(0.,0.,-1.));
#1852 = DIRECTION('',(-1.,0.,0.));
#1853 = ADVANCED_FACE('',(#1854),#1879,.T.);
#1854 = FACE_BOUND('',#1855,.T.);
#1855 = EDGE_LOOP('',(#1856,#1864,#1865,#1873));
#1856 = ORIENTED_EDGE('',*,*,#1857,.T.);
#1857 = EDGE_CURVE('',#1858,#1478,#1860,.T.);
#1858 = VERTEX_POINT('',#1859);
#1859 = CARTESIAN_POINT('',(-3.425,1.668455029632,1.15));
#1860 = LINE('',#1861,#1862);
#1861 = CARTESIAN_POINT('',(-3.425,0.,1.15));
#1862 = VECTOR('',#1863,1.);
#1863 = DIRECTION('',(0.,-1.,0.));
#1864 = ORIENTED_EDGE('',*,*,#1477,.F.);
#1865 = ORIENTED_EDGE('',*,*,#1866,.F.);
#1866 = EDGE_CURVE('',#1867,#1333,#1869,.T.);
#1867 = VERTEX_POINT('',#1868);
#1868 = CARTESIAN_POINT('',(-3.425,1.668455029632,3.22));
#1869 = LINE('',#1870,#1871);
#1870 = CARTESIAN_POINT('',(-3.425,0.,3.22));
#1871 = VECTOR('',#1872,1.);
#1872 = DIRECTION('',(0.,-1.,0.));
#1873 = ORIENTED_EDGE('',*,*,#1874,.F.);
#1874 = EDGE_CURVE('',#1858,#1867,#1875,.T.);
#1875 = LINE('',#1876,#1877);
#1876 = CARTESIAN_POINT('',(-3.425,1.668455029632,3.22));
#1877 = VECTOR('',#1878,1.);
#1878 = DIRECTION('',(0.,0.,1.));
#1879 = PLANE('',#1880);
#1880 = AXIS2_PLACEMENT_3D('',#1881,#1882,#1883);
#1881 = CARTESIAN_POINT('',(-3.425,0.,3.22));
#1882 = DIRECTION('',(-1.,0.,0.));
#1883 = DIRECTION('',(0.,0.,1.));
#1884 = ADVANCED_FACE('',(#1885),#1901,.T.);
#1885 = FACE_BOUND('',#1886,.T.);
#1886 = EDGE_LOOP('',(#1887,#1893,#1894,#1900));
#1887 = ORIENTED_EDGE('',*,*,#1888,.T.);
#1888 = EDGE_CURVE('',#1598,#1858,#1889,.T.);
#1889 = LINE('',#1890,#1891);
#1890 = CARTESIAN_POINT('',(-3.425,1.668455029632,1.15));
#1891 = VECTOR('',#1892,1.);
#1892 = DIRECTION('',(1.,-3.097720492816E-16,0.));
#1893 = ORIENTED_EDGE('',*,*,#1874,.T.);
#1894 = ORIENTED_EDGE('',*,*,#1895,.F.);
#1895 = EDGE_CURVE('',#1325,#1867,#1896,.T.);
#1896 = LINE('',#1897,#1898);
#1897 = CARTESIAN_POINT('',(-3.425,1.668455029632,3.22));
#1898 = VECTOR('',#1899,1.);
#1899 = DIRECTION('',(1.,-3.097720492816E-16,0.));
#1900 = ORIENTED_EDGE('',*,*,#1605,.T.);
#1901 = PLANE('',#1902);
#1902 = AXIS2_PLACEMENT_3D('',#1903,#1904,#1905);
#1903 = CARTESIAN_POINT('',(-3.425,1.668455029632,3.22));
#1904 = DIRECTION('',(-3.097720492816E-16,-1.,0.));
#1905 = DIRECTION('',(1.,-3.097720492816E-16,0.));
#1906 = ADVANCED_FACE('',(#1907),#1912,.T.);
#1907 = FACE_BOUND('',#1908,.T.);
#1908 = EDGE_LOOP('',(#1909,#1910,#1911));
#1909 = ORIENTED_EDGE('',*,*,#1332,.F.);
#1910 = ORIENTED_EDGE('',*,*,#1895,.T.);
#1911 = ORIENTED_EDGE('',*,*,#1866,.T.);
#1912 = PLANE('',#1913);
#1913 = AXIS2_PLACEMENT_3D('',#1914,#1915,#1916);
#1914 = CARTESIAN_POINT('',(0.,0.,3.22));
#1915 = DIRECTION('',(0.,0.,-1.));
#1916 = DIRECTION('',(-1.,0.,0.));
#1917 = ADVANCED_FACE('',(#1918),#1923,.F.);
#1918 = FACE_BOUND('',#1919,.T.);
#1919 = EDGE_LOOP('',(#1920,#1921,#1922));
#1920 = ORIENTED_EDGE('',*,*,#1745,.T.);
#1921 = ORIENTED_EDGE('',*,*,#1857,.F.);
#1922 = ORIENTED_EDGE('',*,*,#1888,.F.);
#1923 = PLANE('',#1924);
#1924 = AXIS2_PLACEMENT_3D('',#1925,#1926,#1927);
#1925 = CARTESIAN_POINT('',(0.,0.,1.15));
#1926 = DIRECTION('',(0.,0.,-1.));
#1927 = DIRECTION('',(-1.,0.,0.));
#1928 = ADVANCED_FACE('',(#1929),#1954,.T.);
#1929 = FACE_BOUND('',#1930,.T.);
#1930 = EDGE_LOOP('',(#1931,#1932,#1940,#1948));
#1931 = ORIENTED_EDGE('',*,*,#1284,.T.);
#1932 = ORIENTED_EDGE('',*,*,#1933,.T.);
#1933 = EDGE_CURVE('',#1277,#1934,#1936,.T.);
#1934 = VERTEX_POINT('',#1935);
#1935 = CARTESIAN_POINT('',(3.89,9.6,-0.51));
#1936 = LINE('',#1937,#1938);
#1937 = CARTESIAN_POINT('',(3.89,9.6,-0.51));
#1938 = VECTOR('',#1939,1.);
#1939 = DIRECTION('',(0.,0.,-1.));
#1940 = ORIENTED_EDGE('',*,*,#1941,.F.);
#1941 = EDGE_CURVE('',#1942,#1934,#1944,.T.);
#1942 = VERTEX_POINT('',#1943);
#1943 = CARTESIAN_POINT('',(3.89,8.05,-0.51));
#1944 = LINE('',#1945,#1946);
#1945 = CARTESIAN_POINT('',(3.89,9.6,-0.51));
#1946 = VECTOR('',#1947,1.);
#1947 = DIRECTION('',(0.,1.,0.));
#1948 = ORIENTED_EDGE('',*,*,#1949,.F.);
#1949 = EDGE_CURVE('',#1285,#1942,#1950,.T.);
#1950 = LINE('',#1951,#1952);
#1951 = CARTESIAN_POINT('',(3.89,8.05,-0.51));
#1952 = VECTOR('',#1953,1.);
#1953 = DIRECTION('',(0.,0.,-1.));
#1954 = PLANE('',#1955);
#1955 = AXIS2_PLACEMENT_3D('',#1956,#1957,#1958);
#1956 = CARTESIAN_POINT('',(3.89,9.6,-0.51));
#1957 = DIRECTION('',(-1.,0.,0.));
#1958 = DIRECTION('',(0.,0.,1.));
#1959 = ADVANCED_FACE('',(#1960),#1976,.T.);
#1960 = FACE_BOUND('',#1961,.T.);
#1961 = EDGE_LOOP('',(#1962,#1963,#1969,#1970));
#1962 = ORIENTED_EDGE('',*,*,#1106,.F.);
#1963 = ORIENTED_EDGE('',*,*,#1964,.T.);
#1964 = EDGE_CURVE('',#1099,#1285,#1965,.T.);
#1965 = LINE('',#1966,#1967);
#1966 = CARTESIAN_POINT('',(3.89,8.05,2.954460402943E-16));
#1967 = VECTOR('',#1968,1.);
#1968 = DIRECTION('',(-0.877895572914,0.,-0.478852130681));
#1969 = ORIENTED_EDGE('',*,*,#1949,.T.);
#1970 = ORIENTED_EDGE('',*,*,#1971,.F.);
#1971 = EDGE_CURVE('',#1044,#1942,#1972,.T.);
#1972 = LINE('',#1973,#1974);
#1973 = CARTESIAN_POINT('',(3.89,8.05,-0.51));
#1974 = VECTOR('',#1975,1.);
#1975 = DIRECTION('',(-1.,0.,0.));
#1976 = PLANE('',#1977);
#1977 = AXIS2_PLACEMENT_3D('',#1978,#1979,#1980);
#1978 = CARTESIAN_POINT('',(3.89,8.05,-0.51));
#1979 = DIRECTION('',(0.,-1.,0.));
#1980 = DIRECTION('',(0.,0.,-1.));
#1981 = ADVANCED_FACE('',(#1982),#2000,.T.);
#1982 = FACE_BOUND('',#1983,.T.);
#1983 = EDGE_LOOP('',(#1984,#1985,#1993,#1999));
#1984 = ORIENTED_EDGE('',*,*,#1276,.T.);
#1985 = ORIENTED_EDGE('',*,*,#1986,.T.);
#1986 = EDGE_CURVE('',#1269,#1987,#1989,.T.);
#1987 = VERTEX_POINT('',#1988);
#1988 = CARTESIAN_POINT('',(4.19,9.9,-0.51));
#1989 = LINE('',#1990,#1991);
#1990 = CARTESIAN_POINT('',(4.19,9.9,-0.51));
#1991 = VECTOR('',#1992,1.);
#1992 = DIRECTION('',(0.,0.,-1.));
#1993 = ORIENTED_EDGE('',*,*,#1994,.F.);
#1994 = EDGE_CURVE('',#1934,#1987,#1995,.T.);
#1995 = LINE('',#1996,#1997);
#1996 = CARTESIAN_POINT('',(4.19,9.9,-0.51));
#1997 = VECTOR('',#1998,1.);
#1998 = DIRECTION('',(0.707106781187,0.707106781187,0.));
#1999 = ORIENTED_EDGE('',*,*,#1933,.F.);
#2000 = PLANE('',#2001);
#2001 = AXIS2_PLACEMENT_3D('',#2002,#2003,#2004);
#2002 = CARTESIAN_POINT('',(4.19,9.9,-0.51));
#2003 = DIRECTION('',(-0.707106781187,0.707106781187,0.));
#2004 = DIRECTION('',(-0.707106781187,-0.707106781187,0.));
#2005 = ADVANCED_FACE('',(#2006),#2025,.F.);
#2006 = FACE_BOUND('',#2007,.T.);
#2007 = EDGE_LOOP('',(#2008,#2009,#2010,#2016,#2017,#2023,#2024));
#2008 = ORIENTED_EDGE('',*,*,#1941,.T.);
#2009 = ORIENTED_EDGE('',*,*,#1994,.T.);
#2010 = ORIENTED_EDGE('',*,*,#2011,.F.);
#2011 = EDGE_CURVE('',#1131,#1987,#2012,.T.);
#2012 = LINE('',#2013,#2014);
#2013 = CARTESIAN_POINT('',(4.185,9.9,-0.51));
#2014 = VECTOR('',#2015,1.);
#2015 = DIRECTION('',(1.,0.,0.));
#2016 = ORIENTED_EDGE('',*,*,#1130,.T.);
#2017 = ORIENTED_EDGE('',*,*,#2018,.T.);
#2018 = EDGE_CURVE('',#1121,#1042,#2019,.T.);
#2019 = LINE('',#2020,#2021);
#2020 = CARTESIAN_POINT('',(4.185,11.05,-0.51));
#2021 = VECTOR('',#2022,1.);
#2022 = DIRECTION('',(1.,0.,0.));
#2023 = ORIENTED_EDGE('',*,*,#1041,.T.);
#2024 = ORIENTED_EDGE('',*,*,#1971,.T.);
#2025 = PLANE('',#2026);
#2026 = AXIS2_PLACEMENT_3D('',#2027,#2028,#2029);
#2027 = CARTESIAN_POINT('',(0.,0.,-0.51));
#2028 = DIRECTION('',(0.,0.,1.));
#2029 = DIRECTION('',(1.,0.,-0.));
#2030 = ADVANCED_FACE('',(#2031),#2056,.F.);
#2031 = FACE_BOUND('',#2032,.T.);
#2032 = EDGE_LOOP('',(#2033,#2034,#2042,#2050));
#2033 = ORIENTED_EDGE('',*,*,#1253,.F.);
#2034 = ORIENTED_EDGE('',*,*,#2035,.T.);
#2035 = EDGE_CURVE('',#1246,#2036,#2038,.T.);
#2036 = VERTEX_POINT('',#2037);
#2037 = CARTESIAN_POINT('',(-3.89,9.6,-0.51));
#2038 = LINE('',#2039,#2040);
#2039 = CARTESIAN_POINT('',(-3.89,9.6,-0.51));
#2040 = VECTOR('',#2041,1.);
#2041 = DIRECTION('',(0.,0.,-1.));
#2042 = ORIENTED_EDGE('',*,*,#2043,.T.);
#2043 = EDGE_CURVE('',#2036,#2044,#2046,.T.);
#2044 = VERTEX_POINT('',#2045);
#2045 = CARTESIAN_POINT('',(-4.19,9.9,-0.51));
#2046 = LINE('',#2047,#2048);
#2047 = CARTESIAN_POINT('',(-4.19,9.9,-0.51));
#2048 = VECTOR('',#2049,1.);
#2049 = DIRECTION('',(-0.707106781187,0.707106781187,0.));
#2050 = ORIENTED_EDGE('',*,*,#2051,.F.);
#2051 = EDGE_CURVE('',#1254,#2044,#2052,.T.);
#2052 = LINE('',#2053,#2054);
#2053 = CARTESIAN_POINT('',(-4.19,9.9,-0.51));
#2054 = VECTOR('',#2055,1.);
#2055 = DIRECTION('',(0.,0.,-1.));
#2056 = PLANE('',#2057);
#2057 = AXIS2_PLACEMENT_3D('',#2058,#2059,#2060);
#2058 = CARTESIAN_POINT('',(-4.19,9.9,-0.51));
#2059 = DIRECTION('',(-0.707106781187,-0.707106781187,0.));
#2060 = DIRECTION('',(0.707106781187,-0.707106781187,0.));
#2061 = ADVANCED_FACE('',(#2062),#2080,.F.);
#2062 = FACE_BOUND('',#2063,.T.);
#2063 = EDGE_LOOP('',(#2064,#2065,#2073,#2079));
#2064 = ORIENTED_EDGE('',*,*,#1245,.F.);
#2065 = ORIENTED_EDGE('',*,*,#2066,.T.);
#2066 = EDGE_CURVE('',#1238,#2067,#2069,.T.);
#2067 = VERTEX_POINT('',#2068);
#2068 = CARTESIAN_POINT('',(-3.89,8.05,-0.51));
#2069 = LINE('',#2070,#2071);
#2070 = CARTESIAN_POINT('',(-3.89,8.05,-0.51));
#2071 = VECTOR('',#2072,1.);
#2072 = DIRECTION('',(0.,0.,-1.));
#2073 = ORIENTED_EDGE('',*,*,#2074,.T.);
#2074 = EDGE_CURVE('',#2067,#2036,#2075,.T.);
#2075 = LINE('',#2076,#2077);
#2076 = CARTESIAN_POINT('',(-3.89,9.6,-0.51));
#2077 = VECTOR('',#2078,1.);
#2078 = DIRECTION('',(0.,1.,0.));
#2079 = ORIENTED_EDGE('',*,*,#2035,.F.);
#2080 = PLANE('',#2081);
#2081 = AXIS2_PLACEMENT_3D('',#2082,#2083,#2084);
#2082 = CARTESIAN_POINT('',(-3.89,9.6,-0.51));
#2083 = DIRECTION('',(-1.,0.,0.));
#2084 = DIRECTION('',(0.,0.,1.));
#2085 = ADVANCED_FACE('',(#2086),#2102,.F.);
#2086 = FACE_BOUND('',#2087,.T.);
#2087 = EDGE_LOOP('',(#2088,#2089,#2095,#2096));
#2088 = ORIENTED_EDGE('',*,*,#2066,.F.);
#2089 = ORIENTED_EDGE('',*,*,#2090,.T.);
#2090 = EDGE_CURVE('',#1238,#1582,#2091,.T.);
#2091 = LINE('',#2092,#2093);
#2092 = CARTESIAN_POINT('',(-3.675605095541,8.05,-0.116942675159));
#2093 = VECTOR('',#2094,1.);
#2094 = DIRECTION('',(-0.877895572914,0.,0.478852130681));
#2095 = ORIENTED_EDGE('',*,*,#1581,.T.);
#2096 = ORIENTED_EDGE('',*,*,#2097,.T.);
#2097 = EDGE_CURVE('',#1574,#2067,#2098,.T.);
#2098 = LINE('',#2099,#2100);
#2099 = CARTESIAN_POINT('',(-3.89,8.05,-0.51));
#2100 = VECTOR('',#2101,1.);
#2101 = DIRECTION('',(1.,0.,0.));
#2102 = PLANE('',#2103);
#2103 = AXIS2_PLACEMENT_3D('',#2104,#2105,#2106);
#2104 = CARTESIAN_POINT('',(-3.89,8.05,-0.51));
#2105 = DIRECTION('',(0.,1.,0.));
#2106 = DIRECTION('',(0.,-0.,1.));
#2107 = ADVANCED_FACE('',(#2108),#2122,.T.);
#2108 = FACE_BOUND('',#2109,.T.);
#2109 = EDGE_LOOP('',(#2110,#2111,#2112,#2113,#2119,#2120,#2121));
#2110 = ORIENTED_EDGE('',*,*,#1573,.F.);
#2111 = ORIENTED_EDGE('',*,*,#954,.F.);
#2112 = ORIENTED_EDGE('',*,*,#1006,.F.);
#2113 = ORIENTED_EDGE('',*,*,#2114,.T.);
#2114 = EDGE_CURVE('',#1007,#2044,#2115,.T.);
#2115 = LINE('',#2116,#2117);
#2116 = CARTESIAN_POINT('',(-4.185,9.9,-0.51));
#2117 = VECTOR('',#2118,1.);
#2118 = DIRECTION('',(-1.,0.,0.));
#2119 = ORIENTED_EDGE('',*,*,#2043,.F.);
#2120 = ORIENTED_EDGE('',*,*,#2074,.F.);
#2121 = ORIENTED_EDGE('',*,*,#2097,.F.);
#2122 = PLANE('',#2123);
#2123 = AXIS2_PLACEMENT_3D('',#2124,#2125,#2126);
#2124 = CARTESIAN_POINT('',(0.,0.,-0.51));
#2125 = DIRECTION('',(0.,0.,-1.));
#2126 = DIRECTION('',(-1.,0.,0.));
#2127 = ADVANCED_FACE('',(#2128),#2134,.F.);
#2128 = FACE_BOUND('',#2129,.T.);
#2129 = EDGE_LOOP('',(#2130,#2131,#2132,#2133));
#2130 = ORIENTED_EDGE('',*,*,#2090,.F.);
#2131 = ORIENTED_EDGE('',*,*,#1237,.F.);
#2132 = ORIENTED_EDGE('',*,*,#1737,.F.);
#2133 = ORIENTED_EDGE('',*,*,#1589,.F.);
#2134 = PLANE('',#2135);
#2135 = AXIS2_PLACEMENT_3D('',#2136,#2137,#2138);
#2136 = CARTESIAN_POINT('',(-4.825,9.9,0.51));
#2137 = DIRECTION('',(0.478852130681,0.,0.877895572914));
#2138 = DIRECTION('',(0.,-1.,0.));
#2139 = ADVANCED_FACE('',(#2140),#2146,.F.);
#2140 = FACE_BOUND('',#2141,.T.);
#2141 = EDGE_LOOP('',(#2142,#2143,#2144,#2145));
#2142 = ORIENTED_EDGE('',*,*,#1964,.F.);
#2143 = ORIENTED_EDGE('',*,*,#1098,.F.);
#2144 = ORIENTED_EDGE('',*,*,#1760,.F.);
#2145 = ORIENTED_EDGE('',*,*,#1292,.F.);
#2146 = PLANE('',#2147);
#2147 = AXIS2_PLACEMENT_3D('',#2148,#2149,#2150);
#2148 = CARTESIAN_POINT('',(3.89,9.9,2.954460402943E-16));
#2149 = DIRECTION('',(-0.478852130681,0.,0.877895572914));
#2150 = DIRECTION('',(0.,-1.,0.));
#2151 = ADVANCED_FACE('',(#2152),#2177,.F.);
#2152 = FACE_BOUND('',#2153,.T.);
#2153 = EDGE_LOOP('',(#2154,#2155,#2163,#2171));
#2154 = ORIENTED_EDGE('',*,*,#1427,.T.);
#2155 = ORIENTED_EDGE('',*,*,#2156,.T.);
#2156 = EDGE_CURVE('',#1430,#2157,#2159,.T.);
#2157 = VERTEX_POINT('',#2158);
#2158 = CARTESIAN_POINT('',(0.23,6.6,1.31));
#2159 = LINE('',#2160,#2161);
#2160 = CARTESIAN_POINT('',(0.23,6.6,1.31));
#2161 = VECTOR('',#2162,1.);
#2162 = DIRECTION('',(0.,1.,0.));
#2163 = ORIENTED_EDGE('',*,*,#2164,.T.);
#2164 = EDGE_CURVE('',#2157,#2165,#2167,.T.);
#2165 = VERTEX_POINT('',#2166);
#2166 = CARTESIAN_POINT('',(0.23,6.6,3.2));
#2167 = LINE('',#2168,#2169);
#2168 = CARTESIAN_POINT('',(0.23,6.6,3.2));
#2169 = VECTOR('',#2170,1.);
#2170 = DIRECTION('',(-2.294607772456E-16,0.,1.));
#2171 = ORIENTED_EDGE('',*,*,#2172,.F.);
#2172 = EDGE_CURVE('',#1428,#2165,#2173,.T.);
#2173 = LINE('',#2174,#2175);
#2174 = CARTESIAN_POINT('',(0.23,6.6,3.2));
#2175 = VECTOR('',#2176,1.);
#2176 = DIRECTION('',(0.,1.,0.));
#2177 = PLANE('',#2178);
#2178 = AXIS2_PLACEMENT_3D('',#2179,#2180,#2181);
#2179 = CARTESIAN_POINT('',(0.23,6.6,3.2));
#2180 = DIRECTION('',(-1.,0.,-2.294607772456E-16));
#2181 = DIRECTION('',(-2.294607772456E-16,0.,1.));
#2182 = ADVANCED_FACE('',(#2183),#2201,.F.);
#2183 = FACE_BOUND('',#2184,.T.);
#2184 = EDGE_LOOP('',(#2185,#2186,#2194,#2200));
#2185 = ORIENTED_EDGE('',*,*,#1461,.T.);
#2186 = ORIENTED_EDGE('',*,*,#2187,.T.);
#2187 = EDGE_CURVE('',#1454,#2188,#2190,.T.);
#2188 = VERTEX_POINT('',#2189);
#2189 = CARTESIAN_POINT('',(0.88,6.6,0.66));
#2190 = LINE('',#2191,#2192);
#2191 = CARTESIAN_POINT('',(0.88,6.6,0.66));
#2192 = VECTOR('',#2193,1.);
#2193 = DIRECTION('',(0.,1.,0.));
#2194 = ORIENTED_EDGE('',*,*,#2195,.T.);
#2195 = EDGE_CURVE('',#2188,#2157,#2196,.T.);
#2196 = LINE('',#2197,#2198);
#2197 = CARTESIAN_POINT('',(0.23,6.6,1.31));
#2198 = VECTOR('',#2199,1.);
#2199 = DIRECTION('',(-0.707106781187,0.,0.707106781187));
#2200 = ORIENTED_EDGE('',*,*,#2156,.F.);
#2201 = PLANE('',#2202);
#2202 = AXIS2_PLACEMENT_3D('',#2203,#2204,#2205);
#2203 = CARTESIAN_POINT('',(0.23,6.6,1.31));
#2204 = DIRECTION('',(-0.707106781187,0.,-0.707106781187));
#2205 = DIRECTION('',(-0.707106781187,0.,0.707106781187));
#2206 = ADVANCED_FACE('',(#2207),#2225,.F.);
#2207 = FACE_BOUND('',#2208,.T.);
#2208 = EDGE_LOOP('',(#2209,#2210,#2218,#2224));
#2209 = ORIENTED_EDGE('',*,*,#1453,.T.);
#2210 = ORIENTED_EDGE('',*,*,#2211,.T.);
#2211 = EDGE_CURVE('',#1446,#2212,#2214,.T.);
#2212 = VERTEX_POINT('',#2213);
#2213 = CARTESIAN_POINT('',(2.77,6.6,0.66));
#2214 = LINE('',#2215,#2216);
#2215 = CARTESIAN_POINT('',(2.77,6.6,0.66));
#2216 = VECTOR('',#2217,1.);
#2217 = DIRECTION('',(0.,1.,0.));
#2218 = ORIENTED_EDGE('',*,*,#2219,.T.);
#2219 = EDGE_CURVE('',#2212,#2188,#2220,.T.);
#2220 = LINE('',#2221,#2222);
#2221 = CARTESIAN_POINT('',(0.88,6.6,0.66));
#2222 = VECTOR('',#2223,1.);
#2223 = DIRECTION('',(-1.,0.,-5.73651943114E-16));
#2224 = ORIENTED_EDGE('',*,*,#2187,.F.);
#2225 = PLANE('',#2226);
#2226 = AXIS2_PLACEMENT_3D('',#2227,#2228,#2229);
#2227 = CARTESIAN_POINT('',(0.88,6.6,0.66));
#2228 = DIRECTION('',(5.73651943114E-16,0.,-1.));
#2229 = DIRECTION('',(-1.,0.,-5.73651943114E-16));
#2230 = ADVANCED_FACE('',(#2231),#2249,.F.);
#2231 = FACE_BOUND('',#2232,.T.);
#2232 = EDGE_LOOP('',(#2233,#2234,#2242,#2248));
#2233 = ORIENTED_EDGE('',*,*,#1445,.T.);
#2234 = ORIENTED_EDGE('',*,*,#2235,.T.);
#2235 = EDGE_CURVE('',#1438,#2236,#2238,.T.);
#2236 = VERTEX_POINT('',#2237);
#2237 = CARTESIAN_POINT('',(2.77,6.6,3.2));
#2238 = LINE('',#2239,#2240);
#2239 = CARTESIAN_POINT('',(2.77,6.6,3.2));
#2240 = VECTOR('',#2241,1.);
#2241 = DIRECTION('',(0.,1.,0.));
#2242 = ORIENTED_EDGE('',*,*,#2243,.T.);
#2243 = EDGE_CURVE('',#2236,#2212,#2244,.T.);
#2244 = LINE('',#2245,#2246);
#2245 = CARTESIAN_POINT('',(2.77,6.6,0.66));
#2246 = VECTOR('',#2247,1.);
#2247 = DIRECTION('',(6.829619984161E-16,0.,-1.));
#2248 = ORIENTED_EDGE('',*,*,#2211,.F.);
#2249 = PLANE('',#2250);
#2250 = AXIS2_PLACEMENT_3D('',#2251,#2252,#2253);
#2251 = CARTESIAN_POINT('',(2.77,6.6,0.66));
#2252 = DIRECTION('',(1.,0.,6.829619984161E-16));
#2253 = DIRECTION('',(6.829619984161E-16,0.,-1.));
#2254 = ADVANCED_FACE('',(#2255),#2266,.F.);
#2255 = FACE_BOUND('',#2256,.T.);
#2256 = EDGE_LOOP('',(#2257,#2258,#2259,#2265));
#2257 = ORIENTED_EDGE('',*,*,#1437,.T.);
#2258 = ORIENTED_EDGE('',*,*,#2172,.T.);
#2259 = ORIENTED_EDGE('',*,*,#2260,.T.);
#2260 = EDGE_CURVE('',#2165,#2236,#2261,.T.);
#2261 = LINE('',#2262,#2263);
#2262 = CARTESIAN_POINT('',(2.77,6.6,3.2));
#2263 = VECTOR('',#2264,1.);
#2264 = DIRECTION('',(1.,0.,1.70740499604E-16));
#2265 = ORIENTED_EDGE('',*,*,#2235,.F.);
#2266 = PLANE('',#2267);
#2267 = AXIS2_PLACEMENT_3D('',#2268,#2269,#2270);
#2268 = CARTESIAN_POINT('',(2.77,6.6,3.2));
#2269 = DIRECTION('',(-1.70740499604E-16,0.,1.));
#2270 = DIRECTION('',(1.,0.,1.70740499604E-16));
#2271 = ADVANCED_FACE('',(#2272,#2306),#2313,.T.);
#2272 = FACE_BOUND('',#2273,.T.);
#2273 = EDGE_LOOP('',(#2274,#2284,#2292,#2300));
#2274 = ORIENTED_EDGE('',*,*,#2275,.F.);
#2275 = EDGE_CURVE('',#2276,#2278,#2280,.T.);
#2276 = VERTEX_POINT('',#2277);
#2277 = CARTESIAN_POINT('',(1.82,6.6,1.64));
#2278 = VERTEX_POINT('',#2279);
#2279 = CARTESIAN_POINT('',(1.82,6.6,2.28));
#2280 = LINE('',#2281,#2282);
#2281 = CARTESIAN_POINT('',(1.82,6.6,0.));
#2282 = VECTOR('',#2283,1.);
#2283 = DIRECTION('',(0.,0.,1.));
#2284 = ORIENTED_EDGE('',*,*,#2285,.T.);
#2285 = EDGE_CURVE('',#2276,#2286,#2288,.T.);
#2286 = VERTEX_POINT('',#2287);
#2287 = CARTESIAN_POINT('',(1.18,6.6,1.64));
#2288 = LINE('',#2289,#2290);
#2289 = CARTESIAN_POINT('',(0.,6.6,1.64));
#2290 = VECTOR('',#2291,1.);
#2291 = DIRECTION('',(-1.,0.,0.));
#2292 = ORIENTED_EDGE('',*,*,#2293,.T.);
#2293 = EDGE_CURVE('',#2286,#2294,#2296,.T.);
#2294 = VERTEX_POINT('',#2295);
#2295 = CARTESIAN_POINT('',(1.18,6.6,2.28));
#2296 = LINE('',#2297,#2298);
#2297 = CARTESIAN_POINT('',(1.18,6.6,0.));
#2298 = VECTOR('',#2299,1.);
#2299 = DIRECTION('',(0.,0.,1.));
#2300 = ORIENTED_EDGE('',*,*,#2301,.T.);
#2301 = EDGE_CURVE('',#2294,#2278,#2302,.T.);
#2302 = LINE('',#2303,#2304);
#2303 = CARTESIAN_POINT('',(0.,6.6,2.28));
#2304 = VECTOR('',#2305,1.);
#2305 = DIRECTION('',(1.,0.,0.));
#2306 = FACE_BOUND('',#2307,.T.);
#2307 = EDGE_LOOP('',(#2308,#2309,#2310,#2311,#2312));
#2308 = ORIENTED_EDGE('',*,*,#2164,.F.);
#2309 = ORIENTED_EDGE('',*,*,#2195,.F.);
#2310 = ORIENTED_EDGE('',*,*,#2219,.F.);
#2311 = ORIENTED_EDGE('',*,*,#2243,.F.);
#2312 = ORIENTED_EDGE('',*,*,#2260,.F.);
#2313 = PLANE('',#2314);
#2314 = AXIS2_PLACEMENT_3D('',#2315,#2316,#2317);
#2315 = CARTESIAN_POINT('',(0.,6.6,0.));
#2316 = DIRECTION('',(0.,-1.,0.));
#2317 = DIRECTION('',(0.,0.,-1.));
#2318 = ADVANCED_FACE('',(#2319),#2335,.F.);
#2319 = FACE_BOUND('',#2320,.T.);
#2320 = EDGE_LOOP('',(#2321,#2322,#2328,#2329));
#2321 = ORIENTED_EDGE('',*,*,#1393,.T.);
#2322 = ORIENTED_EDGE('',*,*,#2323,.T.);
#2323 = EDGE_CURVE('',#1396,#871,#2324,.T.);
#2324 = LINE('',#2325,#2326);
#2325 = CARTESIAN_POINT('',(-2.77,6.6,0.66));
#2326 = VECTOR('',#2327,1.);
#2327 = DIRECTION('',(0.,1.,0.));
#2328 = ORIENTED_EDGE('',*,*,#870,.T.);
#2329 = ORIENTED_EDGE('',*,*,#2330,.F.);
#2330 = EDGE_CURVE('',#1394,#873,#2331,.T.);
#2331 = LINE('',#2332,#2333);
#2332 = CARTESIAN_POINT('',(-2.77,6.6,3.2));
#2333 = VECTOR('',#2334,1.);
#2334 = DIRECTION('',(0.,1.,0.));
#2335 = PLANE('',#2336);
#2336 = AXIS2_PLACEMENT_3D('',#2337,#2338,#2339);
#2337 = CARTESIAN_POINT('',(-2.77,6.6,3.2));
#2338 = DIRECTION('',(-1.,0.,-3.41480999208E-16));
#2339 = DIRECTION('',(-3.41480999208E-16,0.,1.));
#2340 = ADVANCED_FACE('',(#2341),#2352,.F.);
#2341 = FACE_BOUND('',#2342,.T.);
#2342 = EDGE_LOOP('',(#2343,#2344,#2350,#2351));
#2343 = ORIENTED_EDGE('',*,*,#1419,.T.);
#2344 = ORIENTED_EDGE('',*,*,#2345,.T.);
#2345 = EDGE_CURVE('',#1412,#881,#2346,.T.);
#2346 = LINE('',#2347,#2348);
#2347 = CARTESIAN_POINT('',(-0.23,6.6,0.66));
#2348 = VECTOR('',#2349,1.);
#2349 = DIRECTION('',(0.,1.,0.));
#2350 = ORIENTED_EDGE('',*,*,#880,.T.);
#2351 = ORIENTED_EDGE('',*,*,#2323,.F.);
#2352 = PLANE('',#2353);
#2353 = AXIS2_PLACEMENT_3D('',#2354,#2355,#2356);
#2354 = CARTESIAN_POINT('',(-2.77,6.6,0.66));
#2355 = DIRECTION('',(1.70740499604E-16,0.,-1.));
#2356 = DIRECTION('',(-1.,0.,-1.70740499604E-16));
#2357 = ADVANCED_FACE('',(#2358),#2369,.F.);
#2358 = FACE_BOUND('',#2359,.T.);
#2359 = EDGE_LOOP('',(#2360,#2361,#2367,#2368));
#2360 = ORIENTED_EDGE('',*,*,#1411,.T.);
#2361 = ORIENTED_EDGE('',*,*,#2362,.T.);
#2362 = EDGE_CURVE('',#1404,#889,#2363,.T.);
#2363 = LINE('',#2364,#2365);
#2364 = CARTESIAN_POINT('',(-0.23,6.6,3.2));
#2365 = VECTOR('',#2366,1.);
#2366 = DIRECTION('',(0.,1.,0.));
#2367 = ORIENTED_EDGE('',*,*,#888,.T.);
#2368 = ORIENTED_EDGE('',*,*,#2345,.F.);
#2369 = PLANE('',#2370);
#2370 = AXIS2_PLACEMENT_3D('',#2371,#2372,#2373);
#2371 = CARTESIAN_POINT('',(-0.23,6.6,0.66));
#2372 = DIRECTION('',(1.,0.,8.537024980201E-17));
#2373 = DIRECTION('',(8.537024980201E-17,0.,-1.));
#2374 = ADVANCED_FACE('',(#2375),#2381,.F.);
#2375 = FACE_BOUND('',#2376,.T.);
#2376 = EDGE_LOOP('',(#2377,#2378,#2379,#2380));
#2377 = ORIENTED_EDGE('',*,*,#1403,.T.);
#2378 = ORIENTED_EDGE('',*,*,#2330,.T.);
#2379 = ORIENTED_EDGE('',*,*,#896,.T.);
#2380 = ORIENTED_EDGE('',*,*,#2362,.F.);
#2381 = PLANE('',#2382);
#2382 = AXIS2_PLACEMENT_3D('',#2383,#2384,#2385);
#2383 = CARTESIAN_POINT('',(-0.23,6.6,3.2));
#2384 = DIRECTION('',(-1.70740499604E-16,0.,1.));
#2385 = DIRECTION('',(1.,0.,1.70740499604E-16));
#2386 = ADVANCED_FACE('',(#2387),#2412,.T.);
#2387 = FACE_BOUND('',#2388,.T.);
#2388 = EDGE_LOOP('',(#2389,#2397,#2398,#2406));
#2389 = ORIENTED_EDGE('',*,*,#2390,.T.);
#2390 = EDGE_CURVE('',#2391,#1204,#2393,.T.);
#2391 = VERTEX_POINT('',#2392);
#2392 = CARTESIAN_POINT('',(-1.475,1.6,-0.51));
#2393 = LINE('',#2394,#2395);
#2394 = CARTESIAN_POINT('',(-1.475,1.6,1.443289932013E-15));
#2395 = VECTOR('',#2396,1.);
#2396 = DIRECTION('',(0.,0.,1.));
#2397 = ORIENTED_EDGE('',*,*,#1203,.T.);
#2398 = ORIENTED_EDGE('',*,*,#2399,.F.);
#2399 = EDGE_CURVE('',#2400,#1194,#2402,.T.);
#2400 = VERTEX_POINT('',#2401);
#2401 = CARTESIAN_POINT('',(-1.475,8.06,-0.51));
#2402 = LINE('',#2403,#2404);
#2403 = CARTESIAN_POINT('',(-1.475,8.06,1.443289932013E-15));
#2404 = VECTOR('',#2405,1.);
#2405 = DIRECTION('',(0.,0.,1.));
#2406 = ORIENTED_EDGE('',*,*,#2407,.F.);
#2407 = EDGE_CURVE('',#2391,#2400,#2408,.T.);
#2408 = LINE('',#2409,#2410);
#2409 = CARTESIAN_POINT('',(-1.475,8.06,-0.51));
#2410 = VECTOR('',#2411,1.);
#2411 = DIRECTION('',(0.,1.,0.));
#2412 = PLANE('',#2413);
#2413 = AXIS2_PLACEMENT_3D('',#2414,#2415,#2416);
#2414 = CARTESIAN_POINT('',(-1.475,8.06,1.443289932013E-15));
#2415 = DIRECTION('',(-1.,0.,0.));
#2416 = DIRECTION('',(0.,0.,1.));
#2417 = ADVANCED_FACE('',(#2418),#2443,.T.);
#2418 = FACE_BOUND('',#2419,.T.);
#2419 = EDGE_LOOP('',(#2420,#2428,#2429,#2437));
#2420 = ORIENTED_EDGE('',*,*,#2421,.T.);
#2421 = EDGE_CURVE('',#2422,#2391,#2424,.T.);
#2422 = VERTEX_POINT('',#2423);
#2423 = CARTESIAN_POINT('',(-0.475,1.6,-0.51));
#2424 = LINE('',#2425,#2426);
#2425 = CARTESIAN_POINT('',(-1.475,1.6,-0.51));
#2426 = VECTOR('',#2427,1.);
#2427 = DIRECTION('',(-1.,0.,-2.168404344971E-16));
#2428 = ORIENTED_EDGE('',*,*,#2407,.T.);
#2429 = ORIENTED_EDGE('',*,*,#2430,.F.);
#2430 = EDGE_CURVE('',#2431,#2400,#2433,.T.);
#2431 = VERTEX_POINT('',#2432);
#2432 = CARTESIAN_POINT('',(-0.475,8.06,-0.51));
#2433 = LINE('',#2434,#2435);
#2434 = CARTESIAN_POINT('',(-1.475,8.06,-0.51));
#2435 = VECTOR('',#2436,1.);
#2436 = DIRECTION('',(-1.,0.,-2.168404344971E-16));
#2437 = ORIENTED_EDGE('',*,*,#2438,.F.);
#2438 = EDGE_CURVE('',#2422,#2431,#2439,.T.);
#2439 = LINE('',#2440,#2441);
#2440 = CARTESIAN_POINT('',(-0.475,8.06,-0.51));
#2441 = VECTOR('',#2442,1.);
#2442 = DIRECTION('',(0.,1.,0.));
#2443 = PLANE('',#2444);
#2444 = AXIS2_PLACEMENT_3D('',#2445,#2446,#2447);
#2445 = CARTESIAN_POINT('',(-1.475,8.06,-0.51));
#2446 = DIRECTION('',(2.168404344971E-16,0.,-1.));
#2447 = DIRECTION('',(-1.,0.,-2.168404344971E-16));
#2448 = ADVANCED_FACE('',(#2449),#2465,.T.);
#2449 = FACE_BOUND('',#2450,.T.);
#2450 = EDGE_LOOP('',(#2451,#2457,#2458,#2464));
#2451 = ORIENTED_EDGE('',*,*,#2452,.T.);
#2452 = EDGE_CURVE('',#1212,#2422,#2453,.T.);
#2453 = LINE('',#2454,#2455);
#2454 = CARTESIAN_POINT('',(-0.475,1.6,-0.51));
#2455 = VECTOR('',#2456,1.);
#2456 = DIRECTION('',(0.,0.,-1.));
#2457 = ORIENTED_EDGE('',*,*,#2438,.T.);
#2458 = ORIENTED_EDGE('',*,*,#2459,.F.);
#2459 = EDGE_CURVE('',#1196,#2431,#2460,.T.);
#2460 = LINE('',#2461,#2462);
#2461 = CARTESIAN_POINT('',(-0.475,8.06,-0.51));
#2462 = VECTOR('',#2463,1.);
#2463 = DIRECTION('',(0.,0.,-1.));
#2464 = ORIENTED_EDGE('',*,*,#1219,.F.);
#2465 = PLANE('',#2466);
#2466 = AXIS2_PLACEMENT_3D('',#2467,#2468,#2469);
#2467 = CARTESIAN_POINT('',(-0.475,8.06,-0.51));
#2468 = DIRECTION('',(1.,0.,0.));
#2469 = DIRECTION('',(0.,0.,-1.));
#2470 = ADVANCED_FACE('',(#2471),#2477,.F.);
#2471 = FACE_BOUND('',#2472,.T.);
#2472 = EDGE_LOOP('',(#2473,#2474,#2475,#2476));
#2473 = ORIENTED_EDGE('',*,*,#2399,.T.);
#2474 = ORIENTED_EDGE('',*,*,#1193,.T.);
#2475 = ORIENTED_EDGE('',*,*,#2459,.T.);
#2476 = ORIENTED_EDGE('',*,*,#2430,.T.);
#2477 = PLANE('',#2478);
#2478 = AXIS2_PLACEMENT_3D('',#2479,#2480,#2481);
#2479 = CARTESIAN_POINT('',(0.,8.06,0.));
#2480 = DIRECTION('',(0.,-1.,0.));
#2481 = DIRECTION('',(0.,0.,-1.));
#2482 = ADVANCED_FACE('',(#2483),#2489,.T.);
#2483 = FACE_BOUND('',#2484,.T.);
#2484 = EDGE_LOOP('',(#2485,#2486,#2487,#2488));
#2485 = ORIENTED_EDGE('',*,*,#2390,.F.);
#2486 = ORIENTED_EDGE('',*,*,#2421,.F.);
#2487 = ORIENTED_EDGE('',*,*,#2452,.F.);
#2488 = ORIENTED_EDGE('',*,*,#1211,.F.);
#2489 = PLANE('',#2490);
#2490 = AXIS2_PLACEMENT_3D('',#2491,#2492,#2493);
#2491 = CARTESIAN_POINT('',(0.,1.6,0.));
#2492 = DIRECTION('',(0.,-1.,0.));
#2493 = DIRECTION('',(0.,0.,-1.));
#2494 = ADVANCED_FACE('',(#2495),#2520,.T.);
#2495 = FACE_BOUND('',#2496,.T.);
#2496 = EDGE_LOOP('',(#2497,#2505,#2506,#2514));
#2497 = ORIENTED_EDGE('',*,*,#2498,.T.);
#2498 = EDGE_CURVE('',#2499,#1170,#2501,.T.);
#2499 = VERTEX_POINT('',#2500);
#2500 = CARTESIAN_POINT('',(0.475,1.6,-0.51));
#2501 = LINE('',#2502,#2503);
#2502 = CARTESIAN_POINT('',(0.475,1.6,1.554312234475E-15));
#2503 = VECTOR('',#2504,1.);
#2504 = DIRECTION('',(0.,0.,1.));
#2505 = ORIENTED_EDGE('',*,*,#1169,.T.);
#2506 = ORIENTED_EDGE('',*,*,#2507,.F.);
#2507 = EDGE_CURVE('',#2508,#1160,#2510,.T.);
#2508 = VERTEX_POINT('',#2509);
#2509 = CARTESIAN_POINT('',(0.475,8.06,-0.51));
#2510 = LINE('',#2511,#2512);
#2511 = CARTESIAN_POINT('',(0.475,8.06,1.554312234475E-15));
#2512 = VECTOR('',#2513,1.);
#2513 = DIRECTION('',(0.,0.,1.));
#2514 = ORIENTED_EDGE('',*,*,#2515,.F.);
#2515 = EDGE_CURVE('',#2499,#2508,#2516,.T.);
#2516 = LINE('',#2517,#2518);
#2517 = CARTESIAN_POINT('',(0.475,8.06,-0.51));
#2518 = VECTOR('',#2519,1.);
#2519 = DIRECTION('',(0.,1.,0.));
#2520 = PLANE('',#2521);
#2521 = AXIS2_PLACEMENT_3D('',#2522,#2523,#2524);
#2522 = CARTESIAN_POINT('',(0.475,8.06,1.554312234475E-15));
#2523 = DIRECTION('',(-1.,0.,0.));
#2524 = DIRECTION('',(0.,0.,1.));
#2525 = ADVANCED_FACE('',(#2526),#2551,.T.);
#2526 = FACE_BOUND('',#2527,.T.);
#2527 = EDGE_LOOP('',(#2528,#2536,#2537,#2545));
#2528 = ORIENTED_EDGE('',*,*,#2529,.T.);
#2529 = EDGE_CURVE('',#2530,#2499,#2532,.T.);
#2530 = VERTEX_POINT('',#2531);
#2531 = CARTESIAN_POINT('',(1.475,1.6,-0.51));
#2532 = LINE('',#2533,#2534);
#2533 = CARTESIAN_POINT('',(0.475,1.6,-0.51));
#2534 = VECTOR('',#2535,1.);
#2535 = DIRECTION('',(-1.,0.,2.168404344971E-16));
#2536 = ORIENTED_EDGE('',*,*,#2515,.T.);
#2537 = ORIENTED_EDGE('',*,*,#2538,.F.);
#2538 = EDGE_CURVE('',#2539,#2508,#2541,.T.);
#2539 = VERTEX_POINT('',#2540);
#2540 = CARTESIAN_POINT('',(1.475,8.06,-0.51));
#2541 = LINE('',#2542,#2543);
#2542 = CARTESIAN_POINT('',(0.475,8.06,-0.51));
#2543 = VECTOR('',#2544,1.);
#2544 = DIRECTION('',(-1.,0.,2.168404344971E-16));
#2545 = ORIENTED_EDGE('',*,*,#2546,.F.);
#2546 = EDGE_CURVE('',#2530,#2539,#2547,.T.);
#2547 = LINE('',#2548,#2549);
#2548 = CARTESIAN_POINT('',(1.475,8.06,-0.51));
#2549 = VECTOR('',#2550,1.);
#2550 = DIRECTION('',(0.,1.,0.));
#2551 = PLANE('',#2552);
#2552 = AXIS2_PLACEMENT_3D('',#2553,#2554,#2555);
#2553 = CARTESIAN_POINT('',(0.475,8.06,-0.51));
#2554 = DIRECTION('',(-2.168404344971E-16,0.,-1.));
#2555 = DIRECTION('',(-1.,0.,2.168404344971E-16));
#2556 = ADVANCED_FACE('',(#2557),#2573,.T.);
#2557 = FACE_BOUND('',#2558,.T.);
#2558 = EDGE_LOOP('',(#2559,#2565,#2566,#2572));
#2559 = ORIENTED_EDGE('',*,*,#2560,.T.);
#2560 = EDGE_CURVE('',#1178,#2530,#2561,.T.);
#2561 = LINE('',#2562,#2563);
#2562 = CARTESIAN_POINT('',(1.475,1.6,-0.51));
#2563 = VECTOR('',#2564,1.);
#2564 = DIRECTION('',(0.,0.,-1.));
#2565 = ORIENTED_EDGE('',*,*,#2546,.T.);
#2566 = ORIENTED_EDGE('',*,*,#2567,.F.);
#2567 = EDGE_CURVE('',#1162,#2539,#2568,.T.);
#2568 = LINE('',#2569,#2570);
#2569 = CARTESIAN_POINT('',(1.475,8.06,-0.51));
#2570 = VECTOR('',#2571,1.);
#2571 = DIRECTION('',(0.,0.,-1.));
#2572 = ORIENTED_EDGE('',*,*,#1185,.F.);
#2573 = PLANE('',#2574);
#2574 = AXIS2_PLACEMENT_3D('',#2575,#2576,#2577);
#2575 = CARTESIAN_POINT('',(1.475,8.06,-0.51));
#2576 = DIRECTION('',(1.,0.,0.));
#2577 = DIRECTION('',(0.,0.,-1.));
#2578 = ADVANCED_FACE('',(#2579),#2585,.F.);
#2579 = FACE_BOUND('',#2580,.T.);
#2580 = EDGE_LOOP('',(#2581,#2582,#2583,#2584));
#2581 = ORIENTED_EDGE('',*,*,#2507,.T.);
#2582 = ORIENTED_EDGE('',*,*,#1159,.T.);
#2583 = ORIENTED_EDGE('',*,*,#2567,.T.);
#2584 = ORIENTED_EDGE('',*,*,#2538,.T.);
#2585 = PLANE('',#2586);
#2586 = AXIS2_PLACEMENT_3D('',#2587,#2588,#2589);
#2587 = CARTESIAN_POINT('',(0.,8.06,0.));
#2588 = DIRECTION('',(0.,-1.,0.));
#2589 = DIRECTION('',(0.,0.,-1.));
#2590 = ADVANCED_FACE('',(#2591),#2597,.T.);
#2591 = FACE_BOUND('',#2592,.T.);
#2592 = EDGE_LOOP('',(#2593,#2594,#2595,#2596));
#2593 = ORIENTED_EDGE('',*,*,#2498,.F.);
#2594 = ORIENTED_EDGE('',*,*,#2529,.F.);
#2595 = ORIENTED_EDGE('',*,*,#2560,.F.);
#2596 = ORIENTED_EDGE('',*,*,#1177,.F.);
#2597 = PLANE('',#2598);
#2598 = AXIS2_PLACEMENT_3D('',#2599,#2600,#2601);
#2599 = CARTESIAN_POINT('',(0.,1.6,0.));
#2600 = DIRECTION('',(0.,-1.,0.));
#2601 = DIRECTION('',(0.,0.,-1.));
#2602 = ADVANCED_FACE('',(#2603),#2609,.T.);
#2603 = FACE_BOUND('',#2604,.T.);
#2604 = EDGE_LOOP('',(#2605,#2606,#2607,#2608));
#2605 = ORIENTED_EDGE('',*,*,#1986,.F.);
#2606 = ORIENTED_EDGE('',*,*,#1268,.F.);
#2607 = ORIENTED_EDGE('',*,*,#1138,.T.);
#2608 = ORIENTED_EDGE('',*,*,#2011,.T.);
#2609 = PLANE('',#2610);
#2610 = AXIS2_PLACEMENT_3D('',#2611,#2612,#2613);
#2611 = CARTESIAN_POINT('',(4.185,9.9,0.39));
#2612 = DIRECTION('',(0.,-1.,0.));
#2613 = DIRECTION('',(0.,0.,-1.));
#2614 = ADVANCED_FACE('',(#2615),#2632,.T.);
#2615 = FACE_BOUND('',#2616,.T.);
#2616 = EDGE_LOOP('',(#2617,#2625,#2631));
#2617 = ORIENTED_EDGE('',*,*,#2618,.F.);
#2618 = EDGE_CURVE('',#2619,#1121,#2621,.T.);
#2619 = VERTEX_POINT('',#2620);
#2620 = CARTESIAN_POINT('',(4.505,11.3,-6.E-02));
#2621 = LINE('',#2622,#2623);
#2622 = CARTESIAN_POINT('',(4.185,11.05,-0.51));
#2623 = VECTOR('',#2624,1.);
#2624 = DIRECTION('',(-0.527934936028,-0.412449168772,-0.74240850379));
#2625 = ORIENTED_EDGE('',*,*,#2626,.F.);
#2626 = EDGE_CURVE('',#1042,#2619,#2627,.T.);
#2627 = LINE('',#2628,#2629);
#2628 = CARTESIAN_POINT('',(4.646622210125,11.18935764834,
    -0.259156232989));
#2629 = VECTOR('',#2630,1.);
#2630 = DIRECTION('',(-0.527934936028,0.412449168772,0.74240850379));
#2631 = ORIENTED_EDGE('',*,*,#2018,.F.);
#2632 = PLANE('',#2633);
#2633 = AXIS2_PLACEMENT_3D('',#2634,#2635,#2636);
#2634 = CARTESIAN_POINT('',(4.185,11.05,-0.51));
#2635 = DIRECTION('',(0.,0.874157276122,-0.485642931179));
#2636 = DIRECTION('',(0.,0.485642931179,0.874157276122));
#2637 = ADVANCED_FACE('',(#2638),#2658,.T.);
#2638 = FACE_BOUND('',#2639,.T.);
#2639 = EDGE_LOOP('',(#2640,#2646,#2652));
#2640 = ORIENTED_EDGE('',*,*,#2641,.F.);
#2641 = EDGE_CURVE('',#1123,#2619,#2642,.T.);
#2642 = LINE('',#2643,#2644);
#2643 = CARTESIAN_POINT('',(4.415811105063,11.23032117583,
    6.542188350572E-02));
#2644 = VECTOR('',#2645,1.);
#2645 = DIRECTION('',(0.527934936028,0.412449168772,-0.74240850379));
#2646 = ORIENTED_EDGE('',*,*,#2647,.T.);
#2647 = EDGE_CURVE('',#1123,#1052,#2648,.T.);
#2648 = LINE('',#2649,#2650);
#2649 = CARTESIAN_POINT('',(4.185,11.05,0.39));
#2650 = VECTOR('',#2651,1.);
#2651 = DIRECTION('',(1.,0.,0.));
#2652 = ORIENTED_EDGE('',*,*,#2653,.F.);
#2653 = EDGE_CURVE('',#2619,#1052,#2654,.T.);
#2654 = LINE('',#2655,#2656);
#2655 = CARTESIAN_POINT('',(4.415811105063,11.36967882417,
    -0.185421883506));
#2656 = VECTOR('',#2657,1.);
#2657 = DIRECTION('',(0.527934936028,-0.412449168772,0.74240850379));
#2658 = PLANE('',#2659);
#2659 = AXIS2_PLACEMENT_3D('',#2660,#2661,#2662);
#2660 = CARTESIAN_POINT('',(4.185,11.3,-6.E-02));
#2661 = DIRECTION('',(0.,0.874157276122,0.485642931179));
#2662 = DIRECTION('',(0.,-0.485642931179,0.874157276122));
#2663 = ADVANCED_FACE('',(#2664),#2670,.T.);
#2664 = FACE_BOUND('',#2665,.T.);
#2665 = EDGE_LOOP('',(#2666,#2667,#2668,#2669));
#2666 = ORIENTED_EDGE('',*,*,#1059,.F.);
#2667 = ORIENTED_EDGE('',*,*,#2647,.F.);
#2668 = ORIENTED_EDGE('',*,*,#1145,.T.);
#2669 = ORIENTED_EDGE('',*,*,#824,.T.);
#2670 = PLANE('',#2671);
#2671 = AXIS2_PLACEMENT_3D('',#2672,#2673,#2674);
#2672 = CARTESIAN_POINT('',(4.185,11.05,0.39));
#2673 = DIRECTION('',(0.,-1.41417674672E-16,1.));
#2674 = DIRECTION('',(0.,-1.,-1.41417674672E-16));
#2675 = ADVANCED_FACE('',(#2676),#2681,.F.);
#2676 = FACE_BOUND('',#2677,.T.);
#2677 = EDGE_LOOP('',(#2678,#2679,#2680));
#2678 = ORIENTED_EDGE('',*,*,#2626,.T.);
#2679 = ORIENTED_EDGE('',*,*,#2653,.T.);
#2680 = ORIENTED_EDGE('',*,*,#1051,.F.);
#2681 = PLANE('',#2682);
#2682 = AXIS2_PLACEMENT_3D('',#2683,#2684,#2685);
#2683 = CARTESIAN_POINT('',(4.505,11.3,-8.52));
#2684 = DIRECTION('',(-0.615644041972,-0.788024373725,-1.11440574517E-16
    ));
#2685 = DIRECTION('',(0.788024373725,-0.615644041972,8.443112003634E-32)
  );
#2686 = ADVANCED_FACE('',(#2687),#2692,.F.);
#2687 = FACE_BOUND('',#2688,.T.);
#2688 = EDGE_LOOP('',(#2689,#2690,#2691));
#2689 = ORIENTED_EDGE('',*,*,#2618,.T.);
#2690 = ORIENTED_EDGE('',*,*,#1120,.T.);
#2691 = ORIENTED_EDGE('',*,*,#2641,.T.);
#2692 = PLANE('',#2693);
#2693 = AXIS2_PLACEMENT_3D('',#2694,#2695,#2696);
#2694 = CARTESIAN_POINT('',(4.185,11.05,-8.52));
#2695 = DIRECTION('',(0.615644041972,-0.788024373725,-1.11440574517E-16)
  );
#2696 = DIRECTION('',(0.788024373725,0.615644041972,-5.803690205465E-33)
  );
#2697 = ADVANCED_FACE('',(#2698),#2704,.F.);
#2698 = FACE_BOUND('',#2699,.T.);
#2699 = EDGE_LOOP('',(#2700,#2701,#2702,#2703));
#2700 = ORIENTED_EDGE('',*,*,#1261,.F.);
#2701 = ORIENTED_EDGE('',*,*,#2051,.T.);
#2702 = ORIENTED_EDGE('',*,*,#2114,.F.);
#2703 = ORIENTED_EDGE('',*,*,#1027,.F.);
#2704 = PLANE('',#2705);
#2705 = AXIS2_PLACEMENT_3D('',#2706,#2707,#2708);
#2706 = CARTESIAN_POINT('',(-4.185,9.9,0.39));
#2707 = DIRECTION('',(0.,1.,0.));
#2708 = DIRECTION('',(0.,-0.,1.));
#2709 = ADVANCED_FACE('',(#2710),#2716,.F.);
#2710 = FACE_BOUND('',#2711,.T.);
#2711 = EDGE_LOOP('',(#2712,#2713,#2714,#2715));
#2712 = ORIENTED_EDGE('',*,*,#1614,.T.);
#2713 = ORIENTED_EDGE('',*,*,#792,.F.);
#2714 = ORIENTED_EDGE('',*,*,#1020,.F.);
#2715 = ORIENTED_EDGE('',*,*,#992,.T.);
#2716 = PLANE('',#2717);
#2717 = AXIS2_PLACEMENT_3D('',#2718,#2719,#2720);
#2718 = CARTESIAN_POINT('',(-4.185,11.05,0.39));
#2719 = DIRECTION('',(0.,1.41417674672E-16,-1.));
#2720 = DIRECTION('',(0.,1.,1.41417674672E-16));
#2721 = ADVANCED_FACE('',(#2722),#2727,.T.);
#2722 = FACE_BOUND('',#2723,.T.);
#2723 = EDGE_LOOP('',(#2724,#2725,#2726));
#2724 = ORIENTED_EDGE('',*,*,#962,.F.);
#2725 = ORIENTED_EDGE('',*,*,#1567,.T.);
#2726 = ORIENTED_EDGE('',*,*,#984,.F.);
#2727 = PLANE('',#2728);
#2728 = AXIS2_PLACEMENT_3D('',#2729,#2730,#2731);
#2729 = CARTESIAN_POINT('',(-4.505,11.3,-8.52));
#2730 = DIRECTION('',(-0.615644041972,0.788024373725,1.11440574517E-16)
  );
#2731 = DIRECTION('',(-0.788024373725,-0.615644041972,8.443112003634E-32
    ));
#2732 = ADVANCED_FACE('',(#2733),#2738,.T.);
#2733 = FACE_BOUND('',#2734,.T.);
#2734 = EDGE_LOOP('',(#2735,#2736,#2737));
#2735 = ORIENTED_EDGE('',*,*,#944,.F.);
#2736 = ORIENTED_EDGE('',*,*,#976,.F.);
#2737 = ORIENTED_EDGE('',*,*,#1014,.F.);
#2738 = PLANE('',#2739);
#2739 = AXIS2_PLACEMENT_3D('',#2740,#2741,#2742);
#2740 = CARTESIAN_POINT('',(-4.185,11.05,-8.52));
#2741 = DIRECTION('',(0.615644041972,0.788024373725,1.11440574517E-16));
#2742 = DIRECTION('',(-0.788024373725,0.615644041972,-5.803690205465E-33
    ));
#2743 = ADVANCED_FACE('',(#2744),#2769,.F.);
#2744 = FACE_BOUND('',#2745,.T.);
#2745 = EDGE_LOOP('',(#2746,#2756,#2762,#2763));
#2746 = ORIENTED_EDGE('',*,*,#2747,.T.);
#2747 = EDGE_CURVE('',#2748,#2750,#2752,.T.);
#2748 = VERTEX_POINT('',#2749);
#2749 = CARTESIAN_POINT('',(-1.18,3.28,2.28));
#2750 = VERTEX_POINT('',#2751);
#2751 = CARTESIAN_POINT('',(-1.82,3.28,2.28));
#2752 = LINE('',#2753,#2754);
#2753 = CARTESIAN_POINT('',(-1.18,3.28,2.28));
#2754 = VECTOR('',#2755,1.);
#2755 = DIRECTION('',(-1.,0.,0.));
#2756 = ORIENTED_EDGE('',*,*,#2757,.T.);
#2757 = EDGE_CURVE('',#2750,#501,#2758,.T.);
#2758 = LINE('',#2759,#2760);
#2759 = CARTESIAN_POINT('',(-1.781176303753,3.131764068876,
    2.243040631343));
#2760 = VECTOR('',#2761,1.);
#2761 = DIRECTION('',(0.246296620735,-0.94040527917,-0.234469370119));
#2762 = ORIENTED_EDGE('',*,*,#498,.F.);
#2763 = ORIENTED_EDGE('',*,*,#2764,.T.);
#2764 = EDGE_CURVE('',#499,#2748,#2765,.T.);
#2765 = LINE('',#2766,#2767);
#2766 = CARTESIAN_POINT('',(-1.18,3.28,2.28));
#2767 = VECTOR('',#2768,1.);
#2768 = DIRECTION('',(0.246296620735,0.94040527917,0.234469370119));
#2769 = PLANE('',#2770);
#2770 = AXIS2_PLACEMENT_3D('',#2771,#2772,#2773);
#2771 = CARTESIAN_POINT('',(-1.18,3.28,2.28));
#2772 = DIRECTION('',(0.,0.2419218956,-0.970295726276));
#2773 = DIRECTION('',(0.,0.970295726276,0.2419218956));
#2774 = ADVANCED_FACE('',(#2775),#2800,.F.);
#2775 = FACE_BOUND('',#2776,.T.);
#2776 = EDGE_LOOP('',(#2777,#2778,#2786,#2794));
#2777 = ORIENTED_EDGE('',*,*,#516,.T.);
#2778 = ORIENTED_EDGE('',*,*,#2779,.T.);
#2779 = EDGE_CURVE('',#509,#2780,#2782,.T.);
#2780 = VERTEX_POINT('',#2781);
#2781 = CARTESIAN_POINT('',(-1.82,3.28,1.64));
#2782 = LINE('',#2783,#2784);
#2783 = CARTESIAN_POINT('',(-1.574521949338,2.3427201702,1.873690108069)
  );
#2784 = VECTOR('',#2785,1.);
#2785 = DIRECTION('',(-0.246296620735,0.94040527917,-0.234469370119));
#2786 = ORIENTED_EDGE('',*,*,#2787,.F.);
#2787 = EDGE_CURVE('',#2788,#2780,#2790,.T.);
#2788 = VERTEX_POINT('',#2789);
#2789 = CARTESIAN_POINT('',(-1.18,3.28,1.64));
#2790 = LINE('',#2791,#2792);
#2791 = CARTESIAN_POINT('',(-1.18,3.28,1.64));
#2792 = VECTOR('',#2793,1.);
#2793 = DIRECTION('',(-1.,0.,0.));
#2794 = ORIENTED_EDGE('',*,*,#2795,.T.);
#2795 = EDGE_CURVE('',#2788,#517,#2796,.T.);
#2796 = LINE('',#2797,#2798);
#2797 = CARTESIAN_POINT('',(-1.386654354415,2.490956101324,
    1.836730739413));
#2798 = VECTOR('',#2799,1.);
#2799 = DIRECTION('',(-0.246296620735,-0.94040527917,0.234469370119));
#2800 = PLANE('',#2801);
#2801 = AXIS2_PLACEMENT_3D('',#2802,#2803,#2804);
#2802 = CARTESIAN_POINT('',(-1.18,2.44,1.849435522388));
#2803 = DIRECTION('',(0.,0.2419218956,0.970295726276));
#2804 = DIRECTION('',(0.,-0.970295726276,0.2419218956));
#2805 = ADVANCED_FACE('',(#2806),#2827,.F.);
#2806 = FACE_BOUND('',#2807,.T.);
#2807 = EDGE_LOOP('',(#2808,#2814,#2820,#2826));
#2808 = ORIENTED_EDGE('',*,*,#2809,.T.);
#2809 = EDGE_CURVE('',#907,#2748,#2810,.T.);
#2810 = LINE('',#2811,#2812);
#2811 = CARTESIAN_POINT('',(-1.18,10.449587902621,2.28));
#2812 = VECTOR('',#2813,1.);
#2813 = DIRECTION('',(0.,-1.,-2.253128802171E-16));
#2814 = ORIENTED_EDGE('',*,*,#2815,.T.);
#2815 = EDGE_CURVE('',#2748,#2788,#2816,.T.);
#2816 = LINE('',#2817,#2818);
#2817 = CARTESIAN_POINT('',(-1.18,3.28,3.));
#2818 = VECTOR('',#2819,1.);
#2819 = DIRECTION('',(0.,0.,-1.));
#2820 = ORIENTED_EDGE('',*,*,#2821,.T.);
#2821 = EDGE_CURVE('',#2788,#915,#2822,.T.);
#2822 = LINE('',#2823,#2824);
#2823 = CARTESIAN_POINT('',(-1.18,3.28,1.64));
#2824 = VECTOR('',#2825,1.);
#2825 = DIRECTION('',(0.,1.,-6.531338388467E-17));
#2826 = ORIENTED_EDGE('',*,*,#914,.F.);
#2827 = PLANE('',#2828);
#2828 = AXIS2_PLACEMENT_3D('',#2829,#2830,#2831);
#2829 = CARTESIAN_POINT('',(-1.18,10.449587902621,1.));
#2830 = DIRECTION('',(-1.,0.,0.));
#2831 = DIRECTION('',(0.,0.,1.));
#2832 = ADVANCED_FACE('',(#2833),#2854,.T.);
#2833 = FACE_BOUND('',#2834,.T.);
#2834 = EDGE_LOOP('',(#2835,#2841,#2847,#2848));
#2835 = ORIENTED_EDGE('',*,*,#2836,.F.);
#2836 = EDGE_CURVE('',#2750,#2780,#2837,.T.);
#2837 = LINE('',#2838,#2839);
#2838 = CARTESIAN_POINT('',(-1.82,3.28,3.));
#2839 = VECTOR('',#2840,1.);
#2840 = DIRECTION('',(0.,0.,-1.));
#2841 = ORIENTED_EDGE('',*,*,#2842,.F.);
#2842 = EDGE_CURVE('',#905,#2750,#2843,.T.);
#2843 = LINE('',#2844,#2845);
#2844 = CARTESIAN_POINT('',(-1.82,6.6,2.28));
#2845 = VECTOR('',#2846,1.);
#2846 = DIRECTION('',(0.,-1.,-1.306267677693E-16));
#2847 = ORIENTED_EDGE('',*,*,#930,.T.);
#2848 = ORIENTED_EDGE('',*,*,#2849,.F.);
#2849 = EDGE_CURVE('',#2780,#923,#2850,.T.);
#2850 = LINE('',#2851,#2852);
#2851 = CARTESIAN_POINT('',(-1.82,6.6,1.64));
#2852 = VECTOR('',#2853,1.);
#2853 = DIRECTION('',(0.,1.,0.));
#2854 = PLANE('',#2855);
#2855 = AXIS2_PLACEMENT_3D('',#2856,#2857,#2858);
#2856 = CARTESIAN_POINT('',(-1.82,10.449587902621,1.));
#2857 = DIRECTION('',(-1.,0.,0.));
#2858 = DIRECTION('',(0.,0.,1.));
#2859 = ADVANCED_FACE('',(#2860),#2866,.F.);
#2860 = FACE_BOUND('',#2861,.T.);
#2861 = EDGE_LOOP('',(#2862,#2863,#2864,#2865));
#2862 = ORIENTED_EDGE('',*,*,#904,.F.);
#2863 = ORIENTED_EDGE('',*,*,#2842,.T.);
#2864 = ORIENTED_EDGE('',*,*,#2747,.F.);
#2865 = ORIENTED_EDGE('',*,*,#2809,.F.);
#2866 = PLANE('',#2867);
#2867 = AXIS2_PLACEMENT_3D('',#2868,#2869,#2870);
#2868 = CARTESIAN_POINT('',(-1.18,6.6,2.28));
#2869 = DIRECTION('',(0.,1.306267677693E-16,-1.));
#2870 = DIRECTION('',(0.,1.,1.306267677693E-16));
#2871 = ADVANCED_FACE('',(#2872),#2878,.F.);
#2872 = FACE_BOUND('',#2873,.T.);
#2873 = EDGE_LOOP('',(#2874,#2875,#2876,#2877));
#2874 = ORIENTED_EDGE('',*,*,#922,.F.);
#2875 = ORIENTED_EDGE('',*,*,#2821,.F.);
#2876 = ORIENTED_EDGE('',*,*,#2787,.T.);
#2877 = ORIENTED_EDGE('',*,*,#2849,.T.);
#2878 = PLANE('',#2879);
#2879 = AXIS2_PLACEMENT_3D('',#2880,#2881,#2882);
#2880 = CARTESIAN_POINT('',(-1.18,6.6,1.64));
#2881 = DIRECTION('',(0.,0.,1.));
#2882 = DIRECTION('',(1.,0.,-0.));
#2883 = ADVANCED_FACE('',(#2884),#2895,.F.);
#2884 = FACE_BOUND('',#2885,.T.);
#2885 = EDGE_LOOP('',(#2886,#2887,#2888,#2889));
#2886 = ORIENTED_EDGE('',*,*,#591,.F.);
#2887 = ORIENTED_EDGE('',*,*,#856,.T.);
#2888 = ORIENTED_EDGE('',*,*,#678,.T.);
#2889 = ORIENTED_EDGE('',*,*,#2890,.F.);
#2890 = EDGE_CURVE('',#592,#670,#2891,.T.);
#2891 = LINE('',#2892,#2893);
#2892 = CARTESIAN_POINT('',(-1.18,10.449587902621,1.64));
#2893 = VECTOR('',#2894,1.);
#2894 = DIRECTION('',(-1.,0.,0.));
#2895 = PLANE('',#2896);
#2896 = AXIS2_PLACEMENT_3D('',#2897,#2898,#2899);
#2897 = CARTESIAN_POINT('',(-1.18,6.6,1.64));
#2898 = DIRECTION('',(0.,0.,1.));
#2899 = DIRECTION('',(1.,0.,-0.));
#2900 = ADVANCED_FACE('',(#2901),#2912,.F.);
#2901 = FACE_BOUND('',#2902,.T.);
#2902 = EDGE_LOOP('',(#2903,#2904,#2905,#2906));
#2903 = ORIENTED_EDGE('',*,*,#694,.T.);
#2904 = ORIENTED_EDGE('',*,*,#849,.T.);
#2905 = ORIENTED_EDGE('',*,*,#575,.F.);
#2906 = ORIENTED_EDGE('',*,*,#2907,.T.);
#2907 = EDGE_CURVE('',#567,#695,#2908,.T.);
#2908 = LINE('',#2909,#2910);
#2909 = CARTESIAN_POINT('',(-1.18,10.449587902621,2.28));
#2910 = VECTOR('',#2911,1.);
#2911 = DIRECTION('',(-1.,0.,0.));
#2912 = PLANE('',#2913);
#2913 = AXIS2_PLACEMENT_3D('',#2914,#2915,#2916);
#2914 = CARTESIAN_POINT('',(-1.18,6.6,2.28));
#2915 = DIRECTION('',(0.,1.306267677693E-16,-1.));
#2916 = DIRECTION('',(0.,1.,1.306267677693E-16));
#2917 = ADVANCED_FACE('',(#2918),#2929,.F.);
#2918 = FACE_BOUND('',#2919,.F.);
#2919 = EDGE_LOOP('',(#2920,#2921,#2922,#2928));
#2920 = ORIENTED_EDGE('',*,*,#2890,.F.);
#2921 = ORIENTED_EDGE('',*,*,#599,.T.);
#2922 = ORIENTED_EDGE('',*,*,#2923,.T.);
#2923 = EDGE_CURVE('',#600,#661,#2924,.T.);
#2924 = LINE('',#2925,#2926);
#2925 = CARTESIAN_POINT('',(-1.18,10.712056922284,1.583703703704));
#2926 = VECTOR('',#2927,1.);
#2927 = DIRECTION('',(-1.,0.,0.));
#2928 = ORIENTED_EDGE('',*,*,#669,.F.);
#2929 = CYLINDRICAL_SURFACE('',#2930,0.64);
#2930 = AXIS2_PLACEMENT_3D('',#2931,#2932,#2933);
#2931 = CARTESIAN_POINT('',(-1.18,10.449587902621,1.));
#2932 = DIRECTION('',(-1.,0.,0.));
#2933 = DIRECTION('',(0.,0.,1.));
#2934 = ADVANCED_FACE('',(#2935),#2946,.T.);
#2935 = FACE_BOUND('',#2936,.T.);
#2936 = EDGE_LOOP('',(#2937,#2938,#2944,#2945));
#2937 = ORIENTED_EDGE('',*,*,#660,.T.);
#2938 = ORIENTED_EDGE('',*,*,#2939,.F.);
#2939 = EDGE_CURVE('',#609,#652,#2940,.T.);
#2940 = LINE('',#2941,#2942);
#2941 = CARTESIAN_POINT('',(-1.18,11.959188452651,1.583885296819));
#2942 = VECTOR('',#2943,1.);
#2943 = DIRECTION('',(-1.,0.,0.));
#2944 = ORIENTED_EDGE('',*,*,#608,.F.);
#2945 = ORIENTED_EDGE('',*,*,#2923,.T.);
#2946 = CYLINDRICAL_SURFACE('',#2947,1.52);
#2947 = AXIS2_PLACEMENT_3D('',#2948,#2949,#2950);
#2948 = CARTESIAN_POINT('',(-1.18,11.335420843982,2.97));
#2949 = DIRECTION('',(-1.,0.,0.));
#2950 = DIRECTION('',(0.,0.,1.));
#2951 = ADVANCED_FACE('',(#2952),#2963,.F.);
#2952 = FACE_BOUND('',#2953,.F.);
#2953 = EDGE_LOOP('',(#2954,#2955,#2956,#2962));
#2954 = ORIENTED_EDGE('',*,*,#2939,.F.);
#2955 = ORIENTED_EDGE('',*,*,#617,.T.);
#2956 = ORIENTED_EDGE('',*,*,#2957,.T.);
#2957 = EDGE_CURVE('',#541,#644,#2958,.T.);
#2958 = LINE('',#2959,#2960);
#2959 = CARTESIAN_POINT('',(-1.18,12.24,1.64));
#2960 = VECTOR('',#2961,1.);
#2961 = DIRECTION('',(-1.,0.,0.));
#2962 = ORIENTED_EDGE('',*,*,#651,.F.);
#2963 = CYLINDRICAL_SURFACE('',#2964,0.64);
#2964 = AXIS2_PLACEMENT_3D('',#2965,#2966,#2967);
#2965 = CARTESIAN_POINT('',(-1.18,12.221827445775,1.000258053374));
#2966 = DIRECTION('',(-1.,0.,0.));
#2967 = DIRECTION('',(0.,0.,1.));
#2968 = ADVANCED_FACE('',(#2969),#2985,.F.);
#2969 = FACE_BOUND('',#2970,.T.);
#2970 = EDGE_LOOP('',(#2971,#2972,#2978,#2979));
#2971 = ORIENTED_EDGE('',*,*,#744,.F.);
#2972 = ORIENTED_EDGE('',*,*,#2973,.T.);
#2973 = EDGE_CURVE('',#737,#541,#2974,.T.);
#2974 = LINE('',#2975,#2976);
#2975 = CARTESIAN_POINT('',(-1.18,12.24,1.64));
#2976 = VECTOR('',#2977,1.);
#2977 = DIRECTION('',(0.246296620735,-0.94040527917,-0.234469370119));
#2978 = ORIENTED_EDGE('',*,*,#2957,.T.);
#2979 = ORIENTED_EDGE('',*,*,#2980,.T.);
#2980 = EDGE_CURVE('',#644,#745,#2981,.T.);
#2981 = LINE('',#2982,#2983);
#2982 = CARTESIAN_POINT('',(-1.781176303753,12.388235931124,
    1.676959368657));
#2983 = VECTOR('',#2984,1.);
#2984 = DIRECTION('',(0.246296620735,0.94040527917,0.234469370119));
#2985 = PLANE('',#2986);
#2986 = AXIS2_PLACEMENT_3D('',#2987,#2988,#2989);
#2987 = CARTESIAN_POINT('',(-1.18,12.24,1.64));
#2988 = DIRECTION('',(0.,-0.2419218956,0.970295726276));
#2989 = DIRECTION('',(0.,-0.970295726276,-0.2419218956));
#2990 = ADVANCED_FACE('',(#2991),#3012,.F.);
#2991 = FACE_BOUND('',#2992,.T.);
#2992 = EDGE_LOOP('',(#2993,#2999,#3005,#3006));
#2993 = ORIENTED_EDGE('',*,*,#2994,.F.);
#2994 = EDGE_CURVE('',#539,#633,#2995,.T.);
#2995 = LINE('',#2996,#2997);
#2996 = CARTESIAN_POINT('',(-1.18,12.24,2.28));
#2997 = VECTOR('',#2998,1.);
#2998 = DIRECTION('',(-1.,0.,0.));
#2999 = ORIENTED_EDGE('',*,*,#3000,.T.);
#3000 = EDGE_CURVE('',#539,#727,#3001,.T.);
#3001 = LINE('',#3002,#3003);
#3002 = CARTESIAN_POINT('',(-1.386654354415,13.029043898676,
    2.083269260587));
#3003 = VECTOR('',#3004,1.);
#3004 = DIRECTION('',(-0.246296620735,0.94040527917,-0.234469370119));
#3005 = ORIENTED_EDGE('',*,*,#726,.T.);
#3006 = ORIENTED_EDGE('',*,*,#3007,.T.);
#3007 = EDGE_CURVE('',#729,#633,#3008,.T.);
#3008 = LINE('',#3009,#3010);
#3009 = CARTESIAN_POINT('',(-1.574521949338,13.1772798298,2.046309891931
    ));
#3010 = VECTOR('',#3011,1.);
#3011 = DIRECTION('',(-0.246296620735,-0.94040527917,0.234469370119));
#3012 = PLANE('',#3013);
#3013 = AXIS2_PLACEMENT_3D('',#3014,#3015,#3016);
#3014 = CARTESIAN_POINT('',(-1.18,13.08,2.070564477612));
#3015 = DIRECTION('',(0.,-0.2419218956,-0.970295726276));
#3016 = DIRECTION('',(0.,0.970295726276,-0.2419218956));
#3017 = ADVANCED_FACE('',(#3018),#3029,.T.);
#3018 = FACE_BOUND('',#3019,.T.);
#3019 = EDGE_LOOP('',(#3020,#3021,#3027,#3028));
#3020 = ORIENTED_EDGE('',*,*,#632,.T.);
#3021 = ORIENTED_EDGE('',*,*,#3022,.F.);
#3022 = EDGE_CURVE('',#549,#635,#3023,.T.);
#3023 = LINE('',#3024,#3025);
#3024 = CARTESIAN_POINT('',(-1.18,11.696549459527,2.167512540263));
#3025 = VECTOR('',#3026,1.);
#3026 = DIRECTION('',(-1.,0.,0.));
#3027 = ORIENTED_EDGE('',*,*,#548,.F.);
#3028 = ORIENTED_EDGE('',*,*,#2994,.T.);
#3029 = CYLINDRICAL_SURFACE('',#3030,0.64);
#3030 = AXIS2_PLACEMENT_3D('',#3031,#3032,#3033);
#3031 = CARTESIAN_POINT('',(-1.18,12.085169986816,1.659010735183));
#3032 = DIRECTION('',(-1.,0.,0.));
#3033 = DIRECTION('',(0.,0.,1.));
#3034 = ADVANCED_FACE('',(#3035),#3046,.F.);
#3035 = FACE_BOUND('',#3036,.F.);
#3036 = EDGE_LOOP('',(#3037,#3038,#3039,#3045));
#3037 = ORIENTED_EDGE('',*,*,#3022,.F.);
#3038 = ORIENTED_EDGE('',*,*,#557,.T.);
#3039 = ORIENTED_EDGE('',*,*,#3040,.T.);
#3040 = EDGE_CURVE('',#558,#703,#3041,.T.);
#3041 = LINE('',#3042,#3043);
#3042 = CARTESIAN_POINT('',(-1.18,10.974525941946,2.167407407407));
#3043 = VECTOR('',#3044,1.);
#3044 = DIRECTION('',(-1.,0.,0.));
#3045 = ORIENTED_EDGE('',*,*,#711,.F.);
#3046 = CYLINDRICAL_SURFACE('',#3047,0.88);
#3047 = AXIS2_PLACEMENT_3D('',#3048,#3049,#3050);
#3048 = CARTESIAN_POINT('',(-1.18,11.335420843982,2.97));
#3049 = DIRECTION('',(-1.,0.,0.));
#3050 = DIRECTION('',(0.,0.,1.));
#3051 = ADVANCED_FACE('',(#3052),#3058,.T.);
#3052 = FACE_BOUND('',#3053,.T.);
#3053 = EDGE_LOOP('',(#3054,#3055,#3056,#3057));
#3054 = ORIENTED_EDGE('',*,*,#702,.T.);
#3055 = ORIENTED_EDGE('',*,*,#2907,.F.);
#3056 = ORIENTED_EDGE('',*,*,#566,.F.);
#3057 = ORIENTED_EDGE('',*,*,#3040,.T.);
#3058 = CYLINDRICAL_SURFACE('',#3059,1.28);
#3059 = AXIS2_PLACEMENT_3D('',#3060,#3061,#3062);
#3060 = CARTESIAN_POINT('',(-1.18,10.449587902621,1.));
#3061 = DIRECTION('',(-1.,0.,0.));
#3062 = DIRECTION('',(0.,0.,1.));
#3063 = ADVANCED_FACE('',(#3064),#3070,.F.);
#3064 = FACE_BOUND('',#3065,.T.);
#3065 = EDGE_LOOP('',(#3066,#3067,#3068,#3069));
#3066 = ORIENTED_EDGE('',*,*,#643,.F.);
#3067 = ORIENTED_EDGE('',*,*,#3007,.F.);
#3068 = ORIENTED_EDGE('',*,*,#752,.T.);
#3069 = ORIENTED_EDGE('',*,*,#2980,.F.);
#3070 = PLANE('',#3071);
#3071 = AXIS2_PLACEMENT_3D('',#3072,#3073,#3074);
#3072 = CARTESIAN_POINT('',(-1.6,13.08,3.));
#3073 = DIRECTION('',(0.96737222338,-0.253359391838,0.));
#3074 = DIRECTION('',(0.253359391838,0.96737222338,0.));
#3075 = ADVANCED_FACE('',(#3076),#3082,.F.);
#3076 = FACE_BOUND('',#3077,.T.);
#3077 = EDGE_LOOP('',(#3078,#3079,#3080,#3081));
#3078 = ORIENTED_EDGE('',*,*,#736,.F.);
#3079 = ORIENTED_EDGE('',*,*,#3000,.F.);
#3080 = ORIENTED_EDGE('',*,*,#538,.T.);
#3081 = ORIENTED_EDGE('',*,*,#2973,.F.);
#3082 = PLANE('',#3083);
#3083 = AXIS2_PLACEMENT_3D('',#3084,#3085,#3086);
#3084 = CARTESIAN_POINT('',(-1.18,12.24,3.));
#3085 = DIRECTION('',(-0.96737222338,-0.253359391838,0.));
#3086 = DIRECTION('',(0.253359391838,-0.96737222338,0.));
#3087 = ADVANCED_FACE('',(#3088),#3094,.F.);
#3088 = FACE_BOUND('',#3089,.T.);
#3089 = EDGE_LOOP('',(#3090,#3091,#3092,#3093));
#3090 = ORIENTED_EDGE('',*,*,#524,.T.);
#3091 = ORIENTED_EDGE('',*,*,#2795,.F.);
#3092 = ORIENTED_EDGE('',*,*,#2815,.F.);
#3093 = ORIENTED_EDGE('',*,*,#2764,.F.);
#3094 = PLANE('',#3095);
#3095 = AXIS2_PLACEMENT_3D('',#3096,#3097,#3098);
#3096 = CARTESIAN_POINT('',(-1.4,2.44,3.));
#3097 = DIRECTION('',(-0.96737222338,0.253359391838,0.));
#3098 = DIRECTION('',(-0.253359391838,-0.96737222338,0.));
#3099 = ADVANCED_FACE('',(#3100),#3106,.F.);
#3100 = FACE_BOUND('',#3101,.T.);
#3101 = EDGE_LOOP('',(#3102,#3103,#3104,#3105));
#3102 = ORIENTED_EDGE('',*,*,#2836,.T.);
#3103 = ORIENTED_EDGE('',*,*,#2779,.F.);
#3104 = ORIENTED_EDGE('',*,*,#508,.F.);
#3105 = ORIENTED_EDGE('',*,*,#2757,.F.);
#3106 = PLANE('',#3107);
#3107 = AXIS2_PLACEMENT_3D('',#3108,#3109,#3110);
#3108 = CARTESIAN_POINT('',(-1.82,3.28,3.));
#3109 = DIRECTION('',(0.96737222338,0.253359391838,0.));
#3110 = DIRECTION('',(-0.253359391838,0.96737222338,0.));
#3111 = ADVANCED_FACE('',(#3112),#3137,.F.);
#3112 = FACE_BOUND('',#3113,.T.);
#3113 = EDGE_LOOP('',(#3114,#3115,#3123,#3131));
#3114 = ORIENTED_EDGE('',*,*,#248,.F.);
#3115 = ORIENTED_EDGE('',*,*,#3116,.T.);
#3116 = EDGE_CURVE('',#241,#3117,#3119,.T.);
#3117 = VERTEX_POINT('',#3118);
#3118 = CARTESIAN_POINT('',(1.82,3.28,2.28));
#3119 = LINE('',#3120,#3121);
#3120 = CARTESIAN_POINT('',(1.82,3.28,2.28));
#3121 = VECTOR('',#3122,1.);
#3122 = DIRECTION('',(0.235138839313,0.94309037345,0.235138839313));
#3123 = ORIENTED_EDGE('',*,*,#3124,.T.);
#3124 = EDGE_CURVE('',#3117,#3125,#3127,.T.);
#3125 = VERTEX_POINT('',#3126);
#3126 = CARTESIAN_POINT('',(1.18,3.28,2.28));
#3127 = LINE('',#3128,#3129);
#3128 = CARTESIAN_POINT('',(1.82,3.28,2.28));
#3129 = VECTOR('',#3130,1.);
#3130 = DIRECTION('',(-1.,0.,0.));
#3131 = ORIENTED_EDGE('',*,*,#3132,.T.);
#3132 = EDGE_CURVE('',#3125,#249,#3133,.T.);
#3133 = LINE('',#3134,#3135);
#3134 = CARTESIAN_POINT('',(1.215385775202,3.138075407501,2.244614224798
    ));
#3135 = VECTOR('',#3136,1.);
#3136 = DIRECTION('',(0.235138839313,-0.94309037345,-0.235138839313));
#3137 = PLANE('',#3138);
#3138 = AXIS2_PLACEMENT_3D('',#3139,#3140,#3141);
#3139 = CARTESIAN_POINT('',(1.82,3.28,2.28));
#3140 = DIRECTION('',(0.,0.2419218956,-0.970295726276));
#3141 = DIRECTION('',(0.,0.970295726276,0.2419218956));
#3142 = ADVANCED_FACE('',(#3143),#3168,.F.);
#3143 = FACE_BOUND('',#3144,.T.);
#3144 = EDGE_LOOP('',(#3145,#3155,#3161,#3162));
#3145 = ORIENTED_EDGE('',*,*,#3146,.F.);
#3146 = EDGE_CURVE('',#3147,#3149,#3151,.T.);
#3147 = VERTEX_POINT('',#3148);
#3148 = CARTESIAN_POINT('',(1.82,3.28,1.64));
#3149 = VERTEX_POINT('',#3150);
#3150 = CARTESIAN_POINT('',(1.18,3.28,1.64));
#3151 = LINE('',#3152,#3153);
#3152 = CARTESIAN_POINT('',(1.82,3.28,1.64));
#3153 = VECTOR('',#3154,1.);
#3154 = DIRECTION('',(-1.,0.,0.));
#3155 = ORIENTED_EDGE('',*,*,#3156,.T.);
#3156 = EDGE_CURVE('',#3147,#231,#3157,.T.);
#3157 = LINE('',#3158,#3159);
#3158 = CARTESIAN_POINT('',(1.622144224978,2.486443829953,1.837855775022
    ));
#3159 = VECTOR('',#3160,1.);
#3160 = DIRECTION('',(-0.235138839313,-0.94309037345,0.235138839313));
#3161 = ORIENTED_EDGE('',*,*,#230,.T.);
#3162 = ORIENTED_EDGE('',*,*,#3163,.T.);
#3163 = EDGE_CURVE('',#233,#3149,#3164,.T.);
#3164 = LINE('',#3165,#3166);
#3165 = CARTESIAN_POINT('',(1.413241550224,2.344519237454,1.873241550224
    ));
#3166 = VECTOR('',#3167,1.);
#3167 = DIRECTION('',(-0.235138839313,0.94309037345,-0.235138839313));
#3168 = PLANE('',#3169);
#3169 = AXIS2_PLACEMENT_3D('',#3170,#3171,#3172);
#3170 = CARTESIAN_POINT('',(1.82,2.44,1.849435522388));
#3171 = DIRECTION('',(0.,0.2419218956,0.970295726276));
#3172 = DIRECTION('',(0.,-0.970295726276,0.2419218956));
#3173 = ADVANCED_FACE('',(#3174),#3195,.T.);
#3174 = FACE_BOUND('',#3175,.T.);
#3175 = EDGE_LOOP('',(#3176,#3182,#3188,#3189));
#3176 = ORIENTED_EDGE('',*,*,#3177,.F.);
#3177 = EDGE_CURVE('',#3147,#3117,#3178,.T.);
#3178 = LINE('',#3179,#3180);
#3179 = CARTESIAN_POINT('',(1.82,3.28,1.63));
#3180 = VECTOR('',#3181,1.);
#3181 = DIRECTION('',(0.,0.,1.));
#3182 = ORIENTED_EDGE('',*,*,#3183,.T.);
#3183 = EDGE_CURVE('',#3147,#2276,#3184,.T.);
#3184 = LINE('',#3185,#3186);
#3185 = CARTESIAN_POINT('',(1.82,3.28,1.64));
#3186 = VECTOR('',#3187,1.);
#3187 = DIRECTION('',(0.,1.,0.));
#3188 = ORIENTED_EDGE('',*,*,#2275,.T.);
#3189 = ORIENTED_EDGE('',*,*,#3190,.T.);
#3190 = EDGE_CURVE('',#2278,#3117,#3191,.T.);
#3191 = LINE('',#3192,#3193);
#3192 = CARTESIAN_POINT('',(1.82,10.384167058639,2.28));
#3193 = VECTOR('',#3194,1.);
#3194 = DIRECTION('',(0.,-1.,0.));
#3195 = PLANE('',#3196);
#3196 = AXIS2_PLACEMENT_3D('',#3197,#3198,#3199);
#3197 = CARTESIAN_POINT('',(1.82,10.384167058639,2.92));
#3198 = DIRECTION('',(1.,0.,0.));
#3199 = DIRECTION('',(0.,0.,-1.));
#3200 = ADVANCED_FACE('',(#3201),#3222,.F.);
#3201 = FACE_BOUND('',#3202,.T.);
#3202 = EDGE_LOOP('',(#3203,#3209,#3215,#3221));
#3203 = ORIENTED_EDGE('',*,*,#3204,.F.);
#3204 = EDGE_CURVE('',#3149,#2286,#3205,.T.);
#3205 = LINE('',#3206,#3207);
#3206 = CARTESIAN_POINT('',(1.18,6.6,1.64));
#3207 = VECTOR('',#3208,1.);
#3208 = DIRECTION('',(0.,1.,0.));
#3209 = ORIENTED_EDGE('',*,*,#3210,.T.);
#3210 = EDGE_CURVE('',#3149,#3125,#3211,.T.);
#3211 = LINE('',#3212,#3213);
#3212 = CARTESIAN_POINT('',(1.18,3.28,1.63));
#3213 = VECTOR('',#3214,1.);
#3214 = DIRECTION('',(0.,0.,1.));
#3215 = ORIENTED_EDGE('',*,*,#3216,.F.);
#3216 = EDGE_CURVE('',#2294,#3125,#3217,.T.);
#3217 = LINE('',#3218,#3219);
#3218 = CARTESIAN_POINT('',(1.18,6.6,2.28));
#3219 = VECTOR('',#3220,1.);
#3220 = DIRECTION('',(0.,-1.,0.));
#3221 = ORIENTED_EDGE('',*,*,#2293,.F.);
#3222 = PLANE('',#3223);
#3223 = AXIS2_PLACEMENT_3D('',#3224,#3225,#3226);
#3224 = CARTESIAN_POINT('',(1.18,10.384167058639,2.92));
#3225 = DIRECTION('',(1.,0.,0.));
#3226 = DIRECTION('',(0.,0.,-1.));
#3227 = ADVANCED_FACE('',(#3228),#3234,.F.);
#3228 = FACE_BOUND('',#3229,.T.);
#3229 = EDGE_LOOP('',(#3230,#3231,#3232,#3233));
#3230 = ORIENTED_EDGE('',*,*,#2301,.F.);
#3231 = ORIENTED_EDGE('',*,*,#3216,.T.);
#3232 = ORIENTED_EDGE('',*,*,#3124,.F.);
#3233 = ORIENTED_EDGE('',*,*,#3190,.F.);
#3234 = PLANE('',#3235);
#3235 = AXIS2_PLACEMENT_3D('',#3236,#3237,#3238);
#3236 = CARTESIAN_POINT('',(1.82,6.6,2.28));
#3237 = DIRECTION('',(0.,0.,-1.));
#3238 = DIRECTION('',(-1.,0.,0.));
#3239 = ADVANCED_FACE('',(#3240),#3246,.F.);
#3240 = FACE_BOUND('',#3241,.T.);
#3241 = EDGE_LOOP('',(#3242,#3243,#3244,#3245));
#3242 = ORIENTED_EDGE('',*,*,#2285,.F.);
#3243 = ORIENTED_EDGE('',*,*,#3183,.F.);
#3244 = ORIENTED_EDGE('',*,*,#3146,.T.);
#3245 = ORIENTED_EDGE('',*,*,#3204,.T.);
#3246 = PLANE('',#3247);
#3247 = AXIS2_PLACEMENT_3D('',#3248,#3249,#3250);
#3248 = CARTESIAN_POINT('',(1.82,6.6,1.64));
#3249 = DIRECTION('',(0.,0.,1.));
#3250 = DIRECTION('',(1.,0.,-0.));
#3251 = ADVANCED_FACE('',(#3252),#3263,.F.);
#3252 = FACE_BOUND('',#3253,.T.);
#3253 = EDGE_LOOP('',(#3254,#3255,#3256,#3257));
#3254 = ORIENTED_EDGE('',*,*,#332,.F.);
#3255 = ORIENTED_EDGE('',*,*,#766,.T.);
#3256 = ORIENTED_EDGE('',*,*,#401,.T.);
#3257 = ORIENTED_EDGE('',*,*,#3258,.F.);
#3258 = EDGE_CURVE('',#333,#393,#3259,.T.);
#3259 = LINE('',#3260,#3261);
#3260 = CARTESIAN_POINT('',(1.82,10.384167058639,1.64));
#3261 = VECTOR('',#3262,1.);
#3262 = DIRECTION('',(-1.,0.,0.));
#3263 = PLANE('',#3264);
#3264 = AXIS2_PLACEMENT_3D('',#3265,#3266,#3267);
#3265 = CARTESIAN_POINT('',(1.82,6.6,1.64));
#3266 = DIRECTION('',(0.,0.,1.));
#3267 = DIRECTION('',(1.,0.,-0.));
#3268 = ADVANCED_FACE('',(#3269),#3280,.F.);
#3269 = FACE_BOUND('',#3270,.T.);
#3270 = EDGE_LOOP('',(#3271,#3272,#3273,#3274));
#3271 = ORIENTED_EDGE('',*,*,#417,.T.);
#3272 = ORIENTED_EDGE('',*,*,#773,.T.);
#3273 = ORIENTED_EDGE('',*,*,#316,.F.);
#3274 = ORIENTED_EDGE('',*,*,#3275,.T.);
#3275 = EDGE_CURVE('',#308,#418,#3276,.T.);
#3276 = LINE('',#3277,#3278);
#3277 = CARTESIAN_POINT('',(1.82,10.384167058639,2.28));
#3278 = VECTOR('',#3279,1.);
#3279 = DIRECTION('',(-1.,0.,0.));
#3280 = PLANE('',#3281);
#3281 = AXIS2_PLACEMENT_3D('',#3282,#3283,#3284);
#3282 = CARTESIAN_POINT('',(1.82,6.6,2.28));
#3283 = DIRECTION('',(0.,0.,-1.));
#3284 = DIRECTION('',(-1.,0.,0.));
#3285 = ADVANCED_FACE('',(#3286),#3297,.T.);
#3286 = FACE_BOUND('',#3287,.T.);
#3287 = EDGE_LOOP('',(#3288,#3289,#3295,#3296));
#3288 = ORIENTED_EDGE('',*,*,#392,.T.);
#3289 = ORIENTED_EDGE('',*,*,#3290,.F.);
#3290 = EDGE_CURVE('',#341,#384,#3291,.T.);
#3291 = LINE('',#3292,#3293);
#3292 = CARTESIAN_POINT('',(1.82,10.909105097964,1.752592592593));
#3293 = VECTOR('',#3294,1.);
#3294 = DIRECTION('',(-1.,0.,0.));
#3295 = ORIENTED_EDGE('',*,*,#340,.F.);
#3296 = ORIENTED_EDGE('',*,*,#3258,.T.);
#3297 = CYLINDRICAL_SURFACE('',#3298,1.28);
#3298 = AXIS2_PLACEMENT_3D('',#3299,#3300,#3301);
#3299 = CARTESIAN_POINT('',(1.82,10.384167058639,2.92));
#3300 = DIRECTION('',(-1.,0.,0.));
#3301 = DIRECTION('',(0.,0.,1.));
#3302 = ADVANCED_FACE('',(#3303),#3314,.F.);
#3303 = FACE_BOUND('',#3304,.F.);
#3304 = EDGE_LOOP('',(#3305,#3306,#3307,#3313));
#3305 = ORIENTED_EDGE('',*,*,#3290,.F.);
#3306 = ORIENTED_EDGE('',*,*,#349,.T.);
#3307 = ORIENTED_EDGE('',*,*,#3308,.T.);
#3308 = EDGE_CURVE('',#271,#375,#3309,.T.);
#3309 = LINE('',#3310,#3311);
#3310 = CARTESIAN_POINT('',(1.82,11.634815865992,1.750817946802));
#3311 = VECTOR('',#3312,1.);
#3312 = DIRECTION('',(-1.,0.,0.));
#3313 = ORIENTED_EDGE('',*,*,#383,.F.);
#3314 = CYLINDRICAL_SURFACE('',#3315,0.88);
#3315 = AXIS2_PLACEMENT_3D('',#3316,#3317,#3318);
#3316 = CARTESIAN_POINT('',(1.82,11.27,0.95));
#3317 = DIRECTION('',(-1.,0.,0.));
#3318 = DIRECTION('',(0.,0.,1.));
#3319 = ADVANCED_FACE('',(#3320),#3331,.T.);
#3320 = FACE_BOUND('',#3321,.T.);
#3321 = EDGE_LOOP('',(#3322,#3323,#3329,#3330));
#3322 = ORIENTED_EDGE('',*,*,#374,.T.);
#3323 = ORIENTED_EDGE('',*,*,#3324,.F.);
#3324 = EDGE_CURVE('',#273,#365,#3325,.T.);
#3325 = LINE('',#3326,#3327);
#3326 = CARTESIAN_POINT('',(1.82,12.24,1.64));
#3327 = VECTOR('',#3328,1.);
#3328 = DIRECTION('',(-1.,0.,0.));
#3329 = ORIENTED_EDGE('',*,*,#270,.F.);
#3330 = ORIENTED_EDGE('',*,*,#3308,.T.);
#3331 = CYLINDRICAL_SURFACE('',#3332,1.261419654088);
#3332 = AXIS2_PLACEMENT_3D('',#3333,#3334,#3335);
#3333 = CARTESIAN_POINT('',(1.82,12.157754392681,2.898735557532));
#3334 = DIRECTION('',(-1.,0.,0.));
#3335 = DIRECTION('',(0.,0.,1.));
#3336 = ADVANCED_FACE('',(#3337),#3353,.F.);
#3337 = FACE_BOUND('',#3338,.T.);
#3338 = EDGE_LOOP('',(#3339,#3340,#3346,#3347));
#3339 = ORIENTED_EDGE('',*,*,#3324,.T.);
#3340 = ORIENTED_EDGE('',*,*,#3341,.T.);
#3341 = EDGE_CURVE('',#365,#461,#3342,.T.);
#3342 = LINE('',#3343,#3344);
#3343 = CARTESIAN_POINT('',(1.215385775202,12.381924592499,
    1.675385775202));
#3344 = VECTOR('',#3345,1.);
#3345 = DIRECTION('',(0.235138839313,0.94309037345,0.235138839313));
#3346 = ORIENTED_EDGE('',*,*,#458,.F.);
#3347 = ORIENTED_EDGE('',*,*,#3348,.T.);
#3348 = EDGE_CURVE('',#459,#273,#3349,.T.);
#3349 = LINE('',#3350,#3351);
#3350 = CARTESIAN_POINT('',(1.82,12.24,1.64));
#3351 = VECTOR('',#3352,1.);
#3352 = DIRECTION('',(0.235138839313,-0.94309037345,-0.235138839313));
#3353 = PLANE('',#3354);
#3354 = AXIS2_PLACEMENT_3D('',#3355,#3356,#3357);
#3355 = CARTESIAN_POINT('',(1.82,12.24,1.64));
#3356 = DIRECTION('',(0.,-0.2419218956,0.970295726276));
#3357 = DIRECTION('',(0.,-0.970295726276,-0.2419218956));
#3358 = ADVANCED_FACE('',(#3359),#3380,.F.);
#3359 = FACE_BOUND('',#3360,.T.);
#3360 = EDGE_LOOP('',(#3361,#3362,#3368,#3374));
#3361 = ORIENTED_EDGE('',*,*,#476,.T.);
#3362 = ORIENTED_EDGE('',*,*,#3363,.T.);
#3363 = EDGE_CURVE('',#469,#367,#3364,.T.);
#3364 = LINE('',#3365,#3366);
#3365 = CARTESIAN_POINT('',(1.413241550224,13.175480762546,
    2.046758449776));
#3366 = VECTOR('',#3367,1.);
#3367 = DIRECTION('',(-0.235138839313,-0.94309037345,0.235138839313));
#3368 = ORIENTED_EDGE('',*,*,#3369,.F.);
#3369 = EDGE_CURVE('',#282,#367,#3370,.T.);
#3370 = LINE('',#3371,#3372);
#3371 = CARTESIAN_POINT('',(1.82,12.24,2.28));
#3372 = VECTOR('',#3373,1.);
#3373 = DIRECTION('',(-1.,0.,0.));
#3374 = ORIENTED_EDGE('',*,*,#3375,.T.);
#3375 = EDGE_CURVE('',#282,#477,#3376,.T.);
#3376 = LINE('',#3377,#3378);
#3377 = CARTESIAN_POINT('',(1.622144224978,13.033556170047,
    2.082144224978));
#3378 = VECTOR('',#3379,1.);
#3379 = DIRECTION('',(-0.235138839313,0.94309037345,-0.235138839313));
#3380 = PLANE('',#3381);
#3381 = AXIS2_PLACEMENT_3D('',#3382,#3383,#3384);
#3382 = CARTESIAN_POINT('',(1.82,13.08,2.070564477612));
#3383 = DIRECTION('',(0.,-0.2419218956,-0.970295726276));
#3384 = DIRECTION('',(0.,0.970295726276,-0.2419218956));
#3385 = ADVANCED_FACE('',(#3386),#3397,.F.);
#3386 = FACE_BOUND('',#3387,.F.);
#3387 = EDGE_LOOP('',(#3388,#3389,#3390,#3396));
#3388 = ORIENTED_EDGE('',*,*,#3369,.F.);
#3389 = ORIENTED_EDGE('',*,*,#289,.T.);
#3390 = ORIENTED_EDGE('',*,*,#3391,.T.);
#3391 = EDGE_CURVE('',#290,#435,#3392,.T.);
#3392 = LINE('',#3393,#3394);
#3393 = CARTESIAN_POINT('',(1.82,11.900136495805,2.333230999022));
#3394 = VECTOR('',#3395,1.);
#3395 = DIRECTION('',(-1.,0.,0.));
#3396 = ORIENTED_EDGE('',*,*,#443,.F.);
#3397 = CYLINDRICAL_SURFACE('',#3398,0.64);
#3398 = AXIS2_PLACEMENT_3D('',#3399,#3400,#3401);
#3399 = CARTESIAN_POINT('',(1.82,12.165457125617,2.915644051242));
#3400 = DIRECTION('',(-1.,0.,0.));
#3401 = DIRECTION('',(0.,0.,1.));
#3402 = ADVANCED_FACE('',(#3403),#3414,.T.);
#3403 = FACE_BOUND('',#3404,.T.);
#3404 = EDGE_LOOP('',(#3405,#3406,#3412,#3413));
#3405 = ORIENTED_EDGE('',*,*,#434,.T.);
#3406 = ORIENTED_EDGE('',*,*,#3407,.F.);
#3407 = EDGE_CURVE('',#299,#426,#3408,.T.);
#3408 = LINE('',#3409,#3410);
#3409 = CARTESIAN_POINT('',(1.82,10.646636078302,2.336296296296));
#3410 = VECTOR('',#3411,1.);
#3411 = DIRECTION('',(-1.,0.,0.));
#3412 = ORIENTED_EDGE('',*,*,#298,.F.);
#3413 = ORIENTED_EDGE('',*,*,#3391,.T.);
#3414 = CYLINDRICAL_SURFACE('',#3415,1.52);
#3415 = AXIS2_PLACEMENT_3D('',#3416,#3417,#3418);
#3416 = CARTESIAN_POINT('',(1.82,11.27,0.95));
#3417 = DIRECTION('',(-1.,0.,0.));
#3418 = DIRECTION('',(0.,0.,1.));
#3419 = ADVANCED_FACE('',(#3420),#3426,.F.);
#3420 = FACE_BOUND('',#3421,.F.);
#3421 = EDGE_LOOP('',(#3422,#3423,#3424,#3425));
#3422 = ORIENTED_EDGE('',*,*,#3407,.F.);
#3423 = ORIENTED_EDGE('',*,*,#307,.T.);
#3424 = ORIENTED_EDGE('',*,*,#3275,.T.);
#3425 = ORIENTED_EDGE('',*,*,#425,.F.);
#3426 = CYLINDRICAL_SURFACE('',#3427,0.64);
#3427 = AXIS2_PLACEMENT_3D('',#3428,#3429,#3430);
#3428 = CARTESIAN_POINT('',(1.82,10.384167058639,2.92));
#3429 = DIRECTION('',(-1.,0.,0.));
#3430 = DIRECTION('',(0.,0.,1.));
#3431 = ADVANCED_FACE('',(#3432),#3438,.F.);
#3432 = FACE_BOUND('',#3433,.T.);
#3433 = EDGE_LOOP('',(#3434,#3435,#3436,#3437));
#3434 = ORIENTED_EDGE('',*,*,#484,.T.);
#3435 = ORIENTED_EDGE('',*,*,#3375,.F.);
#3436 = ORIENTED_EDGE('',*,*,#281,.F.);
#3437 = ORIENTED_EDGE('',*,*,#3348,.F.);
#3438 = PLANE('',#3439);
#3439 = AXIS2_PLACEMENT_3D('',#3440,#3441,#3442);
#3440 = CARTESIAN_POINT('',(1.610564477612,13.08,1.63));
#3441 = DIRECTION('',(-0.970295726276,-0.2419218956,0.));
#3442 = DIRECTION('',(0.2419218956,-0.970295726276,0.));
#3443 = ADVANCED_FACE('',(#3444),#3450,.F.);
#3444 = FACE_BOUND('',#3445,.T.);
#3445 = EDGE_LOOP('',(#3446,#3447,#3448,#3449));
#3446 = ORIENTED_EDGE('',*,*,#364,.T.);
#3447 = ORIENTED_EDGE('',*,*,#3363,.F.);
#3448 = ORIENTED_EDGE('',*,*,#468,.F.);
#3449 = ORIENTED_EDGE('',*,*,#3341,.F.);
#3450 = PLANE('',#3451);
#3451 = AXIS2_PLACEMENT_3D('',#3452,#3453,#3454);
#3452 = CARTESIAN_POINT('',(1.18,12.24,1.63));
#3453 = DIRECTION('',(0.970295726276,-0.2419218956,0.));
#3454 = DIRECTION('',(0.2419218956,0.970295726276,0.));
#3455 = ADVANCED_FACE('',(#3456),#3462,.F.);
#3456 = FACE_BOUND('',#3457,.T.);
#3457 = EDGE_LOOP('',(#3458,#3459,#3460,#3461));
#3458 = ORIENTED_EDGE('',*,*,#3210,.F.);
#3459 = ORIENTED_EDGE('',*,*,#3163,.F.);
#3460 = ORIENTED_EDGE('',*,*,#256,.T.);
#3461 = ORIENTED_EDGE('',*,*,#3132,.F.);
#3462 = PLANE('',#3463);
#3463 = AXIS2_PLACEMENT_3D('',#3464,#3465,#3466);
#3464 = CARTESIAN_POINT('',(1.389435522388,2.44,1.63));
#3465 = DIRECTION('',(0.970295726276,0.2419218956,0.));
#3466 = DIRECTION('',(-0.2419218956,0.970295726276,0.));
#3467 = ADVANCED_FACE('',(#3468),#3474,.F.);
#3468 = FACE_BOUND('',#3469,.T.);
#3469 = EDGE_LOOP('',(#3470,#3471,#3472,#3473));
#3470 = ORIENTED_EDGE('',*,*,#240,.F.);
#3471 = ORIENTED_EDGE('',*,*,#3156,.F.);
#3472 = ORIENTED_EDGE('',*,*,#3177,.T.);
#3473 = ORIENTED_EDGE('',*,*,#3116,.F.);
#3474 = PLANE('',#3475);
#3475 = AXIS2_PLACEMENT_3D('',#3476,#3477,#3478);
#3476 = CARTESIAN_POINT('',(1.82,3.28,1.63));
#3477 = DIRECTION('',(-0.970295726276,0.2419218956,0.));
#3478 = DIRECTION('',(-0.2419218956,-0.970295726276,0.));
#3479 = ( GEOMETRIC_REPRESENTATION_CONTEXT(3) 
GLOBAL_UNCERTAINTY_ASSIGNED_CONTEXT((#3483)) 
GLOBAL_UNIT_ASSIGNED_CONTEXT((#3480,#3481,#3482)) REPRESENTATION_CONTEXT
('Context #1','3D Context with UNIT and UNCERTAINTY') );
#3480 = ( LENGTH_UNIT() NAMED_UNIT(*) SI_UNIT(.MILLI.,.METRE.) );
#3481 = ( NAMED_UNIT(*) PLANE_ANGLE_UNIT() SI_UNIT($,.RADIAN.) );
#3482 = ( NAMED_UNIT(*) SI_UNIT($,.STERADIAN.) SOLID_ANGLE_UNIT() );
#3483 = UNCERTAINTY_MEASURE_WITH_UNIT(LENGTH_MEASURE(1.E-07),#3480,
  'distance_accuracy_value','confusion accuracy');
#3484 = CONTEXT_DEPENDENT_SHAPE_REPRESENTATION(#3485,#3487);
#3485 = ( REPRESENTATION_RELATIONSHIP('','',#223,#200) 
REPRESENTATION_RELATIONSHIP_WITH_TRANSFORMATION(#3486) 
SHAPE_REPRESENTATION_RELATIONSHIP() );
#3486 = ITEM_DEFINED_TRANSFORMATION('','',#11,#201);
#3487 = PRODUCT_DEFINITION_SHAPE('Placement','Placement of an item',
  #3488);
#3488 = NEXT_ASSEMBLY_USAGE_OCCURRENCE('1','=>[0:1:1:3]','',#195,#218,$
  );
#3489 = PRODUCT_RELATED_PRODUCT_CATEGORY('part',$,(#220));
#3490 = CONTEXT_DEPENDENT_SHAPE_REPRESENTATION(#3491,#3493);
#3491 = ( REPRESENTATION_RELATIONSHIP('','',#200,#10) 
REPRESENTATION_RELATIONSHIP_WITH_TRANSFORMATION(#3492) 
SHAPE_REPRESENTATION_RELATIONSHIP() );
#3492 = ITEM_DEFINED_TRANSFORMATION('','',#11,#19);
#3493 = PRODUCT_DEFINITION_SHAPE('Placement','Placement of an item',
  #3494);
#3494 = NEXT_ASSEMBLY_USAGE_OCCURRENCE('3','NC_J3','',#5,#195,$);
#3495 = CONTEXT_DEPENDENT_SHAPE_REPRESENTATION(#3496,#3498);
#3496 = ( REPRESENTATION_RELATIONSHIP('','',#200,#10) 
REPRESENTATION_RELATIONSHIP_WITH_TRANSFORMATION(#3497) 
SHAPE_REPRESENTATION_RELATIONSHIP() );
#3497 = ITEM_DEFINED_TRANSFORMATION('','',#11,#23);
#3498 = PRODUCT_DEFINITION_SHAPE('Placement','Placement of an item',
  #3499);
#3499 = NEXT_ASSEMBLY_USAGE_OCCURRENCE('4','NC_J7','',#5,#195,$);
#3500 = CONTEXT_DEPENDENT_SHAPE_REPRESENTATION(#3501,#3503);
#3501 = ( REPRESENTATION_RELATIONSHIP('','',#200,#10) 
REPRESENTATION_RELATIONSHIP_WITH_TRANSFORMATION(#3502) 
SHAPE_REPRESENTATION_RELATIONSHIP() );
#3502 = ITEM_DEFINED_TRANSFORMATION('','',#11,#27);
#3503 = PRODUCT_DEFINITION_SHAPE('Placement','Placement of an item',
  #3504);
#3504 = NEXT_ASSEMBLY_USAGE_OCCURRENCE('5','NC_J5','',#5,#195,$);
#3505 = CONTEXT_DEPENDENT_SHAPE_REPRESENTATION(#3506,#3508);
#3506 = ( REPRESENTATION_RELATIONSHIP('','',#200,#10) 
REPRESENTATION_RELATIONSHIP_WITH_TRANSFORMATION(#3507) 
SHAPE_REPRESENTATION_RELATIONSHIP() );
#3507 = ITEM_DEFINED_TRANSFORMATION('','',#11,#31);
#3508 = PRODUCT_DEFINITION_SHAPE('Placement','Placement of an item',
  #3509);
#3509 = NEXT_ASSEMBLY_USAGE_OCCURRENCE('6','C_J5','',#5,#195,$);
#3510 = CONTEXT_DEPENDENT_SHAPE_REPRESENTATION(#3511,#3513);
#3511 = ( REPRESENTATION_RELATIONSHIP('','',#200,#10) 
REPRESENTATION_RELATIONSHIP_WITH_TRANSFORMATION(#3512) 
SHAPE_REPRESENTATION_RELATIONSHIP() );
#3512 = ITEM_DEFINED_TRANSFORMATION('','',#11,#35);
#3513 = PRODUCT_DEFINITION_SHAPE('Placement','Placement of an item',
  #3514);
#3514 = NEXT_ASSEMBLY_USAGE_OCCURRENCE('7','NC_J10','',#5,#195,$);
#3515 = CONTEXT_DEPENDENT_SHAPE_REPRESENTATION(#3516,#3518);
#3516 = ( REPRESENTATION_RELATIONSHIP('','',#200,#10) 
REPRESENTATION_RELATIONSHIP_WITH_TRANSFORMATION(#3517) 
SHAPE_REPRESENTATION_RELATIONSHIP() );
#3517 = ITEM_DEFINED_TRANSFORMATION('','',#11,#39);
#3518 = PRODUCT_DEFINITION_SHAPE('Placement','Placement of an item',
  #3519);
#3519 = NEXT_ASSEMBLY_USAGE_OCCURRENCE('8','C_J2','',#5,#195,$);
#3520 = CONTEXT_DEPENDENT_SHAPE_REPRESENTATION(#3521,#3523);
#3521 = ( REPRESENTATION_RELATIONSHIP('','',#200,#10) 
REPRESENTATION_RELATIONSHIP_WITH_TRANSFORMATION(#3522) 
SHAPE_REPRESENTATION_RELATIONSHIP() );
#3522 = ITEM_DEFINED_TRANSFORMATION('','',#11,#43);
#3523 = PRODUCT_DEFINITION_SHAPE('Placement','Placement of an item',
  #3524);
#3524 = NEXT_ASSEMBLY_USAGE_OCCURRENCE('9','NC_J4','',#5,#195,$);
#3525 = CONTEXT_DEPENDENT_SHAPE_REPRESENTATION(#3526,#3528);
#3526 = ( REPRESENTATION_RELATIONSHIP('','',#200,#10) 
REPRESENTATION_RELATIONSHIP_WITH_TRANSFORMATION(#3527) 
SHAPE_REPRESENTATION_RELATIONSHIP() );
#3527 = ITEM_DEFINED_TRANSFORMATION('','',#11,#47);
#3528 = PRODUCT_DEFINITION_SHAPE('Placement','Placement of an item',
  #3529);
#3529 = NEXT_ASSEMBLY_USAGE_OCCURRENCE('10','C_J3','',#5,#195,$);
#3530 = CONTEXT_DEPENDENT_SHAPE_REPRESENTATION(#3531,#3533);
#3531 = ( REPRESENTATION_RELATIONSHIP('','',#200,#10) 
REPRESENTATION_RELATIONSHIP_WITH_TRANSFORMATION(#3532) 
SHAPE_REPRESENTATION_RELATIONSHIP() );
#3532 = ITEM_DEFINED_TRANSFORMATION('','',#11,#51);
#3533 = PRODUCT_DEFINITION_SHAPE('Placement','Placement of an item',
  #3534);
#3534 = NEXT_ASSEMBLY_USAGE_OCCURRENCE('11','NC_J6','',#5,#195,$);
#3535 = CONTEXT_DEPENDENT_SHAPE_REPRESENTATION(#3536,#3538);
#3536 = ( REPRESENTATION_RELATIONSHIP('','',#200,#10) 
REPRESENTATION_RELATIONSHIP_WITH_TRANSFORMATION(#3537) 
SHAPE_REPRESENTATION_RELATIONSHIP() );
#3537 = ITEM_DEFINED_TRANSFORMATION('','',#11,#55);
#3538 = PRODUCT_DEFINITION_SHAPE('Placement','Placement of an item',
  #3539);
#3539 = NEXT_ASSEMBLY_USAGE_OCCURRENCE('12','NC_J2','',#5,#195,$);
#3540 = CONTEXT_DEPENDENT_SHAPE_REPRESENTATION(#3541,#3543);
#3541 = ( REPRESENTATION_RELATIONSHIP('','',#200,#10) 
REPRESENTATION_RELATIONSHIP_WITH_TRANSFORMATION(#3542) 
SHAPE_REPRESENTATION_RELATIONSHIP() );
#3542 = ITEM_DEFINED_TRANSFORMATION('','',#11,#59);
#3543 = PRODUCT_DEFINITION_SHAPE('Placement','Placement of an item',
  #3544);
#3544 = NEXT_ASSEMBLY_USAGE_OCCURRENCE('13','NC_J8','',#5,#195,$);
#3545 = CONTEXT_DEPENDENT_SHAPE_REPRESENTATION(#3546,#3548);
#3546 = ( REPRESENTATION_RELATIONSHIP('','',#200,#10) 
REPRESENTATION_RELATIONSHIP_WITH_TRANSFORMATION(#3547) 
SHAPE_REPRESENTATION_RELATIONSHIP() );
#3547 = ITEM_DEFINED_TRANSFORMATION('','',#11,#63);
#3548 = PRODUCT_DEFINITION_SHAPE('Placement','Placement of an item',
  #3549);
#3549 = NEXT_ASSEMBLY_USAGE_OCCURRENCE('14','NC_J1','',#5,#195,$);
#3550 = CONTEXT_DEPENDENT_SHAPE_REPRESENTATION(#3551,#3553);
#3551 = ( REPRESENTATION_RELATIONSHIP('','',#200,#10) 
REPRESENTATION_RELATIONSHIP_WITH_TRANSFORMATION(#3552) 
SHAPE_REPRESENTATION_RELATIONSHIP() );
#3552 = ITEM_DEFINED_TRANSFORMATION('','',#11,#67);
#3553 = PRODUCT_DEFINITION_SHAPE('Placement','Placement of an item',
  #3554);
#3554 = NEXT_ASSEMBLY_USAGE_OCCURRENCE('15','NC_J12','',#5,#195,$);
#3555 = CONTEXT_DEPENDENT_SHAPE_REPRESENTATION(#3556,#3558);
#3556 = ( REPRESENTATION_RELATIONSHIP('','',#200,#10) 
REPRESENTATION_RELATIONSHIP_WITH_TRANSFORMATION(#3557) 
SHAPE_REPRESENTATION_RELATIONSHIP() );
#3557 = ITEM_DEFINED_TRANSFORMATION('','',#11,#71);
#3558 = PRODUCT_DEFINITION_SHAPE('Placement','Placement of an item',
  #3559);
#3559 = NEXT_ASSEMBLY_USAGE_OCCURRENCE('16','C_J4','',#5,#195,$);
#3560 = CONTEXT_DEPENDENT_SHAPE_REPRESENTATION(#3561,#3563);
#3561 = ( REPRESENTATION_RELATIONSHIP('','',#200,#10) 
REPRESENTATION_RELATIONSHIP_WITH_TRANSFORMATION(#3562) 
SHAPE_REPRESENTATION_RELATIONSHIP() );
#3562 = ITEM_DEFINED_TRANSFORMATION('','',#11,#75);
#3563 = PRODUCT_DEFINITION_SHAPE('Placement','Placement of an item',
  #3564);
#3564 = NEXT_ASSEMBLY_USAGE_OCCURRENCE('17','C_J6','',#5,#195,$);
#3565 = CONTEXT_DEPENDENT_SHAPE_REPRESENTATION(#3566,#3568);
#3566 = ( REPRESENTATION_RELATIONSHIP('','',#200,#10) 
REPRESENTATION_RELATIONSHIP_WITH_TRANSFORMATION(#3567) 
SHAPE_REPRESENTATION_RELATIONSHIP() );
#3567 = ITEM_DEFINED_TRANSFORMATION('','',#11,#79);
#3568 = PRODUCT_DEFINITION_SHAPE('Placement','Placement of an item',
  #3569);
#3569 = NEXT_ASSEMBLY_USAGE_OCCURRENCE('18','NC_J11','',#5,#195,$);
#3570 = CONTEXT_DEPENDENT_SHAPE_REPRESENTATION(#3571,#3573);
#3571 = ( REPRESENTATION_RELATIONSHIP('','',#200,#10) 
REPRESENTATION_RELATIONSHIP_WITH_TRANSFORMATION(#3572) 
SHAPE_REPRESENTATION_RELATIONSHIP() );
#3572 = ITEM_DEFINED_TRANSFORMATION('','',#11,#83);
#3573 = PRODUCT_DEFINITION_SHAPE('Placement','Placement of an item',
  #3574);
#3574 = NEXT_ASSEMBLY_USAGE_OCCURRENCE('19','NC_J9','',#5,#195,$);
#3575 = CONTEXT_DEPENDENT_SHAPE_REPRESENTATION(#3576,#3578);
#3576 = ( REPRESENTATION_RELATIONSHIP('','',#200,#10) 
REPRESENTATION_RELATIONSHIP_WITH_TRANSFORMATION(#3577) 
SHAPE_REPRESENTATION_RELATIONSHIP() );
#3577 = ITEM_DEFINED_TRANSFORMATION('','',#11,#87);
#3578 = PRODUCT_DEFINITION_SHAPE('Placement','Placement of an item',
  #3579);
#3579 = NEXT_ASSEMBLY_USAGE_OCCURRENCE('20','C_J1','',#5,#195,$);
#3580 = SHAPE_DEFINITION_REPRESENTATION(#3581,#3587);
#3581 = PRODUCT_DEFINITION_SHAPE('','',#3582);
#3582 = PRODUCT_DEFINITION('design','',#3583,#3586);
#3583 = PRODUCT_DEFINITION_FORMATION('','',#3584);
#3584 = PRODUCT('3588','3588','',(#3585));
#3585 = PRODUCT_CONTEXT('',#2,'mechanical');
#3586 = PRODUCT_DEFINITION_CONTEXT('part definition',#2,'design');
#3587 = SHAPE_REPRESENTATION('',(#11,#3588),#3592);
#3588 = AXIS2_PLACEMENT_3D('',#3589,#3590,#3591);
#3589 = CARTESIAN_POINT('',(0.,0.,0.));
#3590 = DIRECTION('',(0.,0.,1.));
#3591 = DIRECTION('',(1.,0.,-0.));
#3592 = ( GEOMETRIC_REPRESENTATION_CONTEXT(3) 
GLOBAL_UNCERTAINTY_ASSIGNED_CONTEXT((#3596)) 
GLOBAL_UNIT_ASSIGNED_CONTEXT((#3593,#3594,#3595)) REPRESENTATION_CONTEXT
('Context #1','3D Context with UNIT and UNCERTAINTY') );
#3593 = ( LENGTH_UNIT() NAMED_UNIT(*) SI_UNIT(.MILLI.,.METRE.) );
#3594 = ( NAMED_UNIT(*) PLANE_ANGLE_UNIT() SI_UNIT($,.RADIAN.) );
#3595 = ( NAMED_UNIT(*) SI_UNIT($,.STERADIAN.) SOLID_ANGLE_UNIT() );
#3596 = UNCERTAINTY_MEASURE_WITH_UNIT(LENGTH_MEASURE(1.E-07),#3593,
  'distance_accuracy_value','confusion accuracy');
#3597 = CONTEXT_DEPENDENT_SHAPE_REPRESENTATION(#3598,#3600);
#3598 = ( REPRESENTATION_RELATIONSHIP('','',#3587,#10) 
REPRESENTATION_RELATIONSHIP_WITH_TRANSFORMATION(#3599) 
SHAPE_REPRESENTATION_RELATIONSHIP() );
#3599 = ITEM_DEFINED_TRANSFORMATION('','',#11,#91);
#3600 = PRODUCT_DEFINITION_SHAPE('Placement','Placement of an item',
  #3601);
#3601 = NEXT_ASSEMBLY_USAGE_OCCURRENCE('22','NC_F8','',#5,#3582,$);
#3602 = PRODUCT_RELATED_PRODUCT_CATEGORY('part',$,(#3584));
#3603 = SHAPE_DEFINITION_REPRESENTATION(#3604,#3610);
#3604 = PRODUCT_DEFINITION_SHAPE('','',#3605);
#3605 = PRODUCT_DEFINITION('design','',#3606,#3609);
#3606 = PRODUCT_DEFINITION_FORMATION('','',#3607);
#3607 = PRODUCT('3588','3588','',(#3608));
#3608 = PRODUCT_CONTEXT('',#2,'mechanical');
#3609 = PRODUCT_DEFINITION_CONTEXT('part definition',#2,'design');
#3610 = SHAPE_REPRESENTATION('',(#11,#3611,#6289,#8897),#10847);
#3611 = MANIFOLD_SOLID_BREP('',#3612);
#3612 = CLOSED_SHELL('',(#3613,#3655,#3706,#3748,#3845,#3910,#3935,#3992
    ,#4025,#4150,#4184,#4241,#4266,#4290,#4314,#4331,#4390,#4497,#4531,
    #4548,#4565,#4596,#4620,#4644,#4668,#4692,#4716,#4740,#4764,#4788,
    #4812,#4829,#4870,#4887,#4905,#4954,#4987,#5004,#5084,#5103,#5127,
    #5151,#5209,#5234,#5284,#5308,#5332,#5349,#5366,#5424,#5449,#5506,
    #5530,#5554,#5578,#5596,#5652,#5664,#5685,#5702,#5716,#5741,#5782,
    #5831,#5848,#5865,#5883,#5900,#5924,#5982,#6007,#6064,#6081,#6093,
    #6114,#6147,#6164,#6181,#6205,#6229,#6246,#6263,#6275));
#3613 = ADVANCED_FACE('',(#3614),#3650,.F.);
#3614 = FACE_BOUND('',#3615,.F.);
#3615 = EDGE_LOOP('',(#3616,#3626,#3635,#3643));
#3616 = ORIENTED_EDGE('',*,*,#3617,.T.);
#3617 = EDGE_CURVE('',#3618,#3620,#3622,.T.);
#3618 = VERTEX_POINT('',#3619);
#3619 = CARTESIAN_POINT('',(-4.806772675291,-0.361388558537,
    1.530714136585));
#3620 = VERTEX_POINT('',#3621);
#3621 = CARTESIAN_POINT('',(-4.806772675291,-0.361388558537,
    1.124314136585));
#3622 = LINE('',#3623,#3624);
#3623 = CARTESIAN_POINT('',(-4.806772675291,-0.361388558537,
    1.530714136585));
#3624 = VECTOR('',#3625,1.);
#3625 = DIRECTION('',(-1.402716173986E-14,2.731847993664E-16,-1.));
#3626 = ORIENTED_EDGE('',*,*,#3627,.T.);
#3627 = EDGE_CURVE('',#3620,#3628,#3630,.T.);
#3628 = VERTEX_POINT('',#3629);
#3629 = CARTESIAN_POINT('',(-5.213172675291,-0.767788558537,
    1.124314136585));
#3630 = CIRCLE('',#3631,0.4064);
#3631 = AXIS2_PLACEMENT_3D('',#3632,#3633,#3634);
#3632 = CARTESIAN_POINT('',(-4.806772675291,-0.767788558537,
    1.124314136585));
#3633 = DIRECTION('',(1.402716173986E-14,-2.731847993664E-16,1.));
#3634 = DIRECTION('',(-1.,-4.220599893092E-32,1.402716173986E-14));
#3635 = ORIENTED_EDGE('',*,*,#3636,.F.);
#3636 = EDGE_CURVE('',#3637,#3628,#3639,.T.);
#3637 = VERTEX_POINT('',#3638);
#3638 = CARTESIAN_POINT('',(-5.213172675291,-0.767788558537,
    1.530714136585));
#3639 = LINE('',#3640,#3641);
#3640 = CARTESIAN_POINT('',(-5.213172675291,-0.767788558537,
    1.530714136585));
#3641 = VECTOR('',#3642,1.);
#3642 = DIRECTION('',(-1.402716173986E-14,2.731847993664E-16,-1.));
#3643 = ORIENTED_EDGE('',*,*,#3644,.F.);
#3644 = EDGE_CURVE('',#3618,#3637,#3645,.T.);
#3645 = CIRCLE('',#3646,0.4064);
#3646 = AXIS2_PLACEMENT_3D('',#3647,#3648,#3649);
#3647 = CARTESIAN_POINT('',(-4.806772675291,-0.767788558537,
    1.530714136585));
#3648 = DIRECTION('',(1.402716173986E-14,-2.731847993664E-16,1.));
#3649 = DIRECTION('',(-1.,-4.220599893092E-32,1.402716173986E-14));
#3650 = CYLINDRICAL_SURFACE('',#3651,0.4064);
#3651 = AXIS2_PLACEMENT_3D('',#3652,#3653,#3654);
#3652 = CARTESIAN_POINT('',(-4.806772675291,-0.767788558537,
    1.530714136585));
#3653 = DIRECTION('',(-1.402716173986E-14,2.731847993664E-16,-1.));
#3654 = DIRECTION('',(-1.,-4.220599893092E-32,1.402716173986E-14));
#3655 = ADVANCED_FACE('',(#3656),#3701,.T.);
#3656 = FACE_BOUND('',#3657,.T.);
#3657 = EDGE_LOOP('',(#3658,#3669,#3677,#3686,#3694));
#3658 = ORIENTED_EDGE('',*,*,#3659,.T.);
#3659 = EDGE_CURVE('',#3660,#3662,#3664,.T.);
#3660 = VERTEX_POINT('',#3661);
#3661 = CARTESIAN_POINT('',(-2.039775792042,4.159811441463,
    8.382236131878E-02));
#3662 = VERTEX_POINT('',#3663);
#3663 = CARTESIAN_POINT('',(-1.682572675291,4.159811441463,
    0.743314136585));
#3664 = CIRCLE('',#3665,0.7874);
#3665 = AXIS2_PLACEMENT_3D('',#3666,#3667,#3668);
#3666 = CARTESIAN_POINT('',(-2.469972675291,4.159811441463,
    0.743314136585));
#3667 = DIRECTION('',(-2.731847993664E-16,-1.,-2.731847993664E-16));
#3668 = DIRECTION('',(1.,-2.731847993664E-16,-7.462993460487E-32));
#3669 = ORIENTED_EDGE('',*,*,#3670,.T.);
#3670 = EDGE_CURVE('',#3662,#3671,#3673,.T.);
#3671 = VERTEX_POINT('',#3672);
#3672 = CARTESIAN_POINT('',(-1.682572675291,-0.361388558537,
    0.743314136585));
#3673 = LINE('',#3674,#3675);
#3674 = CARTESIAN_POINT('',(-1.682572675291,6.773017675865,
    0.743314136585));
#3675 = VECTOR('',#3676,1.);
#3676 = DIRECTION('',(-2.731847993664E-16,-1.,-2.731847993664E-16));
#3677 = ORIENTED_EDGE('',*,*,#3678,.T.);
#3678 = EDGE_CURVE('',#3671,#3679,#3681,.T.);
#3679 = VERTEX_POINT('',#3680);
#3680 = CARTESIAN_POINT('',(-2.387666963314,-0.361388558537,
    -3.977240382853E-02));
#3681 = CIRCLE('',#3682,0.7874);
#3682 = AXIS2_PLACEMENT_3D('',#3683,#3684,#3685);
#3683 = CARTESIAN_POINT('',(-2.469972675291,-0.361388558537,
    0.743314136585));
#3684 = DIRECTION('',(2.731847993664E-16,1.,2.731847993664E-16));
#3685 = DIRECTION('',(1.,-2.731847993664E-16,6.018543113295E-34));
#3686 = ORIENTED_EDGE('',*,*,#3687,.T.);
#3687 = EDGE_CURVE('',#3679,#3688,#3690,.T.);
#3688 = VERTEX_POINT('',#3689);
#3689 = CARTESIAN_POINT('',(-2.387666963314,3.538170512106,
    -3.977240382851E-02));
#3690 = LINE('',#3691,#3692);
#3691 = CARTESIAN_POINT('',(-2.387666963314,6.773017675865,
    -3.977240382846E-02));
#3692 = VECTOR('',#3693,1.);
#3693 = DIRECTION('',(2.731847993664E-16,1.,2.731847993664E-16));
#3694 = ORIENTED_EDGE('',*,*,#3695,.T.);
#3695 = EDGE_CURVE('',#3688,#3660,#3696,.T.);
#3696 = ( BOUNDED_CURVE() B_SPLINE_CURVE(3,(#3697,#3698,#3699,#3700),
.UNSPECIFIED.,.F.,.F.) B_SPLINE_CURVE_WITH_KNOTS((4,4),(1.570796326795,
2.044078025748),.PIECEWISE_BEZIER_KNOTS.) CURVE() 
GEOMETRIC_REPRESENTATION_ITEM() RATIONAL_B_SPLINE_CURVE((1.,
0.981420648014,0.981420648014,1.)) REPRESENTATION_ITEM('') );
#3697 = CARTESIAN_POINT('',(-2.387666963314,3.538170512106,
    -3.977240382851E-02));
#3698 = CARTESIAN_POINT('',(-2.262959599959,3.755359787089,
    -2.666513177098E-02));
#3699 = CARTESIAN_POINT('',(-2.144800557766,3.966496208091,
    1.531305070608E-02));
#3700 = CARTESIAN_POINT('',(-2.039775792042,4.159811441463,
    8.382236131878E-02));
#3701 = CYLINDRICAL_SURFACE('',#3702,0.7874);
#3702 = AXIS2_PLACEMENT_3D('',#3703,#3704,#3705);
#3703 = CARTESIAN_POINT('',(-2.469972675291,6.773017675865,
    0.743314136585));
#3704 = DIRECTION('',(-2.731847993664E-16,-1.,-2.731847993664E-16));
#3705 = DIRECTION('',(1.,-2.731847993664E-16,-7.462993460487E-32));
#3706 = ADVANCED_FACE('',(#3707),#3743,.F.);
#3707 = FACE_BOUND('',#3708,.F.);
#3708 = EDGE_LOOP('',(#3709,#3719,#3728,#3736));
#3709 = ORIENTED_EDGE('',*,*,#3710,.T.);
#3710 = EDGE_CURVE('',#3711,#3713,#3715,.T.);
#3711 = VERTEX_POINT('',#3712);
#3712 = CARTESIAN_POINT('',(-2.469972675291,4.159811441463,
    1.124314136585));
#3713 = VERTEX_POINT('',#3714);
#3714 = CARTESIAN_POINT('',(-2.469972675291,-0.361388558537,
    1.124314136585));
#3715 = LINE('',#3716,#3717);
#3716 = CARTESIAN_POINT('',(-2.469972675291,4.159811441463,
    1.124314136585));
#3717 = VECTOR('',#3718,1.);
#3718 = DIRECTION('',(-0.,-1.,-2.731847993664E-16));
#3719 = ORIENTED_EDGE('',*,*,#3720,.F.);
#3720 = EDGE_CURVE('',#3721,#3713,#3723,.T.);
#3721 = VERTEX_POINT('',#3722);
#3722 = CARTESIAN_POINT('',(-2.088972675291,-0.361388558537,
    0.743314136585));
#3723 = CIRCLE('',#3724,0.381);
#3724 = AXIS2_PLACEMENT_3D('',#3725,#3726,#3727);
#3725 = CARTESIAN_POINT('',(-2.469972675291,-0.361388558537,
    0.743314136585));
#3726 = DIRECTION('',(-2.731847993664E-16,-1.,-2.731847993664E-16));
#3727 = DIRECTION('',(1.,-2.731847993664E-16,3.109580608536E-33));
#3728 = ORIENTED_EDGE('',*,*,#3729,.F.);
#3729 = EDGE_CURVE('',#3730,#3721,#3732,.T.);
#3730 = VERTEX_POINT('',#3731);
#3731 = CARTESIAN_POINT('',(-2.088972675291,4.159811441463,
    0.743314136585));
#3732 = LINE('',#3733,#3734);
#3733 = CARTESIAN_POINT('',(-2.088972675291,6.773017675865,
    0.743314136585));
#3734 = VECTOR('',#3735,1.);
#3735 = DIRECTION('',(-2.731847993664E-16,-1.,-2.731847993664E-16));
#3736 = ORIENTED_EDGE('',*,*,#3737,.F.);
#3737 = EDGE_CURVE('',#3711,#3730,#3738,.T.);
#3738 = CIRCLE('',#3739,0.381);
#3739 = AXIS2_PLACEMENT_3D('',#3740,#3741,#3742);
#3740 = CARTESIAN_POINT('',(-2.469972675291,4.159811441463,
    0.743314136585));
#3741 = DIRECTION('',(2.731847993664E-16,1.,2.731847993664E-16));
#3742 = DIRECTION('',(1.,-2.731847993664E-16,5.406782487461E-15));
#3743 = CYLINDRICAL_SURFACE('',#3744,0.381);
#3744 = AXIS2_PLACEMENT_3D('',#3745,#3746,#3747);
#3745 = CARTESIAN_POINT('',(-2.469972675291,6.773017675865,
    0.743314136585));
#3746 = DIRECTION('',(-2.731847993664E-16,-1.,-2.731847993664E-16));
#3747 = DIRECTION('',(1.,-2.731847993664E-16,-7.462993460487E-32));
#3748 = ADVANCED_FACE('',(#3749),#3840,.F.);
#3749 = FACE_BOUND('',#3750,.T.);
#3750 = EDGE_LOOP('',(#3751,#3761,#3769,#3777,#3785,#3793,#3801,#3810,
    #3818,#3826,#3834));
#3751 = ORIENTED_EDGE('',*,*,#3752,.F.);
#3752 = EDGE_CURVE('',#3753,#3755,#3757,.T.);
#3753 = VERTEX_POINT('',#3754);
#3754 = CARTESIAN_POINT('',(-5.594172675291,-3.063004518232,
    -2.279285863415));
#3755 = VERTEX_POINT('',#3756);
#3756 = CARTESIAN_POINT('',(-4.019372675291,-3.063004518232,
    -2.279285863415));
#3757 = LINE('',#3758,#3759);
#3758 = CARTESIAN_POINT('',(-5.594172675291,-3.063004518232,
    -2.279285863415));
#3759 = VECTOR('',#3760,1.);
#3760 = DIRECTION('',(1.,4.467330631067E-33,-1.635277892997E-17));
#3761 = ORIENTED_EDGE('',*,*,#3762,.F.);
#3762 = EDGE_CURVE('',#3763,#3753,#3765,.T.);
#3763 = VERTEX_POINT('',#3764);
#3764 = CARTESIAN_POINT('',(-5.594172675291,-2.190188558537,
    -2.279285863415));
#3765 = LINE('',#3766,#3767);
#3766 = CARTESIAN_POINT('',(-5.594172675291,4.159811441463,
    -2.279285863415));
#3767 = VECTOR('',#3768,1.);
#3768 = DIRECTION('',(0.,-1.,-2.731847993664E-16));
#3769 = ORIENTED_EDGE('',*,*,#3770,.F.);
#3770 = EDGE_CURVE('',#3771,#3763,#3773,.T.);
#3771 = VERTEX_POINT('',#3772);
#3772 = CARTESIAN_POINT('',(-5.594172675291,4.159811441463,
    -2.279285863415));
#3773 = LINE('',#3774,#3775);
#3774 = CARTESIAN_POINT('',(-5.594172675291,4.159811441463,
    -2.279285863415));
#3775 = VECTOR('',#3776,1.);
#3776 = DIRECTION('',(0.,-1.,-2.731847993664E-16));
#3777 = ORIENTED_EDGE('',*,*,#3778,.F.);
#3778 = EDGE_CURVE('',#3779,#3771,#3781,.T.);
#3779 = VERTEX_POINT('',#3780);
#3780 = CARTESIAN_POINT('',(-2.469972675291,4.159811441463,
    -2.279285863415));
#3781 = LINE('',#3782,#3783);
#3782 = CARTESIAN_POINT('',(-5.594172675291,4.159811441463,
    -2.279285863415));
#3783 = VECTOR('',#3784,1.);
#3784 = DIRECTION('',(-1.,-4.467330631067E-33,1.635277892997E-17));
#3785 = ORIENTED_EDGE('',*,*,#3786,.F.);
#3786 = EDGE_CURVE('',#3787,#3779,#3789,.T.);
#3787 = VERTEX_POINT('',#3788);
#3788 = CARTESIAN_POINT('',(-2.469972675291,-0.361388558537,
    -2.279285863415));
#3789 = LINE('',#3790,#3791);
#3790 = CARTESIAN_POINT('',(-2.469972675291,4.159811441463,
    -2.279285863415));
#3791 = VECTOR('',#3792,1.);
#3792 = DIRECTION('',(-0.,1.,2.731847993664E-16));
#3793 = ORIENTED_EDGE('',*,*,#3794,.F.);
#3794 = EDGE_CURVE('',#3795,#3787,#3797,.T.);
#3795 = VERTEX_POINT('',#3796);
#3796 = CARTESIAN_POINT('',(-4.806772675291,-0.361388558537,
    -2.279285863415));
#3797 = LINE('',#3798,#3799);
#3798 = CARTESIAN_POINT('',(-5.594172675291,-0.361388558537,
    -2.279285863415));
#3799 = VECTOR('',#3800,1.);
#3800 = DIRECTION('',(1.,4.467330631067E-33,-1.635277892997E-17));
#3801 = ORIENTED_EDGE('',*,*,#3802,.F.);
#3802 = EDGE_CURVE('',#3803,#3795,#3805,.T.);
#3803 = VERTEX_POINT('',#3804);
#3804 = CARTESIAN_POINT('',(-4.806772675291,-1.174188558537,
    -2.279285863415));
#3805 = CIRCLE('',#3806,0.4064);
#3806 = AXIS2_PLACEMENT_3D('',#3807,#3808,#3809);
#3807 = CARTESIAN_POINT('',(-4.806772675291,-0.767788558537,
    -2.279285863415));
#3808 = DIRECTION('',(1.427208301063E-14,2.731847993664E-16,-1.));
#3809 = DIRECTION('',(1.,-1.091147671453E-31,1.427208301063E-14));
#3810 = ORIENTED_EDGE('',*,*,#3811,.F.);
#3811 = EDGE_CURVE('',#3812,#3803,#3814,.T.);
#3812 = VERTEX_POINT('',#3813);
#3813 = CARTESIAN_POINT('',(-3.104972675291,-1.174188558537,
    -2.279285863415));
#3814 = LINE('',#3815,#3816);
#3815 = CARTESIAN_POINT('',(-5.594172675291,-1.174188558537,
    -2.279285863415));
#3816 = VECTOR('',#3817,1.);
#3817 = DIRECTION('',(-1.,-4.467330631067E-33,1.635277892997E-17));
#3818 = ORIENTED_EDGE('',*,*,#3819,.F.);
#3819 = EDGE_CURVE('',#3820,#3812,#3822,.T.);
#3820 = VERTEX_POINT('',#3821);
#3821 = CARTESIAN_POINT('',(-3.104972675291,-2.190188558537,
    -2.279285863415));
#3822 = LINE('',#3823,#3824);
#3823 = CARTESIAN_POINT('',(-3.104972675291,4.159811441463,
    -2.279285863415));
#3824 = VECTOR('',#3825,1.);
#3825 = DIRECTION('',(-0.,1.,2.731847993664E-16));
#3826 = ORIENTED_EDGE('',*,*,#3827,.F.);
#3827 = EDGE_CURVE('',#3828,#3820,#3830,.T.);
#3828 = VERTEX_POINT('',#3829);
#3829 = CARTESIAN_POINT('',(-4.019372675291,-2.190188558537,
    -2.279285863415));
#3830 = LINE('',#3831,#3832);
#3831 = CARTESIAN_POINT('',(-5.594172675291,-2.190188558537,
    -2.279285863415));
#3832 = VECTOR('',#3833,1.);
#3833 = DIRECTION('',(1.,4.467330631067E-33,-1.635277892997E-17));
#3834 = ORIENTED_EDGE('',*,*,#3835,.F.);
#3835 = EDGE_CURVE('',#3755,#3828,#3836,.T.);
#3836 = LINE('',#3837,#3838);
#3837 = CARTESIAN_POINT('',(-4.019372675291,4.159811441463,
    -2.279285863415));
#3838 = VECTOR('',#3839,1.);
#3839 = DIRECTION('',(-0.,1.,2.731847993664E-16));
#3840 = PLANE('',#3841);
#3841 = AXIS2_PLACEMENT_3D('',#3842,#3843,#3844);
#3842 = CARTESIAN_POINT('',(-5.594172675291,4.159811441463,
    -2.279285863415));
#3843 = DIRECTION('',(1.635277892997E-17,-2.731847993664E-16,1.));
#3844 = DIRECTION('',(-1.681813536453E-49,-1.,-2.731847993664E-16));
#3845 = ADVANCED_FACE('',(#3846),#3905,.F.);
#3846 = FACE_BOUND('',#3847,.T.);
#3847 = EDGE_LOOP('',(#3848,#3858,#3867,#3875,#3883,#3891,#3898,#3899));
#3848 = ORIENTED_EDGE('',*,*,#3849,.F.);
#3849 = EDGE_CURVE('',#3850,#3852,#3854,.T.);
#3850 = VERTEX_POINT('',#3851);
#3851 = CARTESIAN_POINT('',(-4.019372675291,-3.063004518232,
    -1.872885863415));
#3852 = VERTEX_POINT('',#3853);
#3853 = CARTESIAN_POINT('',(-4.019372675291,-2.190188558537,
    -1.872885863415));
#3854 = LINE('',#3855,#3856);
#3855 = CARTESIAN_POINT('',(-4.019372675291,4.159811441463,
    -1.872885863415));
#3856 = VECTOR('',#3857,1.);
#3857 = DIRECTION('',(-0.,1.,2.731847993664E-16));
#3858 = ORIENTED_EDGE('',*,*,#3859,.T.);
#3859 = EDGE_CURVE('',#3850,#3860,#3862,.T.);
#3860 = VERTEX_POINT('',#3861);
#3861 = CARTESIAN_POINT('',(-4.019372675291,-3.723404518232,
    -2.533285863415));
#3862 = CIRCLE('',#3863,0.6604);
#3863 = AXIS2_PLACEMENT_3D('',#3864,#3865,#3866);
#3864 = CARTESIAN_POINT('',(-4.019372675291,-3.063004518232,
    -2.533285863415));
#3865 = DIRECTION('',(1.,-2.731847993664E-16,-1.635277892997E-17));
#3866 = DIRECTION('',(2.731847993664E-16,1.,-4.467330631067E-33));
#3867 = ORIENTED_EDGE('',*,*,#3868,.F.);
#3868 = EDGE_CURVE('',#3869,#3860,#3871,.T.);
#3869 = VERTEX_POINT('',#3870);
#3870 = CARTESIAN_POINT('',(-4.019372675291,-3.723404518232,
    -4.37130182311));
#3871 = LINE('',#3872,#3873);
#3872 = CARTESIAN_POINT('',(-4.019372675291,-3.723404518232,
    5.40769817689));
#3873 = VECTOR('',#3874,1.);
#3874 = DIRECTION('',(-0.,-3.76466613821E-15,1.));
#3875 = ORIENTED_EDGE('',*,*,#3876,.F.);
#3876 = EDGE_CURVE('',#3877,#3869,#3879,.T.);
#3877 = VERTEX_POINT('',#3878);
#3878 = CARTESIAN_POINT('',(-4.019372675291,-3.317004518232,
    -4.37130182311));
#3879 = LINE('',#3880,#3881);
#3880 = CARTESIAN_POINT('',(-4.019372675291,-4.483317360367,
    -4.37130182311));
#3881 = VECTOR('',#3882,1.);
#3882 = DIRECTION('',(-5.398477225357E-15,-1.,5.398477225357E-15));
#3883 = ORIENTED_EDGE('',*,*,#3884,.F.);
#3884 = EDGE_CURVE('',#3885,#3877,#3887,.T.);
#3885 = VERTEX_POINT('',#3886);
#3886 = CARTESIAN_POINT('',(-4.019372675291,-3.317004518232,
    -2.533285863415));
#3887 = LINE('',#3888,#3889);
#3888 = CARTESIAN_POINT('',(-4.019372675291,-3.317004518232,
    -0.94230182311));
#3889 = VECTOR('',#3890,1.);
#3890 = DIRECTION('',(-1.635277893002E-17,2.381229623535E-31,-1.));
#3891 = ORIENTED_EDGE('',*,*,#3892,.T.);
#3892 = EDGE_CURVE('',#3885,#3755,#3893,.T.);
#3893 = CIRCLE('',#3894,0.254);
#3894 = AXIS2_PLACEMENT_3D('',#3895,#3896,#3897);
#3895 = CARTESIAN_POINT('',(-4.019372675291,-3.063004518232,
    -2.533285863415));
#3896 = DIRECTION('',(-1.,2.731847993664E-16,1.635277892997E-17));
#3897 = DIRECTION('',(2.731847993664E-16,1.,-4.467330631067E-33));
#3898 = ORIENTED_EDGE('',*,*,#3835,.T.);
#3899 = ORIENTED_EDGE('',*,*,#3900,.F.);
#3900 = EDGE_CURVE('',#3852,#3828,#3901,.T.);
#3901 = LINE('',#3902,#3903);
#3902 = CARTESIAN_POINT('',(-4.019372675291,-2.190188558537,
    -2.279285863415));
#3903 = VECTOR('',#3904,1.);
#3904 = DIRECTION('',(1.427208301063E-14,-0.,-1.));
#3905 = PLANE('',#3906);
#3906 = AXIS2_PLACEMENT_3D('',#3907,#3908,#3909);
#3907 = CARTESIAN_POINT('',(-4.019372675291,-2.190188558537,
    -2.279285863415));
#3908 = DIRECTION('',(-1.,2.731847993664E-16,-1.427208301063E-14));
#3909 = DIRECTION('',(-1.427208301063E-14,-2.783013586489E-47,1.));
#3910 = ADVANCED_FACE('',(#3911),#3930,.F.);
#3911 = FACE_BOUND('',#3912,.F.);
#3912 = EDGE_LOOP('',(#3913,#3914,#3923,#3929));
#3913 = ORIENTED_EDGE('',*,*,#3752,.F.);
#3914 = ORIENTED_EDGE('',*,*,#3915,.T.);
#3915 = EDGE_CURVE('',#3753,#3916,#3918,.T.);
#3916 = VERTEX_POINT('',#3917);
#3917 = CARTESIAN_POINT('',(-5.594172675291,-3.317004518232,
    -2.533285863415));
#3918 = CIRCLE('',#3919,0.254);
#3919 = AXIS2_PLACEMENT_3D('',#3920,#3921,#3922);
#3920 = CARTESIAN_POINT('',(-5.594172675291,-3.063004518232,
    -2.533285863415));
#3921 = DIRECTION('',(1.,-2.731847993664E-16,-1.635277892997E-17));
#3922 = DIRECTION('',(2.731847993664E-16,1.,-4.467330631067E-33));
#3923 = ORIENTED_EDGE('',*,*,#3924,.F.);
#3924 = EDGE_CURVE('',#3885,#3916,#3925,.T.);
#3925 = LINE('',#3926,#3927);
#3926 = CARTESIAN_POINT('',(-5.594172675291,-3.317004518232,
    -2.533285863415));
#3927 = VECTOR('',#3928,1.);
#3928 = DIRECTION('',(-1.,2.731847993664E-16,1.028449563648E-30));
#3929 = ORIENTED_EDGE('',*,*,#3892,.T.);
#3930 = CYLINDRICAL_SURFACE('',#3931,0.254);
#3931 = AXIS2_PLACEMENT_3D('',#3932,#3933,#3934);
#3932 = CARTESIAN_POINT('',(-6.584670701615,-3.063004518232,
    -2.533285863415));
#3933 = DIRECTION('',(1.,-2.731847993664E-16,-1.635277892997E-17));
#3934 = DIRECTION('',(2.731847993664E-16,1.,-4.467330631067E-33));
#3935 = ADVANCED_FACE('',(#3936),#3987,.F.);
#3936 = FACE_BOUND('',#3937,.T.);
#3937 = EDGE_LOOP('',(#3938,#3939,#3940,#3948,#3956,#3964,#3973,#3981));
#3938 = ORIENTED_EDGE('',*,*,#3762,.T.);
#3939 = ORIENTED_EDGE('',*,*,#3915,.T.);
#3940 = ORIENTED_EDGE('',*,*,#3941,.F.);
#3941 = EDGE_CURVE('',#3942,#3916,#3944,.T.);
#3942 = VERTEX_POINT('',#3943);
#3943 = CARTESIAN_POINT('',(-5.594172675291,-3.317004518232,
    -4.37130182311));
#3944 = LINE('',#3945,#3946);
#3945 = CARTESIAN_POINT('',(-5.594172675291,-3.317004518232,
    -0.94230182311));
#3946 = VECTOR('',#3947,1.);
#3947 = DIRECTION('',(1.30179778666E-16,-1.895628545285E-30,1.));
#3948 = ORIENTED_EDGE('',*,*,#3949,.F.);
#3949 = EDGE_CURVE('',#3950,#3942,#3952,.T.);
#3950 = VERTEX_POINT('',#3951);
#3951 = CARTESIAN_POINT('',(-5.594172675291,-3.723404518232,
    -4.37130182311));
#3952 = LINE('',#3953,#3954);
#3953 = CARTESIAN_POINT('',(-5.594172675291,-4.483317360367,
    -4.37130182311));
#3954 = VECTOR('',#3955,1.);
#3955 = DIRECTION('',(9.163143363566E-15,1.,9.163143363566E-15));
#3956 = ORIENTED_EDGE('',*,*,#3957,.F.);
#3957 = EDGE_CURVE('',#3958,#3950,#3960,.T.);
#3958 = VERTEX_POINT('',#3959);
#3959 = CARTESIAN_POINT('',(-5.594172675291,-3.723404518232,
    -2.533285863415));
#3960 = LINE('',#3961,#3962);
#3961 = CARTESIAN_POINT('',(-5.594172675291,-3.723404518232,
    5.40769817689));
#3962 = VECTOR('',#3963,1.);
#3963 = DIRECTION('',(0.,3.76466613821E-15,-1.));
#3964 = ORIENTED_EDGE('',*,*,#3965,.T.);
#3965 = EDGE_CURVE('',#3958,#3966,#3968,.T.);
#3966 = VERTEX_POINT('',#3967);
#3967 = CARTESIAN_POINT('',(-5.594172675291,-3.063004518232,
    -1.872885863415));
#3968 = CIRCLE('',#3969,0.6604);
#3969 = AXIS2_PLACEMENT_3D('',#3970,#3971,#3972);
#3970 = CARTESIAN_POINT('',(-5.594172675291,-3.063004518232,
    -2.533285863415));
#3971 = DIRECTION('',(-1.,2.731847993664E-16,1.635277892997E-17));
#3972 = DIRECTION('',(2.731847993664E-16,1.,-4.467330631067E-33));
#3973 = ORIENTED_EDGE('',*,*,#3974,.F.);
#3974 = EDGE_CURVE('',#3975,#3966,#3977,.T.);
#3975 = VERTEX_POINT('',#3976);
#3976 = CARTESIAN_POINT('',(-5.594172675291,-2.190188558537,
    -1.872885863415));
#3977 = LINE('',#3978,#3979);
#3978 = CARTESIAN_POINT('',(-5.594172675291,4.159811441463,
    -1.872885863415));
#3979 = VECTOR('',#3980,1.);
#3980 = DIRECTION('',(0.,-1.,-2.731847993664E-16));
#3981 = ORIENTED_EDGE('',*,*,#3982,.F.);
#3982 = EDGE_CURVE('',#3763,#3975,#3983,.T.);
#3983 = LINE('',#3984,#3985);
#3984 = CARTESIAN_POINT('',(-5.594172675291,-2.190188558537,
    -2.279285863415));
#3985 = VECTOR('',#3986,1.);
#3986 = DIRECTION('',(-1.427208301063E-14,-0.,1.));
#3987 = PLANE('',#3988);
#3988 = AXIS2_PLACEMENT_3D('',#3989,#3990,#3991);
#3989 = CARTESIAN_POINT('',(-5.594172675291,-2.190188558537,
    -2.279285863415));
#3990 = DIRECTION('',(1.,-3.870117991024E-16,1.427208301063E-14));
#3991 = DIRECTION('',(1.427208301063E-14,8.418051431142E-47,-1.));
#3992 = ADVANCED_FACE('',(#3993),#4020,.T.);
#3993 = FACE_BOUND('',#3994,.T.);
#3994 = EDGE_LOOP('',(#3995,#4004,#4012,#4019));
#3995 = ORIENTED_EDGE('',*,*,#3996,.T.);
#3996 = EDGE_CURVE('',#3763,#3997,#3999,.T.);
#3997 = VERTEX_POINT('',#3998);
#3998 = CARTESIAN_POINT('',(-6.381572675291,-2.190188558537,
    -1.491885863415));
#3999 = CIRCLE('',#4000,0.7874);
#4000 = AXIS2_PLACEMENT_3D('',#4001,#4002,#4003);
#4001 = CARTESIAN_POINT('',(-5.594172675291,-2.190188558537,
    -1.491885863415));
#4002 = DIRECTION('',(2.731847993664E-16,1.,2.731847993664E-16));
#4003 = DIRECTION('',(-1.,2.731847993664E-16,7.462993460487E-32));
#4004 = ORIENTED_EDGE('',*,*,#4005,.T.);
#4005 = EDGE_CURVE('',#3997,#4006,#4008,.T.);
#4006 = VERTEX_POINT('',#4007);
#4007 = CARTESIAN_POINT('',(-6.381572675291,4.159811441463,
    -1.491885863415));
#4008 = LINE('',#4009,#4010);
#4009 = CARTESIAN_POINT('',(-6.381572675291,-5.444011109615,
    -1.491885863415));
#4010 = VECTOR('',#4011,1.);
#4011 = DIRECTION('',(2.731847993664E-16,1.,2.731847993664E-16));
#4012 = ORIENTED_EDGE('',*,*,#4013,.T.);
#4013 = EDGE_CURVE('',#4006,#3771,#4014,.T.);
#4014 = CIRCLE('',#4015,0.7874);
#4015 = AXIS2_PLACEMENT_3D('',#4016,#4017,#4018);
#4016 = CARTESIAN_POINT('',(-5.594172675291,4.159811441463,
    -1.491885863415));
#4017 = DIRECTION('',(-2.731847993664E-16,-1.,-2.731847993664E-16));
#4018 = DIRECTION('',(-1.,2.731847993664E-16,7.462993460487E-32));
#4019 = ORIENTED_EDGE('',*,*,#3770,.T.);
#4020 = CYLINDRICAL_SURFACE('',#4021,0.7874);
#4021 = AXIS2_PLACEMENT_3D('',#4022,#4023,#4024);
#4022 = CARTESIAN_POINT('',(-5.594172675291,-5.444011109615,
    -1.491885863415));
#4023 = DIRECTION('',(2.731847993664E-16,1.,2.731847993664E-16));
#4024 = DIRECTION('',(-1.,2.731847993664E-16,7.462993460487E-32));
#4025 = ADVANCED_FACE('',(#4026),#4145,.T.);
#4026 = FACE_BOUND('',#4027,.T.);
#4027 = EDGE_LOOP('',(#4028,#4038,#4047,#4055,#4062,#4063,#4064,#4072,
    #4081,#4089,#4096,#4097,#4105,#4112,#4113,#4121,#4130,#4138));
#4028 = ORIENTED_EDGE('',*,*,#4029,.T.);
#4029 = EDGE_CURVE('',#4030,#4032,#4034,.T.);
#4030 = VERTEX_POINT('',#4031);
#4031 = CARTESIAN_POINT('',(-5.594172675291,4.159811441463,
    -1.872885863415));
#4032 = VERTEX_POINT('',#4033);
#4033 = CARTESIAN_POINT('',(-2.469972675291,4.159811441463,
    -1.872885863415));
#4034 = LINE('',#4035,#4036);
#4035 = CARTESIAN_POINT('',(-5.975172675291,4.159811441463,
    -1.872885863415));
#4036 = VECTOR('',#4037,1.);
#4037 = DIRECTION('',(1.,-2.731847993664E-16,-0.));
#4038 = ORIENTED_EDGE('',*,*,#4039,.T.);
#4039 = EDGE_CURVE('',#4032,#4040,#4042,.T.);
#4040 = VERTEX_POINT('',#4041);
#4041 = CARTESIAN_POINT('',(-2.099669086342,4.159811441463,
    -1.402240718476));
#4042 = CIRCLE('',#4043,0.381);
#4043 = AXIS2_PLACEMENT_3D('',#4044,#4045,#4046);
#4044 = CARTESIAN_POINT('',(-2.469972675291,4.159811441463,
    -1.491885863415));
#4045 = DIRECTION('',(-2.731847993664E-16,-1.,-2.731847993664E-16));
#4046 = DIRECTION('',(-1.,2.731847993664E-16,7.462993460487E-32));
#4047 = ORIENTED_EDGE('',*,*,#4048,.F.);
#4048 = EDGE_CURVE('',#4049,#4040,#4051,.T.);
#4049 = VERTEX_POINT('',#4050);
#4050 = CARTESIAN_POINT('',(-2.039775792042,4.159811441463,
    -0.83239408815));
#4051 = LINE('',#4052,#4053);
#4052 = CARTESIAN_POINT('',(-2.039775792042,4.159811441463,
    -0.83239408815));
#4053 = VECTOR('',#4054,1.);
#4054 = DIRECTION('',(-0.104528463268,0.,-0.994521895368));
#4055 = ORIENTED_EDGE('',*,*,#4056,.F.);
#4056 = EDGE_CURVE('',#3779,#4049,#4057,.T.);
#4057 = CIRCLE('',#4058,0.7874);
#4058 = AXIS2_PLACEMENT_3D('',#4059,#4060,#4061);
#4059 = CARTESIAN_POINT('',(-2.469972675291,4.159811441463,
    -1.491885863415));
#4060 = DIRECTION('',(-2.731847993664E-16,-1.,-2.731847993664E-16));
#4061 = DIRECTION('',(-1.,2.731847993664E-16,7.462993460487E-32));
#4062 = ORIENTED_EDGE('',*,*,#3778,.T.);
#4063 = ORIENTED_EDGE('',*,*,#4013,.F.);
#4064 = ORIENTED_EDGE('',*,*,#4065,.T.);
#4065 = EDGE_CURVE('',#4006,#4066,#4068,.T.);
#4066 = VERTEX_POINT('',#4067);
#4067 = CARTESIAN_POINT('',(-6.381572675291,4.159811441463,
    0.743314136585));
#4068 = LINE('',#4069,#4070);
#4069 = CARTESIAN_POINT('',(-6.381572675291,4.159811441463,
    0.743314136585));
#4070 = VECTOR('',#4071,1.);
#4071 = DIRECTION('',(-1.224606353822E-16,3.345438410718E-32,1.));
#4072 = ORIENTED_EDGE('',*,*,#4073,.F.);
#4073 = EDGE_CURVE('',#4074,#4066,#4076,.T.);
#4074 = VERTEX_POINT('',#4075);
#4075 = CARTESIAN_POINT('',(-5.594172675291,4.159811441463,
    1.530714136585));
#4076 = CIRCLE('',#4077,0.7874);
#4077 = AXIS2_PLACEMENT_3D('',#4078,#4079,#4080);
#4078 = CARTESIAN_POINT('',(-5.594172675291,4.159811441463,
    0.743314136585));
#4079 = DIRECTION('',(-2.731847993664E-16,-1.,-2.731847993664E-16));
#4080 = DIRECTION('',(1.,-2.731847993664E-16,-7.462993460487E-32));
#4081 = ORIENTED_EDGE('',*,*,#4082,.T.);
#4082 = EDGE_CURVE('',#4074,#4083,#4085,.T.);
#4083 = VERTEX_POINT('',#4084);
#4084 = CARTESIAN_POINT('',(-2.469972675291,4.159811441463,
    1.530714136585));
#4085 = LINE('',#4086,#4087);
#4086 = CARTESIAN_POINT('',(-5.594172675291,4.159811441463,
    1.530714136585));
#4087 = VECTOR('',#4088,1.);
#4088 = DIRECTION('',(1.,-7.137609884543E-32,2.612740496944E-16));
#4089 = ORIENTED_EDGE('',*,*,#4090,.F.);
#4090 = EDGE_CURVE('',#3662,#4083,#4091,.T.);
#4091 = CIRCLE('',#4092,0.7874);
#4092 = AXIS2_PLACEMENT_3D('',#4093,#4094,#4095);
#4093 = CARTESIAN_POINT('',(-2.469972675291,4.159811441463,
    0.743314136585));
#4094 = DIRECTION('',(-2.731847993664E-16,-1.,-2.731847993664E-16));
#4095 = DIRECTION('',(1.,-2.731847993664E-16,-7.462993460487E-32));
#4096 = ORIENTED_EDGE('',*,*,#3659,.F.);
#4097 = ORIENTED_EDGE('',*,*,#4098,.F.);
#4098 = EDGE_CURVE('',#4099,#3660,#4101,.T.);
#4099 = VERTEX_POINT('',#4100);
#4100 = CARTESIAN_POINT('',(-2.099669086342,4.159811441463,
    0.653668991645));
#4101 = LINE('',#4102,#4103);
#4102 = CARTESIAN_POINT('',(-2.099669086342,4.159811441463,
    0.653668991645));
#4103 = VECTOR('',#4104,1.);
#4104 = DIRECTION('',(0.104528463268,0.,-0.994521895368));
#4105 = ORIENTED_EDGE('',*,*,#4106,.F.);
#4106 = EDGE_CURVE('',#3730,#4099,#4107,.T.);
#4107 = CIRCLE('',#4108,0.381);
#4108 = AXIS2_PLACEMENT_3D('',#4109,#4110,#4111);
#4109 = CARTESIAN_POINT('',(-2.469972675291,4.159811441463,
    0.743314136585));
#4110 = DIRECTION('',(2.731847993664E-16,1.,2.731847993664E-16));
#4111 = DIRECTION('',(1.,-2.731847993664E-16,-1.70740499604E-15));
#4112 = ORIENTED_EDGE('',*,*,#3737,.F.);
#4113 = ORIENTED_EDGE('',*,*,#4114,.T.);
#4114 = EDGE_CURVE('',#3711,#4115,#4117,.T.);
#4115 = VERTEX_POINT('',#4116);
#4116 = CARTESIAN_POINT('',(-5.594172675291,4.159811441463,
    1.124314136585));
#4117 = LINE('',#4118,#4119);
#4118 = CARTESIAN_POINT('',(-2.430147330786,4.159811441463,
    1.124314136585));
#4119 = VECTOR('',#4120,1.);
#4120 = DIRECTION('',(-1.,2.731847993664E-16,0.));
#4121 = ORIENTED_EDGE('',*,*,#4122,.F.);
#4122 = EDGE_CURVE('',#4123,#4115,#4125,.T.);
#4123 = VERTEX_POINT('',#4124);
#4124 = CARTESIAN_POINT('',(-5.975172675291,4.159811441463,
    0.743314136585));
#4125 = CIRCLE('',#4126,0.381);
#4126 = AXIS2_PLACEMENT_3D('',#4127,#4128,#4129);
#4127 = CARTESIAN_POINT('',(-5.594172675291,4.159811441463,
    0.743314136585));
#4128 = DIRECTION('',(2.731847993664E-16,1.,2.731847993664E-16));
#4129 = DIRECTION('',(1.,-2.731847993664E-16,-7.462993460487E-32));
#4130 = ORIENTED_EDGE('',*,*,#4131,.T.);
#4131 = EDGE_CURVE('',#4123,#4132,#4134,.T.);
#4132 = VERTEX_POINT('',#4133);
#4133 = CARTESIAN_POINT('',(-5.975172675291,4.159811441463,
    -1.491885863415));
#4134 = LINE('',#4135,#4136);
#4135 = CARTESIAN_POINT('',(-5.975172675291,4.159811441463,
    1.124314136585));
#4136 = VECTOR('',#4137,1.);
#4137 = DIRECTION('',(7.462993460487E-32,2.731847993664E-16,-1.));
#4138 = ORIENTED_EDGE('',*,*,#4139,.T.);
#4139 = EDGE_CURVE('',#4132,#4030,#4140,.T.);
#4140 = CIRCLE('',#4141,0.381);
#4141 = AXIS2_PLACEMENT_3D('',#4142,#4143,#4144);
#4142 = CARTESIAN_POINT('',(-5.594172675291,4.159811441463,
    -1.491885863415));
#4143 = DIRECTION('',(-2.731847993664E-16,-1.,-2.731847993664E-16));
#4144 = DIRECTION('',(-1.,2.731847993664E-16,7.462993460487E-32));
#4145 = PLANE('',#4146);
#4146 = AXIS2_PLACEMENT_3D('',#4147,#4148,#4149);
#4147 = CARTESIAN_POINT('',(-5.975172675291,4.159811441463,
    -1.491885863415));
#4148 = DIRECTION('',(2.731847993664E-16,1.,2.731847993664E-16));
#4149 = DIRECTION('',(-1.,2.731847993664E-16,4.858021379284E-48));
#4150 = ADVANCED_FACE('',(#4151),#4179,.T.);
#4151 = FACE_BOUND('',#4152,.T.);
#4152 = EDGE_LOOP('',(#4153,#4154,#4155,#4164,#4172));
#4153 = ORIENTED_EDGE('',*,*,#3786,.T.);
#4154 = ORIENTED_EDGE('',*,*,#4056,.T.);
#4155 = ORIENTED_EDGE('',*,*,#4156,.T.);
#4156 = EDGE_CURVE('',#4049,#4157,#4159,.T.);
#4157 = VERTEX_POINT('',#4158);
#4158 = CARTESIAN_POINT('',(-2.387666963314,3.538170512106,
    -0.708799323002));
#4159 = ( BOUNDED_CURVE() B_SPLINE_CURVE(3,(#4160,#4161,#4162,#4163),
.UNSPECIFIED.,.F.,.F.) B_SPLINE_CURVE_WITH_KNOTS((4,4),(1.097514627842,
1.570796326795),.PIECEWISE_BEZIER_KNOTS.) CURVE() 
GEOMETRIC_REPRESENTATION_ITEM() RATIONAL_B_SPLINE_CURVE((1.,
0.981420648014,0.981420648014,1.)) REPRESENTATION_ITEM('') );
#4160 = CARTESIAN_POINT('',(-2.039775792042,4.159811441463,
    -0.83239408815));
#4161 = CARTESIAN_POINT('',(-2.144800557766,3.966496208091,
    -0.763884777537));
#4162 = CARTESIAN_POINT('',(-2.262959599959,3.755359787089,
    -0.72190659506));
#4163 = CARTESIAN_POINT('',(-2.387666963314,3.538170512106,
    -0.708799323002));
#4164 = ORIENTED_EDGE('',*,*,#4165,.T.);
#4165 = EDGE_CURVE('',#4157,#4166,#4168,.T.);
#4166 = VERTEX_POINT('',#4167);
#4167 = CARTESIAN_POINT('',(-2.387666963314,-0.361388558537,
    -0.708799323002));
#4168 = LINE('',#4169,#4170);
#4169 = CARTESIAN_POINT('',(-2.387666963314,-2.974594792939,
    -0.708799323002));
#4170 = VECTOR('',#4171,1.);
#4171 = DIRECTION('',(-2.731847993664E-16,-1.,-2.731847993664E-16));
#4172 = ORIENTED_EDGE('',*,*,#4173,.T.);
#4173 = EDGE_CURVE('',#4166,#3787,#4174,.T.);
#4174 = CIRCLE('',#4175,0.7874);
#4175 = AXIS2_PLACEMENT_3D('',#4176,#4177,#4178);
#4176 = CARTESIAN_POINT('',(-2.469972675291,-0.361388558537,
    -1.491885863415));
#4177 = DIRECTION('',(2.731847993664E-16,1.,2.731847993664E-16));
#4178 = DIRECTION('',(-1.,2.731847993664E-16,-6.018543113295E-34));
#4179 = CYLINDRICAL_SURFACE('',#4180,0.7874);
#4180 = AXIS2_PLACEMENT_3D('',#4181,#4182,#4183);
#4181 = CARTESIAN_POINT('',(-2.469972675291,-2.974594792939,
    -1.491885863415));
#4182 = DIRECTION('',(2.731847993664E-16,1.,2.731847993664E-16));
#4183 = DIRECTION('',(-1.,2.731847993664E-16,7.462993460487E-32));
#4184 = ADVANCED_FACE('',(#4185),#4236,.F.);
#4185 = FACE_BOUND('',#4186,.T.);
#4186 = EDGE_LOOP('',(#4187,#4197,#4203,#4204,#4205,#4213,#4221,#4229));
#4187 = ORIENTED_EDGE('',*,*,#4188,.F.);
#4188 = EDGE_CURVE('',#4189,#4191,#4193,.T.);
#4189 = VERTEX_POINT('',#4190);
#4190 = CARTESIAN_POINT('',(-4.806772675291,-0.361388558537,
    -1.872885863415));
#4191 = VERTEX_POINT('',#4192);
#4192 = CARTESIAN_POINT('',(-2.469972675291,-0.361388558537,
    -1.872885863415));
#4193 = LINE('',#4194,#4195);
#4194 = CARTESIAN_POINT('',(-4.806772675291,-0.361388558537,
    -1.872885863415));
#4195 = VECTOR('',#4196,1.);
#4196 = DIRECTION('',(1.,-2.731847993664E-16,-0.));
#4197 = ORIENTED_EDGE('',*,*,#4198,.F.);
#4198 = EDGE_CURVE('',#3795,#4189,#4199,.T.);
#4199 = LINE('',#4200,#4201);
#4200 = CARTESIAN_POINT('',(-4.806772675291,-0.361388558537,
    -2.279285863415));
#4201 = VECTOR('',#4202,1.);
#4202 = DIRECTION('',(-7.462993460487E-32,-2.731847993664E-16,1.));
#4203 = ORIENTED_EDGE('',*,*,#3794,.T.);
#4204 = ORIENTED_EDGE('',*,*,#4173,.F.);
#4205 = ORIENTED_EDGE('',*,*,#4206,.T.);
#4206 = EDGE_CURVE('',#4166,#4207,#4209,.T.);
#4207 = VERTEX_POINT('',#4208);
#4208 = CARTESIAN_POINT('',(-4.715955558415,-0.361388558537,
    -0.464086330737));
#4209 = LINE('',#4210,#4211);
#4210 = CARTESIAN_POINT('',(-4.715955558415,-0.361388558537,
    -0.464086330737));
#4211 = VECTOR('',#4212,1.);
#4212 = DIRECTION('',(-0.994521895368,0.,0.104528463268));
#4213 = ORIENTED_EDGE('',*,*,#4214,.F.);
#4214 = EDGE_CURVE('',#4215,#4207,#4217,.T.);
#4215 = VERTEX_POINT('',#4216);
#4216 = CARTESIAN_POINT('',(-4.758435925887,-0.361388558537,
    -0.868260029014));
#4217 = LINE('',#4218,#4219);
#4218 = CARTESIAN_POINT('',(-4.715955558415,-0.361388558537,
    -0.464086330737));
#4219 = VECTOR('',#4220,1.);
#4220 = DIRECTION('',(0.104528463268,0.,0.994521895368));
#4221 = ORIENTED_EDGE('',*,*,#4222,.F.);
#4222 = EDGE_CURVE('',#4223,#4215,#4225,.T.);
#4223 = VERTEX_POINT('',#4224);
#4224 = CARTESIAN_POINT('',(-2.430147330786,-0.361388558537,
    -1.11297302128));
#4225 = LINE('',#4226,#4227);
#4226 = CARTESIAN_POINT('',(-2.430147330786,-0.361388558537,
    -1.11297302128));
#4227 = VECTOR('',#4228,1.);
#4228 = DIRECTION('',(-0.994521895368,2.547126421511E-16,0.104528463268)
  );
#4229 = ORIENTED_EDGE('',*,*,#4230,.F.);
#4230 = EDGE_CURVE('',#4191,#4223,#4231,.T.);
#4231 = CIRCLE('',#4232,0.381);
#4232 = AXIS2_PLACEMENT_3D('',#4233,#4234,#4235);
#4233 = CARTESIAN_POINT('',(-2.469972675291,-0.361388558537,
    -1.491885863415));
#4234 = DIRECTION('',(-2.731847993664E-16,-1.,-2.731847993664E-16));
#4235 = DIRECTION('',(-1.,2.731847993664E-16,-3.109580608536E-33));
#4236 = PLANE('',#4237);
#4237 = AXIS2_PLACEMENT_3D('',#4238,#4239,#4240);
#4238 = CARTESIAN_POINT('',(-4.806772675291,-0.361388558537,
    -2.279285863415));
#4239 = DIRECTION('',(2.731847993664E-16,1.,2.731847993664E-16));
#4240 = DIRECTION('',(-1.,2.731847993664E-16,4.858021379284E-48));
#4241 = ADVANCED_FACE('',(#4242),#4261,.F.);
#4242 = FACE_BOUND('',#4243,.F.);
#4243 = EDGE_LOOP('',(#4244,#4253,#4254,#4255));
#4244 = ORIENTED_EDGE('',*,*,#4245,.T.);
#4245 = EDGE_CURVE('',#4246,#4189,#4248,.T.);
#4246 = VERTEX_POINT('',#4247);
#4247 = CARTESIAN_POINT('',(-4.806772675291,-1.174188558537,
    -1.872885863415));
#4248 = CIRCLE('',#4249,0.4064);
#4249 = AXIS2_PLACEMENT_3D('',#4250,#4251,#4252);
#4250 = CARTESIAN_POINT('',(-4.806772675291,-0.767788558537,
    -1.872885863415));
#4251 = DIRECTION('',(1.427208301063E-14,2.731847993664E-16,-1.));
#4252 = DIRECTION('',(1.,3.664682387987E-32,1.427208301063E-14));
#4253 = ORIENTED_EDGE('',*,*,#4198,.F.);
#4254 = ORIENTED_EDGE('',*,*,#3802,.F.);
#4255 = ORIENTED_EDGE('',*,*,#4256,.T.);
#4256 = EDGE_CURVE('',#3803,#4246,#4257,.T.);
#4257 = LINE('',#4258,#4259);
#4258 = CARTESIAN_POINT('',(-4.806772675291,-1.174188558537,
    -2.279285863415));
#4259 = VECTOR('',#4260,1.);
#4260 = DIRECTION('',(-1.427208301063E-14,-2.731847993664E-16,1.));
#4261 = CYLINDRICAL_SURFACE('',#4262,0.4064);
#4262 = AXIS2_PLACEMENT_3D('',#4263,#4264,#4265);
#4263 = CARTESIAN_POINT('',(-4.806772675291,-0.767788558537,
    -2.279285863415));
#4264 = DIRECTION('',(-1.427208301063E-14,-2.731847993664E-16,1.));
#4265 = DIRECTION('',(1.,-1.091147671453E-31,1.427208301063E-14));
#4266 = ADVANCED_FACE('',(#4267),#4285,.F.);
#4267 = FACE_BOUND('',#4268,.T.);
#4268 = EDGE_LOOP('',(#4269,#4277,#4278,#4279));
#4269 = ORIENTED_EDGE('',*,*,#4270,.F.);
#4270 = EDGE_CURVE('',#3812,#4271,#4273,.T.);
#4271 = VERTEX_POINT('',#4272);
#4272 = CARTESIAN_POINT('',(-3.104972675291,-1.174188558537,
    -1.872885863415));
#4273 = LINE('',#4274,#4275);
#4274 = CARTESIAN_POINT('',(-3.104972675291,-1.174188558537,
    -2.279285863415));
#4275 = VECTOR('',#4276,1.);
#4276 = DIRECTION('',(-0.,-2.731847993664E-16,1.));
#4277 = ORIENTED_EDGE('',*,*,#3811,.T.);
#4278 = ORIENTED_EDGE('',*,*,#4256,.T.);
#4279 = ORIENTED_EDGE('',*,*,#4280,.F.);
#4280 = EDGE_CURVE('',#4271,#4246,#4281,.T.);
#4281 = LINE('',#4282,#4283);
#4282 = CARTESIAN_POINT('',(-3.104972675291,-1.174188558537,
    -1.872885863415));
#4283 = VECTOR('',#4284,1.);
#4284 = DIRECTION('',(-1.,-2.364883337799E-16,-6.460501801616E-32));
#4285 = PLANE('',#4286);
#4286 = AXIS2_PLACEMENT_3D('',#4287,#4288,#4289);
#4287 = CARTESIAN_POINT('',(-3.104972675291,-1.174188558537,
    -2.279285863415));
#4288 = DIRECTION('',(2.364883337799E-16,-1.,-2.731847993664E-16));
#4289 = DIRECTION('',(0.,2.731847993664E-16,-1.));
#4290 = ADVANCED_FACE('',(#4291),#4309,.F.);
#4291 = FACE_BOUND('',#4292,.T.);
#4292 = EDGE_LOOP('',(#4293,#4301,#4302,#4303));
#4293 = ORIENTED_EDGE('',*,*,#4294,.F.);
#4294 = EDGE_CURVE('',#3820,#4295,#4297,.T.);
#4295 = VERTEX_POINT('',#4296);
#4296 = CARTESIAN_POINT('',(-3.104972675291,-2.190188558537,
    -1.872885863415));
#4297 = LINE('',#4298,#4299);
#4298 = CARTESIAN_POINT('',(-3.104972675291,-2.190188558537,
    -2.279285863415));
#4299 = VECTOR('',#4300,1.);
#4300 = DIRECTION('',(-1.427208301063E-14,0.,1.));
#4301 = ORIENTED_EDGE('',*,*,#3819,.T.);
#4302 = ORIENTED_EDGE('',*,*,#4270,.T.);
#4303 = ORIENTED_EDGE('',*,*,#4304,.F.);
#4304 = EDGE_CURVE('',#4295,#4271,#4305,.T.);
#4305 = LINE('',#4306,#4307);
#4306 = CARTESIAN_POINT('',(-3.104972675291,-2.190188558537,
    -1.872885863415));
#4307 = VECTOR('',#4308,1.);
#4308 = DIRECTION('',(2.731847993664E-16,1.,3.898916133799E-30));
#4309 = PLANE('',#4310);
#4310 = AXIS2_PLACEMENT_3D('',#4311,#4312,#4313);
#4311 = CARTESIAN_POINT('',(-3.104972675291,-2.190188558537,
    -2.279285863415));
#4312 = DIRECTION('',(-1.,2.731847993664E-16,-1.427208301063E-14));
#4313 = DIRECTION('',(-1.427208301063E-14,-2.783013586489E-47,1.));
#4314 = ADVANCED_FACE('',(#4315),#4326,.F.);
#4315 = FACE_BOUND('',#4316,.T.);
#4316 = EDGE_LOOP('',(#4317,#4318,#4319,#4320));
#4317 = ORIENTED_EDGE('',*,*,#3900,.T.);
#4318 = ORIENTED_EDGE('',*,*,#3827,.T.);
#4319 = ORIENTED_EDGE('',*,*,#4294,.T.);
#4320 = ORIENTED_EDGE('',*,*,#4321,.F.);
#4321 = EDGE_CURVE('',#3852,#4295,#4322,.T.);
#4322 = LINE('',#4323,#4324);
#4323 = CARTESIAN_POINT('',(-3.104972675291,-2.190188558537,
    -1.872885863415));
#4324 = VECTOR('',#4325,1.);
#4325 = DIRECTION('',(1.,-2.731847993664E-16,-0.));
#4326 = PLANE('',#4327);
#4327 = AXIS2_PLACEMENT_3D('',#4328,#4329,#4330);
#4328 = CARTESIAN_POINT('',(-3.104972675291,-2.190188558537,
    -2.279285863415));
#4329 = DIRECTION('',(2.731847993664E-16,1.,2.731847993664E-16));
#4330 = DIRECTION('',(-1.,2.731847993664E-16,4.858021379284E-48));
#4331 = ADVANCED_FACE('',(#4332),#4385,.F.);
#4332 = FACE_BOUND('',#4333,.T.);
#4333 = EDGE_LOOP('',(#4334,#4335,#4336,#4345,#4353,#4362,#4370,#4379));
#4334 = ORIENTED_EDGE('',*,*,#3996,.F.);
#4335 = ORIENTED_EDGE('',*,*,#3982,.T.);
#4336 = ORIENTED_EDGE('',*,*,#4337,.T.);
#4337 = EDGE_CURVE('',#3975,#4338,#4340,.T.);
#4338 = VERTEX_POINT('',#4339);
#4339 = CARTESIAN_POINT('',(-5.975172675291,-2.190188558537,
    -1.491885863415));
#4340 = CIRCLE('',#4341,0.381);
#4341 = AXIS2_PLACEMENT_3D('',#4342,#4343,#4344);
#4342 = CARTESIAN_POINT('',(-5.594172675291,-2.190188558537,
    -1.491885863415));
#4343 = DIRECTION('',(2.731847993664E-16,1.,2.731847993664E-16));
#4344 = DIRECTION('',(-1.,2.731847993664E-16,7.462993460487E-32));
#4345 = ORIENTED_EDGE('',*,*,#4346,.F.);
#4346 = EDGE_CURVE('',#4347,#4338,#4349,.T.);
#4347 = VERTEX_POINT('',#4348);
#4348 = CARTESIAN_POINT('',(-5.975172675291,-2.190188558537,
    0.743314136585));
#4349 = LINE('',#4350,#4351);
#4350 = CARTESIAN_POINT('',(-5.975172675291,-2.190188558537,
    1.660973350698));
#4351 = VECTOR('',#4352,1.);
#4352 = DIRECTION('',(7.462993460487E-32,2.731847993664E-16,-1.));
#4353 = ORIENTED_EDGE('',*,*,#4354,.F.);
#4354 = EDGE_CURVE('',#4355,#4347,#4357,.T.);
#4355 = VERTEX_POINT('',#4356);
#4356 = CARTESIAN_POINT('',(-5.594172675291,-2.190188558537,
    1.124314136585));
#4357 = CIRCLE('',#4358,0.381);
#4358 = AXIS2_PLACEMENT_3D('',#4359,#4360,#4361);
#4359 = CARTESIAN_POINT('',(-5.594172675291,-2.190188558537,
    0.743314136585));
#4360 = DIRECTION('',(-2.731847993664E-16,-1.,-2.731847993664E-16));
#4361 = DIRECTION('',(1.,-2.731847993664E-16,-7.462993460487E-32));
#4362 = ORIENTED_EDGE('',*,*,#4363,.F.);
#4363 = EDGE_CURVE('',#4364,#4355,#4366,.T.);
#4364 = VERTEX_POINT('',#4365);
#4365 = CARTESIAN_POINT('',(-5.594172675291,-2.190188558537,
    1.530714136585));
#4366 = LINE('',#4367,#4368);
#4367 = CARTESIAN_POINT('',(-5.594172675291,-2.190188558537,
    0.743314136585));
#4368 = VECTOR('',#4369,1.);
#4369 = DIRECTION('',(7.462993460487E-32,2.731847993664E-16,-1.));
#4370 = ORIENTED_EDGE('',*,*,#4371,.F.);
#4371 = EDGE_CURVE('',#4372,#4364,#4374,.T.);
#4372 = VERTEX_POINT('',#4373);
#4373 = CARTESIAN_POINT('',(-6.381572675291,-2.190188558537,
    0.743314136585));
#4374 = CIRCLE('',#4375,0.7874);
#4375 = AXIS2_PLACEMENT_3D('',#4376,#4377,#4378);
#4376 = CARTESIAN_POINT('',(-5.594172675291,-2.190188558537,
    0.743314136585));
#4377 = DIRECTION('',(2.731847993664E-16,1.,2.731847993664E-16));
#4378 = DIRECTION('',(1.,-2.731847993664E-16,1.790021366816E-15));
#4379 = ORIENTED_EDGE('',*,*,#4380,.T.);
#4380 = EDGE_CURVE('',#4372,#3997,#4381,.T.);
#4381 = LINE('',#4382,#4383);
#4382 = CARTESIAN_POINT('',(-6.381572675291,-2.190188558537,
    0.743314136585));
#4383 = VECTOR('',#4384,1.);
#4384 = DIRECTION('',(1.224606353822E-16,-3.345438410718E-32,-1.));
#4385 = PLANE('',#4386);
#4386 = AXIS2_PLACEMENT_3D('',#4387,#4388,#4389);
#4387 = CARTESIAN_POINT('',(-5.594172675291,-2.190188558537,
    -1.491885863415));
#4388 = DIRECTION('',(2.731847993664E-16,1.,2.731847993664E-16));
#4389 = DIRECTION('',(-1.,2.731847993664E-16,4.858021379284E-48));
#4390 = ADVANCED_FACE('',(#4391,#4402),#4492,.F.);
#4391 = FACE_BOUND('',#4392,.T.);
#4392 = EDGE_LOOP('',(#4393,#4394,#4400,#4401));
#4393 = ORIENTED_EDGE('',*,*,#4380,.F.);
#4394 = ORIENTED_EDGE('',*,*,#4395,.F.);
#4395 = EDGE_CURVE('',#4066,#4372,#4396,.T.);
#4396 = LINE('',#4397,#4398);
#4397 = CARTESIAN_POINT('',(-6.381572675291,4.159811441463,
    0.743314136585));
#4398 = VECTOR('',#4399,1.);
#4399 = DIRECTION('',(-2.731847993664E-16,-1.,-0.));
#4400 = ORIENTED_EDGE('',*,*,#4065,.F.);
#4401 = ORIENTED_EDGE('',*,*,#4005,.F.);
#4402 = FACE_BOUND('',#4403,.T.);
#4403 = EDGE_LOOP('',(#4404,#4414,#4422,#4430,#4438,#4446,#4454,#4462,
    #4470,#4478,#4486));
#4404 = ORIENTED_EDGE('',*,*,#4405,.F.);
#4405 = EDGE_CURVE('',#4406,#4408,#4410,.T.);
#4406 = VERTEX_POINT('',#4407);
#4407 = CARTESIAN_POINT('',(-6.381572675291,-0.239856614092,
    -0.755285863415));
#4408 = VERTEX_POINT('',#4409);
#4409 = CARTESIAN_POINT('',(-6.381572675291,-0.239856614092,
    -1.009285863415));
#4410 = LINE('',#4411,#4412);
#4411 = CARTESIAN_POINT('',(-6.381572675291,-0.239856614092,
    0.743314136585));
#4412 = VECTOR('',#4413,1.);
#4413 = DIRECTION('',(1.224606353822E-16,-3.345438410718E-32,-1.));
#4414 = ORIENTED_EDGE('',*,*,#4415,.F.);
#4415 = EDGE_CURVE('',#4416,#4406,#4418,.T.);
#4416 = VERTEX_POINT('',#4417);
#4417 = CARTESIAN_POINT('',(-6.381572675291,-0.730514375173,
    -0.755285863415));
#4418 = LINE('',#4419,#4420);
#4419 = CARTESIAN_POINT('',(-6.381572675291,4.159811441463,
    -0.755285863415));
#4420 = VECTOR('',#4421,1.);
#4421 = DIRECTION('',(2.731847993664E-16,1.,0.));
#4422 = ORIENTED_EDGE('',*,*,#4423,.F.);
#4423 = EDGE_CURVE('',#4424,#4416,#4426,.T.);
#4424 = VERTEX_POINT('',#4425);
#4425 = CARTESIAN_POINT('',(-6.381572675291,-0.239856614092,
    -0.183785863415));
#4426 = LINE('',#4427,#4428);
#4427 = CARTESIAN_POINT('',(-6.381572675291,-0.239856614092,
    -0.183785863415));
#4428 = VECTOR('',#4429,1.);
#4429 = DIRECTION('',(-1.151521208108E-15,-0.651403898813,
    -0.758731151734));
#4430 = ORIENTED_EDGE('',*,*,#4431,.F.);
#4431 = EDGE_CURVE('',#4432,#4424,#4434,.T.);
#4432 = VERTEX_POINT('',#4433);
#4433 = CARTESIAN_POINT('',(-6.381572675291,-0.239856614092,
    0.209914136585));
#4434 = LINE('',#4435,#4436);
#4435 = CARTESIAN_POINT('',(-6.381572675291,-0.239856614092,
    0.743314136585));
#4436 = VECTOR('',#4437,1.);
#4437 = DIRECTION('',(1.224606353822E-16,-3.345438410718E-32,-1.));
#4438 = ORIENTED_EDGE('',*,*,#4439,.F.);
#4439 = EDGE_CURVE('',#4440,#4432,#4442,.T.);
#4440 = VERTEX_POINT('',#4441);
#4441 = CARTESIAN_POINT('',(-6.381572675291,-0.849456614092,
    -0.500125381048));
#4442 = LINE('',#4443,#4444);
#4443 = CARTESIAN_POINT('',(-6.381572675291,-0.849456614092,
    -0.500125381048));
#4444 = VECTOR('',#4445,1.);
#4445 = DIRECTION('',(9.268418927279E-16,0.651403898813,0.758731151734)
  );
#4446 = ORIENTED_EDGE('',*,*,#4447,.F.);
#4447 = EDGE_CURVE('',#4448,#4440,#4450,.T.);
#4448 = VERTEX_POINT('',#4449);
#4449 = CARTESIAN_POINT('',(-6.381572675291,-1.610945961767,
    0.413114136585));
#4450 = LINE('',#4451,#4452);
#4451 = CARTESIAN_POINT('',(-6.381572675291,-1.610945961767,
    0.413114136585));
#4452 = VECTOR('',#4453,1.);
#4453 = DIRECTION('',(0.,0.640410903389,-0.7680324699));
#4454 = ORIENTED_EDGE('',*,*,#4455,.F.);
#4455 = EDGE_CURVE('',#4456,#4448,#4458,.T.);
#4456 = VERTEX_POINT('',#4457);
#4457 = CARTESIAN_POINT('',(-6.381572675291,-1.966545961767,
    0.413114136585));
#4458 = LINE('',#4459,#4460);
#4459 = CARTESIAN_POINT('',(-6.381572675291,4.159811441463,
    0.413114136585));
#4460 = VECTOR('',#4461,1.);
#4461 = DIRECTION('',(2.731847993664E-16,1.,0.));
#4462 = ORIENTED_EDGE('',*,*,#4463,.F.);
#4463 = EDGE_CURVE('',#4464,#4456,#4466,.T.);
#4464 = VERTEX_POINT('',#4465);
#4465 = CARTESIAN_POINT('',(-6.381572675291,-0.992295355387,
    -0.755285863415));
#4466 = LINE('',#4467,#4468);
#4467 = CARTESIAN_POINT('',(-6.381572675291,-0.992295355387,
    -0.755285863415));
#4468 = VECTOR('',#4469,1.);
#4469 = DIRECTION('',(0.,-0.640410903389,0.7680324699));
#4470 = ORIENTED_EDGE('',*,*,#4471,.F.);
#4471 = EDGE_CURVE('',#4472,#4464,#4474,.T.);
#4472 = VERTEX_POINT('',#4473);
#4473 = CARTESIAN_POINT('',(-6.381572675291,-1.459056614092,
    -0.755285863415));
#4474 = LINE('',#4475,#4476);
#4475 = CARTESIAN_POINT('',(-6.381572675291,4.159811441463,
    -0.755285863415));
#4476 = VECTOR('',#4477,1.);
#4477 = DIRECTION('',(2.731847993664E-16,1.,0.));
#4478 = ORIENTED_EDGE('',*,*,#4479,.F.);
#4479 = EDGE_CURVE('',#4480,#4472,#4482,.T.);
#4480 = VERTEX_POINT('',#4481);
#4481 = CARTESIAN_POINT('',(-6.381572675291,-1.459056614092,
    -1.009285863415));
#4482 = LINE('',#4483,#4484);
#4483 = CARTESIAN_POINT('',(-6.381572675291,-1.459056614092,
    0.743314136585));
#4484 = VECTOR('',#4485,1.);
#4485 = DIRECTION('',(-1.224606353822E-16,3.345438410718E-32,1.));
#4486 = ORIENTED_EDGE('',*,*,#4487,.F.);
#4487 = EDGE_CURVE('',#4408,#4480,#4488,.T.);
#4488 = LINE('',#4489,#4490);
#4489 = CARTESIAN_POINT('',(-6.381572675291,4.159811441463,
    -1.009285863415));
#4490 = VECTOR('',#4491,1.);
#4491 = DIRECTION('',(-2.731847993664E-16,-1.,-0.));
#4492 = PLANE('',#4493);
#4493 = AXIS2_PLACEMENT_3D('',#4494,#4495,#4496);
#4494 = CARTESIAN_POINT('',(-6.381572675291,4.159811441463,
    0.743314136585));
#4495 = DIRECTION('',(1.,-2.731847993664E-16,1.224606353822E-16));
#4496 = DIRECTION('',(2.731847993664E-16,1.,0.));
#4497 = ADVANCED_FACE('',(#4498),#4526,.T.);
#4498 = FACE_BOUND('',#4499,.T.);
#4499 = EDGE_LOOP('',(#4500,#4506,#4507,#4513,#4514,#4515,#4516,#4517,
    #4518,#4519,#4525));
#4500 = ORIENTED_EDGE('',*,*,#4501,.T.);
#4501 = EDGE_CURVE('',#4030,#3975,#4502,.T.);
#4502 = LINE('',#4503,#4504);
#4503 = CARTESIAN_POINT('',(-5.594172675291,4.159811441463,
    -1.872885863415));
#4504 = VECTOR('',#4505,1.);
#4505 = DIRECTION('',(0.,-1.,-2.731847993664E-16));
#4506 = ORIENTED_EDGE('',*,*,#3974,.T.);
#4507 = ORIENTED_EDGE('',*,*,#4508,.T.);
#4508 = EDGE_CURVE('',#3966,#3850,#4509,.T.);
#4509 = LINE('',#4510,#4511);
#4510 = CARTESIAN_POINT('',(-5.594172675291,-3.063004518232,
    -1.872885863415));
#4511 = VECTOR('',#4512,1.);
#4512 = DIRECTION('',(1.,4.467330631067E-33,-1.635277892997E-17));
#4513 = ORIENTED_EDGE('',*,*,#3849,.T.);
#4514 = ORIENTED_EDGE('',*,*,#4321,.T.);
#4515 = ORIENTED_EDGE('',*,*,#4304,.T.);
#4516 = ORIENTED_EDGE('',*,*,#4280,.T.);
#4517 = ORIENTED_EDGE('',*,*,#4245,.T.);
#4518 = ORIENTED_EDGE('',*,*,#4188,.T.);
#4519 = ORIENTED_EDGE('',*,*,#4520,.T.);
#4520 = EDGE_CURVE('',#4191,#4032,#4521,.T.);
#4521 = LINE('',#4522,#4523);
#4522 = CARTESIAN_POINT('',(-2.469972675291,4.159811441463,
    -1.872885863415));
#4523 = VECTOR('',#4524,1.);
#4524 = DIRECTION('',(-0.,1.,2.731847993664E-16));
#4525 = ORIENTED_EDGE('',*,*,#4029,.F.);
#4526 = PLANE('',#4527);
#4527 = AXIS2_PLACEMENT_3D('',#4528,#4529,#4530);
#4528 = CARTESIAN_POINT('',(-5.594172675291,4.159811441463,
    -1.872885863415));
#4529 = DIRECTION('',(1.635277892997E-17,-2.731847993664E-16,1.));
#4530 = DIRECTION('',(-1.681813536453E-49,-1.,-2.731847993664E-16));
#4531 = ADVANCED_FACE('',(#4532),#4543,.T.);
#4532 = FACE_BOUND('',#4533,.T.);
#4533 = EDGE_LOOP('',(#4534,#4540,#4541,#4542));
#4534 = ORIENTED_EDGE('',*,*,#4535,.T.);
#4535 = EDGE_CURVE('',#3958,#3860,#4536,.T.);
#4536 = LINE('',#4537,#4538);
#4537 = CARTESIAN_POINT('',(-6.584670701615,-3.723404518232,
    -2.533285863415));
#4538 = VECTOR('',#4539,1.);
#4539 = DIRECTION('',(1.,-2.731847993664E-16,-1.635277892997E-17));
#4540 = ORIENTED_EDGE('',*,*,#3859,.F.);
#4541 = ORIENTED_EDGE('',*,*,#4508,.F.);
#4542 = ORIENTED_EDGE('',*,*,#3965,.F.);
#4543 = CYLINDRICAL_SURFACE('',#4544,0.6604);
#4544 = AXIS2_PLACEMENT_3D('',#4545,#4546,#4547);
#4545 = CARTESIAN_POINT('',(-6.584670701615,-3.063004518232,
    -2.533285863415));
#4546 = DIRECTION('',(1.,-2.731847993664E-16,-1.635277892997E-17));
#4547 = DIRECTION('',(2.731847993664E-16,1.,-4.467330631067E-33));
#4548 = ADVANCED_FACE('',(#4549),#4560,.T.);
#4549 = FACE_BOUND('',#4550,.T.);
#4550 = EDGE_LOOP('',(#4551,#4552,#4558,#4559));
#4551 = ORIENTED_EDGE('',*,*,#4371,.T.);
#4552 = ORIENTED_EDGE('',*,*,#4553,.T.);
#4553 = EDGE_CURVE('',#4364,#4074,#4554,.T.);
#4554 = LINE('',#4555,#4556);
#4555 = CARTESIAN_POINT('',(-5.594172675291,7.413633992541,
    1.530714136585));
#4556 = VECTOR('',#4557,1.);
#4557 = DIRECTION('',(2.731847993664E-16,1.,2.731847993664E-16));
#4558 = ORIENTED_EDGE('',*,*,#4073,.T.);
#4559 = ORIENTED_EDGE('',*,*,#4395,.T.);
#4560 = CYLINDRICAL_SURFACE('',#4561,0.7874);
#4561 = AXIS2_PLACEMENT_3D('',#4562,#4563,#4564);
#4562 = CARTESIAN_POINT('',(-5.594172675291,7.413633992541,
    0.743314136585));
#4563 = DIRECTION('',(-2.731847993664E-16,-1.,-2.731847993664E-16));
#4564 = DIRECTION('',(1.,-2.731847993664E-16,-7.462993460487E-32));
#4565 = ADVANCED_FACE('',(#4566),#4591,.F.);
#4566 = FACE_BOUND('',#4567,.T.);
#4567 = EDGE_LOOP('',(#4568,#4576,#4584,#4590));
#4568 = ORIENTED_EDGE('',*,*,#4569,.F.);
#4569 = EDGE_CURVE('',#4570,#4480,#4572,.T.);
#4570 = VERTEX_POINT('',#4571);
#4571 = CARTESIAN_POINT('',(-6.330772675291,-1.459056614092,
    -1.009285863415));
#4572 = LINE('',#4573,#4574);
#4573 = CARTESIAN_POINT('',(-6.330772675291,-1.459056614092,
    -1.009285863415));
#4574 = VECTOR('',#4575,1.);
#4575 = DIRECTION('',(-1.,0.,-1.224606353822E-16));
#4576 = ORIENTED_EDGE('',*,*,#4577,.F.);
#4577 = EDGE_CURVE('',#4578,#4570,#4580,.T.);
#4578 = VERTEX_POINT('',#4579);
#4579 = CARTESIAN_POINT('',(-6.330772675291,-0.239856614092,
    -1.009285863415));
#4580 = LINE('',#4581,#4582);
#4581 = CARTESIAN_POINT('',(-6.330772675291,-0.239856614092,
    -1.009285863415));
#4582 = VECTOR('',#4583,1.);
#4583 = DIRECTION('',(1.167418612074E-32,-1.,-9.533011227891E-17));
#4584 = ORIENTED_EDGE('',*,*,#4585,.F.);
#4585 = EDGE_CURVE('',#4408,#4578,#4586,.T.);
#4586 = LINE('',#4587,#4588);
#4587 = CARTESIAN_POINT('',(-6.330772675291,-0.239856614092,
    -1.009285863415));
#4588 = VECTOR('',#4589,1.);
#4589 = DIRECTION('',(1.,-0.,1.224606353822E-16));
#4590 = ORIENTED_EDGE('',*,*,#4487,.T.);
#4591 = PLANE('',#4592);
#4592 = AXIS2_PLACEMENT_3D('',#4593,#4594,#4595);
#4593 = CARTESIAN_POINT('',(-6.330772675291,-0.239856614092,
    -1.009285863415));
#4594 = DIRECTION('',(1.224606353822E-16,9.533011227891E-17,-1.));
#4595 = DIRECTION('',(-1.,0.,-1.224606353822E-16));
#4596 = ADVANCED_FACE('',(#4597),#4615,.F.);
#4597 = FACE_BOUND('',#4598,.T.);
#4598 = EDGE_LOOP('',(#4599,#4600,#4608,#4614));
#4599 = ORIENTED_EDGE('',*,*,#4585,.T.);
#4600 = ORIENTED_EDGE('',*,*,#4601,.F.);
#4601 = EDGE_CURVE('',#4602,#4578,#4604,.T.);
#4602 = VERTEX_POINT('',#4603);
#4603 = CARTESIAN_POINT('',(-6.330772675291,-0.239856614092,
    -0.755285863415));
#4604 = LINE('',#4605,#4606);
#4605 = CARTESIAN_POINT('',(-6.330772675291,-0.239856614092,
    -1.009285863415));
#4606 = VECTOR('',#4607,1.);
#4607 = DIRECTION('',(7.462993460487E-32,2.731847993664E-16,-1.));
#4608 = ORIENTED_EDGE('',*,*,#4609,.F.);
#4609 = EDGE_CURVE('',#4406,#4602,#4610,.T.);
#4610 = LINE('',#4611,#4612);
#4611 = CARTESIAN_POINT('',(-6.330772675291,-0.239856614092,
    -0.755285863415));
#4612 = VECTOR('',#4613,1.);
#4613 = DIRECTION('',(1.,-2.731847993664E-16,-0.));
#4614 = ORIENTED_EDGE('',*,*,#4405,.T.);
#4615 = PLANE('',#4616);
#4616 = AXIS2_PLACEMENT_3D('',#4617,#4618,#4619);
#4617 = CARTESIAN_POINT('',(-6.330772675291,-0.239856614092,
    -1.009285863415));
#4618 = DIRECTION('',(2.731847993664E-16,1.,2.731847993664E-16));
#4619 = DIRECTION('',(-1.,2.731847993664E-16,4.858021379284E-48));
#4620 = ADVANCED_FACE('',(#4621),#4639,.F.);
#4621 = FACE_BOUND('',#4622,.T.);
#4622 = EDGE_LOOP('',(#4623,#4624,#4632,#4638));
#4623 = ORIENTED_EDGE('',*,*,#4609,.T.);
#4624 = ORIENTED_EDGE('',*,*,#4625,.F.);
#4625 = EDGE_CURVE('',#4626,#4602,#4628,.T.);
#4626 = VERTEX_POINT('',#4627);
#4627 = CARTESIAN_POINT('',(-6.330772675291,-0.730514375173,
    -0.755285863415));
#4628 = LINE('',#4629,#4630);
#4629 = CARTESIAN_POINT('',(-6.330772675291,-0.239856614092,
    -0.755285863415));
#4630 = VECTOR('',#4631,1.);
#4631 = DIRECTION('',(-0.,1.,2.731847993664E-16));
#4632 = ORIENTED_EDGE('',*,*,#4633,.F.);
#4633 = EDGE_CURVE('',#4416,#4626,#4634,.T.);
#4634 = LINE('',#4635,#4636);
#4635 = CARTESIAN_POINT('',(-6.330772675291,-0.730514375173,
    -0.755285863415));
#4636 = VECTOR('',#4637,1.);
#4637 = DIRECTION('',(1.,-3.345438410718E-32,1.224606353822E-16));
#4638 = ORIENTED_EDGE('',*,*,#4415,.T.);
#4639 = PLANE('',#4640);
#4640 = AXIS2_PLACEMENT_3D('',#4641,#4642,#4643);
#4641 = CARTESIAN_POINT('',(-6.330772675291,-0.239856614092,
    -0.755285863415));
#4642 = DIRECTION('',(-1.224606353822E-16,-2.731847993664E-16,1.));
#4643 = DIRECTION('',(-1.915383163739E-48,-1.,-2.731847993664E-16));
#4644 = ADVANCED_FACE('',(#4645),#4663,.F.);
#4645 = FACE_BOUND('',#4646,.T.);
#4646 = EDGE_LOOP('',(#4647,#4648,#4656,#4662));
#4647 = ORIENTED_EDGE('',*,*,#4633,.T.);
#4648 = ORIENTED_EDGE('',*,*,#4649,.F.);
#4649 = EDGE_CURVE('',#4650,#4626,#4652,.T.);
#4650 = VERTEX_POINT('',#4651);
#4651 = CARTESIAN_POINT('',(-6.330772675291,-0.239856614092,
    -0.183785863415));
#4652 = LINE('',#4653,#4654);
#4653 = CARTESIAN_POINT('',(-6.330772675291,-0.730514375173,
    -0.755285863415));
#4654 = VECTOR('',#4655,1.);
#4655 = DIRECTION('',(-0.,-0.651403898813,-0.758731151734));
#4656 = ORIENTED_EDGE('',*,*,#4657,.F.);
#4657 = EDGE_CURVE('',#4424,#4650,#4658,.T.);
#4658 = LINE('',#4659,#4660);
#4659 = CARTESIAN_POINT('',(-6.330772675291,-0.239856614092,
    -0.183785863415));
#4660 = VECTOR('',#4661,1.);
#4661 = DIRECTION('',(1.,-2.177900993824E-16,1.869823316684E-16));
#4662 = ORIENTED_EDGE('',*,*,#4423,.T.);
#4663 = PLANE('',#4664);
#4664 = AXIS2_PLACEMENT_3D('',#4665,#4666,#4667);
#4665 = CARTESIAN_POINT('',(-6.330772675291,-0.730514375173,
    -0.755285863415));
#4666 = DIRECTION('',(2.870451527985E-16,0.758731151734,-0.651403898813)
  );
#4667 = DIRECTION('',(3.858578150836E-32,0.651403898813,0.758731151734)
  );
#4668 = ADVANCED_FACE('',(#4669),#4687,.F.);
#4669 = FACE_BOUND('',#4670,.T.);
#4670 = EDGE_LOOP('',(#4671,#4672,#4680,#4686));
#4671 = ORIENTED_EDGE('',*,*,#4657,.T.);
#4672 = ORIENTED_EDGE('',*,*,#4673,.F.);
#4673 = EDGE_CURVE('',#4674,#4650,#4676,.T.);
#4674 = VERTEX_POINT('',#4675);
#4675 = CARTESIAN_POINT('',(-6.330772675291,-0.239856614092,
    0.209914136585));
#4676 = LINE('',#4677,#4678);
#4677 = CARTESIAN_POINT('',(-6.330772675291,-0.239856614092,
    -0.183785863415));
#4678 = VECTOR('',#4679,1.);
#4679 = DIRECTION('',(7.462993460487E-32,2.731847993664E-16,-1.));
#4680 = ORIENTED_EDGE('',*,*,#4681,.F.);
#4681 = EDGE_CURVE('',#4432,#4674,#4682,.T.);
#4682 = LINE('',#4683,#4684);
#4683 = CARTESIAN_POINT('',(-6.330772675291,-0.239856614092,
    0.209914136585));
#4684 = VECTOR('',#4685,1.);
#4685 = DIRECTION('',(1.,-2.731847993664E-16,-0.));
#4686 = ORIENTED_EDGE('',*,*,#4431,.T.);
#4687 = PLANE('',#4688);
#4688 = AXIS2_PLACEMENT_3D('',#4689,#4690,#4691);
#4689 = CARTESIAN_POINT('',(-6.330772675291,-0.239856614092,
    -0.183785863415));
#4690 = DIRECTION('',(2.731847993664E-16,1.,2.731847993664E-16));
#4691 = DIRECTION('',(-1.,2.731847993664E-16,4.858021379284E-48));
#4692 = ADVANCED_FACE('',(#4693),#4711,.F.);
#4693 = FACE_BOUND('',#4694,.T.);
#4694 = EDGE_LOOP('',(#4695,#4696,#4704,#4710));
#4695 = ORIENTED_EDGE('',*,*,#4681,.T.);
#4696 = ORIENTED_EDGE('',*,*,#4697,.F.);
#4697 = EDGE_CURVE('',#4698,#4674,#4700,.T.);
#4698 = VERTEX_POINT('',#4699);
#4699 = CARTESIAN_POINT('',(-6.330772675291,-0.849456614092,
    -0.500125381048));
#4700 = LINE('',#4701,#4702);
#4701 = CARTESIAN_POINT('',(-6.330772675291,-0.239856614092,
    0.209914136585));
#4702 = VECTOR('',#4703,1.);
#4703 = DIRECTION('',(-0.,0.651403898813,0.758731151734));
#4704 = ORIENTED_EDGE('',*,*,#4705,.F.);
#4705 = EDGE_CURVE('',#4440,#4698,#4706,.T.);
#4706 = LINE('',#4707,#4708);
#4707 = CARTESIAN_POINT('',(-6.330772675291,-0.849456614092,
    -0.500125381048));
#4708 = VECTOR('',#4709,1.);
#4709 = DIRECTION('',(1.,-2.177900993824E-16,1.869823316684E-16));
#4710 = ORIENTED_EDGE('',*,*,#4439,.T.);
#4711 = PLANE('',#4712);
#4712 = AXIS2_PLACEMENT_3D('',#4713,#4714,#4715);
#4713 = CARTESIAN_POINT('',(-6.330772675291,-0.239856614092,
    0.209914136585));
#4714 = DIRECTION('',(-2.870451527985E-16,-0.758731151734,0.651403898813
    ));
#4715 = DIRECTION('',(1.007445674365E-32,-0.651403898813,-0.758731151734
    ));
#4716 = ADVANCED_FACE('',(#4717),#4735,.F.);
#4717 = FACE_BOUND('',#4718,.T.);
#4718 = EDGE_LOOP('',(#4719,#4720,#4728,#4734));
#4719 = ORIENTED_EDGE('',*,*,#4705,.T.);
#4720 = ORIENTED_EDGE('',*,*,#4721,.F.);
#4721 = EDGE_CURVE('',#4722,#4698,#4724,.T.);
#4722 = VERTEX_POINT('',#4723);
#4723 = CARTESIAN_POINT('',(-6.330772675291,-1.610945961767,
    0.413114136585));
#4724 = LINE('',#4725,#4726);
#4725 = CARTESIAN_POINT('',(-6.330772675291,-1.610945961767,
    0.413114136585));
#4726 = VECTOR('',#4727,1.);
#4727 = DIRECTION('',(-0.,0.640410903389,-0.7680324699));
#4728 = ORIENTED_EDGE('',*,*,#4729,.F.);
#4729 = EDGE_CURVE('',#4448,#4722,#4730,.T.);
#4730 = LINE('',#4731,#4732);
#4731 = CARTESIAN_POINT('',(-6.330772675291,-1.610945961767,
    0.413114136585));
#4732 = VECTOR('',#4733,1.);
#4733 = DIRECTION('',(1.,-1.009115328169E-16,-8.414337730024E-17));
#4734 = ORIENTED_EDGE('',*,*,#4447,.T.);
#4735 = PLANE('',#4736);
#4736 = AXIS2_PLACEMENT_3D('',#4737,#4738,#4739);
#4737 = CARTESIAN_POINT('',(-6.330772675291,-1.610945961767,
    0.413114136585));
#4738 = DIRECTION('',(1.313896700618E-16,0.7680324699,0.640410903389));
#4739 = DIRECTION('',(3.563031685952E-33,-0.640410903389,0.7680324699));
#4740 = ADVANCED_FACE('',(#4741),#4759,.F.);
#4741 = FACE_BOUND('',#4742,.T.);
#4742 = EDGE_LOOP('',(#4743,#4744,#4752,#4758));
#4743 = ORIENTED_EDGE('',*,*,#4729,.T.);
#4744 = ORIENTED_EDGE('',*,*,#4745,.F.);
#4745 = EDGE_CURVE('',#4746,#4722,#4748,.T.);
#4746 = VERTEX_POINT('',#4747);
#4747 = CARTESIAN_POINT('',(-6.330772675291,-1.966545961767,
    0.413114136585));
#4748 = LINE('',#4749,#4750);
#4749 = CARTESIAN_POINT('',(-6.330772675291,-1.610945961767,
    0.413114136585));
#4750 = VECTOR('',#4751,1.);
#4751 = DIRECTION('',(-0.,1.,-3.366026992193E-16));
#4752 = ORIENTED_EDGE('',*,*,#4753,.F.);
#4753 = EDGE_CURVE('',#4456,#4746,#4754,.T.);
#4754 = LINE('',#4755,#4756);
#4755 = CARTESIAN_POINT('',(-6.330772675291,-1.966545961767,
    0.413114136585));
#4756 = VECTOR('',#4757,1.);
#4757 = DIRECTION('',(1.,4.122058041778E-32,1.224606353822E-16));
#4758 = ORIENTED_EDGE('',*,*,#4455,.T.);
#4759 = PLANE('',#4760);
#4760 = AXIS2_PLACEMENT_3D('',#4761,#4762,#4763);
#4761 = CARTESIAN_POINT('',(-6.330772675291,-1.610945961767,
    0.413114136585));
#4762 = DIRECTION('',(-1.224606353822E-16,3.366026992193E-16,1.));
#4763 = DIRECTION('',(-4.996476571094E-49,-1.,3.366026992193E-16));
#4764 = ADVANCED_FACE('',(#4765),#4783,.F.);
#4765 = FACE_BOUND('',#4766,.T.);
#4766 = EDGE_LOOP('',(#4767,#4768,#4776,#4782));
#4767 = ORIENTED_EDGE('',*,*,#4753,.T.);
#4768 = ORIENTED_EDGE('',*,*,#4769,.F.);
#4769 = EDGE_CURVE('',#4770,#4746,#4772,.T.);
#4770 = VERTEX_POINT('',#4771);
#4771 = CARTESIAN_POINT('',(-6.330772675291,-0.992295355387,
    -0.755285863415));
#4772 = LINE('',#4773,#4774);
#4773 = CARTESIAN_POINT('',(-6.330772675291,-1.966545961767,
    0.413114136585));
#4774 = VECTOR('',#4775,1.);
#4775 = DIRECTION('',(-0.,-0.640410903389,0.7680324699));
#4776 = ORIENTED_EDGE('',*,*,#4777,.F.);
#4777 = EDGE_CURVE('',#4464,#4770,#4778,.T.);
#4778 = LINE('',#4779,#4780);
#4779 = CARTESIAN_POINT('',(-6.330772675291,-0.992295355387,
    -0.755285863415));
#4780 = VECTOR('',#4781,1.);
#4781 = DIRECTION('',(1.,-1.009115328169E-16,-8.414337730024E-17));
#4782 = ORIENTED_EDGE('',*,*,#4463,.T.);
#4783 = PLANE('',#4784);
#4784 = AXIS2_PLACEMENT_3D('',#4785,#4786,#4787);
#4785 = CARTESIAN_POINT('',(-6.330772675291,-1.966545961767,
    0.413114136585));
#4786 = DIRECTION('',(-1.313896700618E-16,-0.7680324699,-0.640410903389)
  );
#4787 = DIRECTION('',(1.810471144297E-32,0.640410903389,-0.7680324699));
#4788 = ADVANCED_FACE('',(#4789),#4807,.F.);
#4789 = FACE_BOUND('',#4790,.T.);
#4790 = EDGE_LOOP('',(#4791,#4792,#4800,#4806));
#4791 = ORIENTED_EDGE('',*,*,#4777,.T.);
#4792 = ORIENTED_EDGE('',*,*,#4793,.F.);
#4793 = EDGE_CURVE('',#4794,#4770,#4796,.T.);
#4794 = VERTEX_POINT('',#4795);
#4795 = CARTESIAN_POINT('',(-6.330772675291,-1.459056614092,
    -0.755285863415));
#4796 = LINE('',#4797,#4798);
#4797 = CARTESIAN_POINT('',(-6.330772675291,-0.992295355387,
    -0.755285863415));
#4798 = VECTOR('',#4799,1.);
#4799 = DIRECTION('',(-0.,1.,7.377487074735E-16));
#4800 = ORIENTED_EDGE('',*,*,#4801,.F.);
#4801 = EDGE_CURVE('',#4472,#4794,#4802,.T.);
#4802 = LINE('',#4803,#4804);
#4803 = CARTESIAN_POINT('',(-6.330772675291,-1.459056614092,
    -0.755285863415));
#4804 = VECTOR('',#4805,1.);
#4805 = DIRECTION('',(1.,-9.034517546963E-32,1.224606353822E-16));
#4806 = ORIENTED_EDGE('',*,*,#4471,.T.);
#4807 = PLANE('',#4808);
#4808 = AXIS2_PLACEMENT_3D('',#4809,#4810,#4811);
#4809 = CARTESIAN_POINT('',(-6.330772675291,-0.992295355387,
    -0.755285863415));
#4810 = DIRECTION('',(-1.224606353822E-16,-7.377487074735E-16,1.));
#4811 = DIRECTION('',(4.361191848957E-48,-1.,-7.377487074735E-16));
#4812 = ADVANCED_FACE('',(#4813),#4824,.F.);
#4813 = FACE_BOUND('',#4814,.T.);
#4814 = EDGE_LOOP('',(#4815,#4816,#4822,#4823));
#4815 = ORIENTED_EDGE('',*,*,#4801,.T.);
#4816 = ORIENTED_EDGE('',*,*,#4817,.F.);
#4817 = EDGE_CURVE('',#4570,#4794,#4818,.T.);
#4818 = LINE('',#4819,#4820);
#4819 = CARTESIAN_POINT('',(-6.330772675291,-1.459056614092,
    -0.755285863415));
#4820 = VECTOR('',#4821,1.);
#4821 = DIRECTION('',(-7.462993460487E-32,-2.731847993664E-16,1.));
#4822 = ORIENTED_EDGE('',*,*,#4569,.T.);
#4823 = ORIENTED_EDGE('',*,*,#4479,.T.);
#4824 = PLANE('',#4825);
#4825 = AXIS2_PLACEMENT_3D('',#4826,#4827,#4828);
#4826 = CARTESIAN_POINT('',(-6.330772675291,-1.459056614092,
    -0.755285863415));
#4827 = DIRECTION('',(-2.731847993664E-16,-1.,-2.731847993664E-16));
#4828 = DIRECTION('',(1.,-2.731847993664E-16,-4.858021379284E-48));
#4829 = ADVANCED_FACE('',(#4830),#4865,.F.);
#4830 = FACE_BOUND('',#4831,.T.);
#4831 = EDGE_LOOP('',(#4832,#4833,#4842,#4850,#4858,#4864));
#4832 = ORIENTED_EDGE('',*,*,#4048,.T.);
#4833 = ORIENTED_EDGE('',*,*,#4834,.T.);
#4834 = EDGE_CURVE('',#4040,#4835,#4837,.T.);
#4835 = VERTEX_POINT('',#4836);
#4836 = CARTESIAN_POINT('',(-2.430147330786,3.538170512106,
    -1.11297302128));
#4837 = ( BOUNDED_CURVE() B_SPLINE_CURVE(3,(#4838,#4839,#4840,#4841),
.UNSPECIFIED.,.F.,.F.) B_SPLINE_CURVE_WITH_KNOTS((4,4),(0.342235757478,
1.570796326795),.PIECEWISE_BEZIER_KNOTS.) CURVE() 
GEOMETRIC_REPRESENTATION_ITEM() RATIONAL_B_SPLINE_CURVE((1.,
0.87812565415,0.87812565415,1.)) REPRESENTATION_ITEM('') );
#4838 = CARTESIAN_POINT('',(-2.099669086342,4.159811441463,
    -1.402240718476));
#4839 = CARTESIAN_POINT('',(-2.138895681704,4.062904771887,
    -1.240204625449));
#4840 = CARTESIAN_POINT('',(-2.264344032169,3.82693211565,
    -1.130399650186));
#4841 = CARTESIAN_POINT('',(-2.430147330786,3.538170512106,
    -1.11297302128));
#4842 = ORIENTED_EDGE('',*,*,#4843,.F.);
#4843 = EDGE_CURVE('',#4844,#4835,#4846,.T.);
#4844 = VERTEX_POINT('',#4845);
#4845 = CARTESIAN_POINT('',(-2.598245924978,3.245411441463,
    -1.095305147088));
#4846 = LINE('',#4847,#4848);
#4847 = CARTESIAN_POINT('',(-2.598245924978,3.245411441463,
    -1.095305147088));
#4848 = VECTOR('',#4849,1.);
#4849 = DIRECTION('',(0.497260947684,0.866025403784,-5.226423163383E-02)
  );
#4850 = ORIENTED_EDGE('',*,*,#4851,.T.);
#4851 = EDGE_CURVE('',#4844,#4852,#4854,.T.);
#4852 = VERTEX_POINT('',#4853);
#4853 = CARTESIAN_POINT('',(-2.555765557506,3.245411441463,
    -0.691131448811));
#4854 = LINE('',#4855,#4856);
#4855 = CARTESIAN_POINT('',(-2.555765557506,3.245411441463,
    -0.691131448811));
#4856 = VECTOR('',#4857,1.);
#4857 = DIRECTION('',(0.104528463268,-0.,0.994521895368));
#4858 = ORIENTED_EDGE('',*,*,#4859,.F.);
#4859 = EDGE_CURVE('',#4157,#4852,#4860,.T.);
#4860 = LINE('',#4861,#4862);
#4861 = CARTESIAN_POINT('',(-2.387666963314,3.538170512106,
    -0.708799323002));
#4862 = VECTOR('',#4863,1.);
#4863 = DIRECTION('',(-0.497260947684,-0.866025403784,5.226423163372E-02
    ));
#4864 = ORIENTED_EDGE('',*,*,#4156,.F.);
#4865 = PLANE('',#4866);
#4866 = AXIS2_PLACEMENT_3D('',#4867,#4868,#4869);
#4867 = CARTESIAN_POINT('',(-2.555765557506,3.245411441463,
    -0.691131448811));
#4868 = DIRECTION('',(0.861281226009,-0.5,-9.052430460832E-02));
#4869 = DIRECTION('',(0.502061340088,0.864832013046,5.576130444312E-18)
  );
#4870 = ADVANCED_FACE('',(#4871),#4882,.F.);
#4871 = FACE_BOUND('',#4872,.F.);
#4872 = EDGE_LOOP('',(#4873,#4874,#4875,#4876));
#4873 = ORIENTED_EDGE('',*,*,#4139,.T.);
#4874 = ORIENTED_EDGE('',*,*,#4501,.T.);
#4875 = ORIENTED_EDGE('',*,*,#4337,.T.);
#4876 = ORIENTED_EDGE('',*,*,#4877,.T.);
#4877 = EDGE_CURVE('',#4338,#4132,#4878,.T.);
#4878 = LINE('',#4879,#4880);
#4879 = CARTESIAN_POINT('',(-5.975172675291,-5.444011109615,
    -1.491885863415));
#4880 = VECTOR('',#4881,1.);
#4881 = DIRECTION('',(2.731847993664E-16,1.,2.731847993664E-16));
#4882 = CYLINDRICAL_SURFACE('',#4883,0.381);
#4883 = AXIS2_PLACEMENT_3D('',#4884,#4885,#4886);
#4884 = CARTESIAN_POINT('',(-5.594172675291,-5.444011109615,
    -1.491885863415));
#4885 = DIRECTION('',(2.731847993664E-16,1.,2.731847993664E-16));
#4886 = DIRECTION('',(-1.,2.731847993664E-16,7.462993460487E-32));
#4887 = ADVANCED_FACE('',(#4888),#4900,.F.);
#4888 = FACE_BOUND('',#4889,.F.);
#4889 = EDGE_LOOP('',(#4890,#4891,#4892,#4893,#4899));
#4890 = ORIENTED_EDGE('',*,*,#4520,.T.);
#4891 = ORIENTED_EDGE('',*,*,#4039,.T.);
#4892 = ORIENTED_EDGE('',*,*,#4834,.T.);
#4893 = ORIENTED_EDGE('',*,*,#4894,.T.);
#4894 = EDGE_CURVE('',#4835,#4223,#4895,.T.);
#4895 = LINE('',#4896,#4897);
#4896 = CARTESIAN_POINT('',(-2.430147330786,-2.974594792939,
    -1.11297302128));
#4897 = VECTOR('',#4898,1.);
#4898 = DIRECTION('',(-2.731847993664E-16,-1.,-2.731847993664E-16));
#4899 = ORIENTED_EDGE('',*,*,#4230,.F.);
#4900 = CYLINDRICAL_SURFACE('',#4901,0.381);
#4901 = AXIS2_PLACEMENT_3D('',#4902,#4903,#4904);
#4902 = CARTESIAN_POINT('',(-2.469972675291,-2.974594792939,
    -1.491885863415));
#4903 = DIRECTION('',(2.731847993664E-16,1.,2.731847993664E-16));
#4904 = DIRECTION('',(-1.,2.731847993664E-16,7.462993460487E-32));
#4905 = ADVANCED_FACE('',(#4906),#4949,.F.);
#4906 = FACE_BOUND('',#4907,.T.);
#4907 = EDGE_LOOP('',(#4908,#4909,#4917,#4925,#4933,#4941,#4947,#4948));
#4908 = ORIENTED_EDGE('',*,*,#4859,.T.);
#4909 = ORIENTED_EDGE('',*,*,#4910,.F.);
#4910 = EDGE_CURVE('',#4911,#4852,#4913,.T.);
#4911 = VERTEX_POINT('',#4912);
#4912 = CARTESIAN_POINT('',(-2.555765557506,1.797611441463,
    -0.691131448811));
#4913 = LINE('',#4914,#4915);
#4914 = CARTESIAN_POINT('',(-2.555765557506,4.159811441463,
    -0.691131448811));
#4915 = VECTOR('',#4916,1.);
#4916 = DIRECTION('',(3.13840284256E-17,1.,2.985990844828E-16));
#4917 = ORIENTED_EDGE('',*,*,#4918,.F.);
#4918 = EDGE_CURVE('',#4919,#4911,#4921,.T.);
#4919 = VERTEX_POINT('',#4920);
#4920 = CARTESIAN_POINT('',(-3.149782477589,1.797611441463,
    -0.628697754691));
#4921 = LINE('',#4922,#4923);
#4922 = CARTESIAN_POINT('',(-4.715955558415,1.797611441463,
    -0.464086330737));
#4923 = VECTOR('',#4924,1.);
#4924 = DIRECTION('',(0.994521895368,-0.,-0.104528463268));
#4925 = ORIENTED_EDGE('',*,*,#4926,.F.);
#4926 = EDGE_CURVE('',#4927,#4919,#4929,.T.);
#4927 = VERTEX_POINT('',#4928);
#4928 = CARTESIAN_POINT('',(-3.149782477589,2.925371441463,
    -0.628697754691));
#4929 = LINE('',#4930,#4931);
#4930 = CARTESIAN_POINT('',(-3.149782477589,4.159811441463,
    -0.628697754691));
#4931 = VECTOR('',#4932,1.);
#4932 = DIRECTION('',(-3.13840284256E-17,-1.,-2.985990844828E-16));
#4933 = ORIENTED_EDGE('',*,*,#4934,.F.);
#4934 = EDGE_CURVE('',#4935,#4927,#4937,.T.);
#4935 = VERTEX_POINT('',#4936);
#4936 = CARTESIAN_POINT('',(-4.715955558415,2.925371441463,
    -0.464086330737));
#4937 = LINE('',#4938,#4939);
#4938 = CARTESIAN_POINT('',(-4.715955558415,2.925371441463,
    -0.464086330737));
#4939 = VECTOR('',#4940,1.);
#4940 = DIRECTION('',(0.994521895368,-0.,-0.104528463268));
#4941 = ORIENTED_EDGE('',*,*,#4942,.F.);
#4942 = EDGE_CURVE('',#4207,#4935,#4943,.T.);
#4943 = LINE('',#4944,#4945);
#4944 = CARTESIAN_POINT('',(-4.715955558415,4.159811441463,
    -0.464086330737));
#4945 = VECTOR('',#4946,1.);
#4946 = DIRECTION('',(3.13840284256E-17,1.,2.985990844828E-16));
#4947 = ORIENTED_EDGE('',*,*,#4206,.F.);
#4948 = ORIENTED_EDGE('',*,*,#4165,.F.);
#4949 = PLANE('',#4950);
#4950 = AXIS2_PLACEMENT_3D('',#4951,#4952,#4953);
#4951 = CARTESIAN_POINT('',(-4.715955558415,4.159811441463,
    -0.464086330737));
#4952 = DIRECTION('',(-0.104528463268,3.002438517176E-16,-0.994521895368
    ));
#4953 = DIRECTION('',(-0.994521895368,1.093513335452E-32,0.104528463268)
  );
#4954 = ADVANCED_FACE('',(#4955),#4982,.T.);
#4955 = FACE_BOUND('',#4956,.T.);
#4956 = EDGE_LOOP('',(#4957,#4967,#4973,#4974,#4975,#4976));
#4957 = ORIENTED_EDGE('',*,*,#4958,.T.);
#4958 = EDGE_CURVE('',#4959,#4961,#4963,.T.);
#4959 = VERTEX_POINT('',#4960);
#4960 = CARTESIAN_POINT('',(-5.213172675291,-3.723404518232,
    -4.75230182311));
#4961 = VERTEX_POINT('',#4962);
#4962 = CARTESIAN_POINT('',(-4.400372675291,-3.723404518232,
    -4.75230182311));
#4963 = LINE('',#4964,#4965);
#4964 = CARTESIAN_POINT('',(-5.594172675291,-3.723404518232,
    -4.75230182311));
#4965 = VECTOR('',#4966,1.);
#4966 = DIRECTION('',(1.,-2.731847993664E-16,-1.028449563648E-30));
#4967 = ORIENTED_EDGE('',*,*,#4968,.T.);
#4968 = EDGE_CURVE('',#4961,#3869,#4969,.T.);
#4969 = LINE('',#4970,#4971);
#4970 = CARTESIAN_POINT('',(-4.400372675291,-3.723404518232,
    -4.75230182311));
#4971 = VECTOR('',#4972,1.);
#4972 = DIRECTION('',(0.707106781187,-2.414635301864E-15,0.707106781187)
  );
#4973 = ORIENTED_EDGE('',*,*,#3868,.T.);
#4974 = ORIENTED_EDGE('',*,*,#4535,.F.);
#4975 = ORIENTED_EDGE('',*,*,#3957,.T.);
#4976 = ORIENTED_EDGE('',*,*,#4977,.T.);
#4977 = EDGE_CURVE('',#3950,#4959,#4978,.T.);
#4978 = LINE('',#4979,#4980);
#4979 = CARTESIAN_POINT('',(-5.594172675291,-3.723404518232,
    -4.37130182311));
#4980 = VECTOR('',#4981,1.);
#4981 = DIRECTION('',(0.707106781187,2.414635301864E-15,-0.707106781187)
  );
#4982 = PLANE('',#4983);
#4983 = AXIS2_PLACEMENT_3D('',#4984,#4985,#4986);
#4984 = CARTESIAN_POINT('',(-5.594172675291,-3.723404518232,
    5.40769817689));
#4985 = DIRECTION('',(-2.731847993664E-16,-1.,-3.76466613821E-15));
#4986 = DIRECTION('',(0.,3.76466613821E-15,-1.));
#4987 = ADVANCED_FACE('',(#4988),#4999,.T.);
#4988 = FACE_BOUND('',#4989,.T.);
#4989 = EDGE_LOOP('',(#4990,#4991,#4997,#4998));
#4990 = ORIENTED_EDGE('',*,*,#4131,.F.);
#4991 = ORIENTED_EDGE('',*,*,#4992,.T.);
#4992 = EDGE_CURVE('',#4123,#4347,#4993,.T.);
#4993 = LINE('',#4994,#4995);
#4994 = CARTESIAN_POINT('',(-5.975172675291,4.159811441463,
    0.743314136585));
#4995 = VECTOR('',#4996,1.);
#4996 = DIRECTION('',(-2.731847993664E-16,-1.,-0.));
#4997 = ORIENTED_EDGE('',*,*,#4346,.T.);
#4998 = ORIENTED_EDGE('',*,*,#4877,.T.);
#4999 = PLANE('',#5000);
#5000 = AXIS2_PLACEMENT_3D('',#5001,#5002,#5003);
#5001 = CARTESIAN_POINT('',(-5.975172675291,4.159811441463,
    0.743314136585));
#5002 = DIRECTION('',(1.,-2.731847993664E-16,1.224606353822E-16));
#5003 = DIRECTION('',(2.731847993664E-16,1.,0.));
#5004 = ADVANCED_FACE('',(#5005),#5079,.F.);
#5005 = FACE_BOUND('',#5006,.T.);
#5006 = EDGE_LOOP('',(#5007,#5017,#5025,#5033,#5041,#5049,#5056,#5057,
    #5065,#5071,#5072,#5073));
#5007 = ORIENTED_EDGE('',*,*,#5008,.F.);
#5008 = EDGE_CURVE('',#5009,#5011,#5013,.T.);
#5009 = VERTEX_POINT('',#5010);
#5010 = CARTESIAN_POINT('',(-4.019372675291,-3.063004518232,
    1.530714136585));
#5011 = VERTEX_POINT('',#5012);
#5012 = CARTESIAN_POINT('',(-5.594172675291,-3.063004518232,
    1.530714136585));
#5013 = LINE('',#5014,#5015);
#5014 = CARTESIAN_POINT('',(-5.594172675291,-3.063004518232,
    1.530714136585));
#5015 = VECTOR('',#5016,1.);
#5016 = DIRECTION('',(-1.,7.137609884543E-32,-2.612740496944E-16));
#5017 = ORIENTED_EDGE('',*,*,#5018,.F.);
#5018 = EDGE_CURVE('',#5019,#5009,#5021,.T.);
#5019 = VERTEX_POINT('',#5020);
#5020 = CARTESIAN_POINT('',(-4.019372675291,-2.190188558537,
    1.530714136585));
#5021 = LINE('',#5022,#5023);
#5022 = CARTESIAN_POINT('',(-4.019372675291,4.159811441463,
    1.530714136585));
#5023 = VECTOR('',#5024,1.);
#5024 = DIRECTION('',(-0.,-1.,-2.731847993664E-16));
#5025 = ORIENTED_EDGE('',*,*,#5026,.F.);
#5026 = EDGE_CURVE('',#5027,#5019,#5029,.T.);
#5027 = VERTEX_POINT('',#5028);
#5028 = CARTESIAN_POINT('',(-3.104972675291,-2.190188558537,
    1.530714136585));
#5029 = LINE('',#5030,#5031);
#5030 = CARTESIAN_POINT('',(-5.594172675291,-2.190188558537,
    1.530714136585));
#5031 = VECTOR('',#5032,1.);
#5032 = DIRECTION('',(-1.,7.137609884543E-32,-2.612740496944E-16));
#5033 = ORIENTED_EDGE('',*,*,#5034,.F.);
#5034 = EDGE_CURVE('',#5035,#5027,#5037,.T.);
#5035 = VERTEX_POINT('',#5036);
#5036 = CARTESIAN_POINT('',(-3.104972675291,-1.174188558537,
    1.530714136585));
#5037 = LINE('',#5038,#5039);
#5038 = CARTESIAN_POINT('',(-3.104972675291,4.159811441463,
    1.530714136585));
#5039 = VECTOR('',#5040,1.);
#5040 = DIRECTION('',(-0.,-1.,-2.731847993664E-16));
#5041 = ORIENTED_EDGE('',*,*,#5042,.F.);
#5042 = EDGE_CURVE('',#5043,#5035,#5045,.T.);
#5043 = VERTEX_POINT('',#5044);
#5044 = CARTESIAN_POINT('',(-4.806772675291,-1.174188558537,
    1.530714136585));
#5045 = LINE('',#5046,#5047);
#5046 = CARTESIAN_POINT('',(-5.594172675291,-1.174188558537,
    1.530714136585));
#5047 = VECTOR('',#5048,1.);
#5048 = DIRECTION('',(1.,-7.137609884543E-32,2.612740496944E-16));
#5049 = ORIENTED_EDGE('',*,*,#5050,.F.);
#5050 = EDGE_CURVE('',#3637,#5043,#5051,.T.);
#5051 = CIRCLE('',#5052,0.4064);
#5052 = AXIS2_PLACEMENT_3D('',#5053,#5054,#5055);
#5053 = CARTESIAN_POINT('',(-4.806772675291,-0.767788558537,
    1.530714136585));
#5054 = DIRECTION('',(1.402716173986E-14,-2.731847993664E-16,1.));
#5055 = DIRECTION('',(-1.,-4.220599893092E-32,1.402716173986E-14));
#5056 = ORIENTED_EDGE('',*,*,#3644,.F.);
#5057 = ORIENTED_EDGE('',*,*,#5058,.F.);
#5058 = EDGE_CURVE('',#5059,#3618,#5061,.T.);
#5059 = VERTEX_POINT('',#5060);
#5060 = CARTESIAN_POINT('',(-2.469972675291,-0.361388558537,
    1.530714136585));
#5061 = LINE('',#5062,#5063);
#5062 = CARTESIAN_POINT('',(-5.594172675291,-0.361388558537,
    1.530714136585));
#5063 = VECTOR('',#5064,1.);
#5064 = DIRECTION('',(-1.,7.137609884543E-32,-2.612740496944E-16));
#5065 = ORIENTED_EDGE('',*,*,#5066,.F.);
#5066 = EDGE_CURVE('',#4083,#5059,#5067,.T.);
#5067 = LINE('',#5068,#5069);
#5068 = CARTESIAN_POINT('',(-2.469972675291,4.159811441463,
    1.530714136585));
#5069 = VECTOR('',#5070,1.);
#5070 = DIRECTION('',(-0.,-1.,-2.731847993664E-16));
#5071 = ORIENTED_EDGE('',*,*,#4082,.F.);
#5072 = ORIENTED_EDGE('',*,*,#4553,.F.);
#5073 = ORIENTED_EDGE('',*,*,#5074,.F.);
#5074 = EDGE_CURVE('',#5011,#4364,#5075,.T.);
#5075 = LINE('',#5076,#5077);
#5076 = CARTESIAN_POINT('',(-5.594172675291,4.159811441463,
    1.530714136585));
#5077 = VECTOR('',#5078,1.);
#5078 = DIRECTION('',(0.,1.,2.731847993664E-16));
#5079 = PLANE('',#5080);
#5080 = AXIS2_PLACEMENT_3D('',#5081,#5082,#5083);
#5081 = CARTESIAN_POINT('',(-5.594172675291,4.159811441463,
    1.530714136585));
#5082 = DIRECTION('',(2.612740496944E-16,2.731847993664E-16,-1.));
#5083 = DIRECTION('',(1.710388287482E-48,1.,2.731847993664E-16));
#5084 = ADVANCED_FACE('',(#5085),#5098,.F.);
#5085 = FACE_BOUND('',#5086,.T.);
#5086 = EDGE_LOOP('',(#5087,#5088,#5089,#5090,#5091,#5092,#5093,#5094,
    #5095,#5096,#5097));
#5087 = ORIENTED_EDGE('',*,*,#4577,.T.);
#5088 = ORIENTED_EDGE('',*,*,#4817,.T.);
#5089 = ORIENTED_EDGE('',*,*,#4793,.T.);
#5090 = ORIENTED_EDGE('',*,*,#4769,.T.);
#5091 = ORIENTED_EDGE('',*,*,#4745,.T.);
#5092 = ORIENTED_EDGE('',*,*,#4721,.T.);
#5093 = ORIENTED_EDGE('',*,*,#4697,.T.);
#5094 = ORIENTED_EDGE('',*,*,#4673,.T.);
#5095 = ORIENTED_EDGE('',*,*,#4649,.T.);
#5096 = ORIENTED_EDGE('',*,*,#4625,.T.);
#5097 = ORIENTED_EDGE('',*,*,#4601,.T.);
#5098 = PLANE('',#5099);
#5099 = AXIS2_PLACEMENT_3D('',#5100,#5101,#5102);
#5100 = CARTESIAN_POINT('',(-6.330772675291,-0.239856614092,
    -0.755285863415));
#5101 = DIRECTION('',(1.,-2.731847993664E-16,1.224606353822E-16));
#5102 = DIRECTION('',(2.731847993664E-16,1.,0.));
#5103 = ADVANCED_FACE('',(#5104),#5122,.F.);
#5104 = FACE_BOUND('',#5105,.T.);
#5105 = EDGE_LOOP('',(#5106,#5107,#5115,#5121));
#5106 = ORIENTED_EDGE('',*,*,#4851,.F.);
#5107 = ORIENTED_EDGE('',*,*,#5108,.F.);
#5108 = EDGE_CURVE('',#5109,#4844,#5111,.T.);
#5109 = VERTEX_POINT('',#5110);
#5110 = CARTESIAN_POINT('',(-2.598245924978,1.797611441463,
    -1.095305147088));
#5111 = LINE('',#5112,#5113);
#5112 = CARTESIAN_POINT('',(-2.598245924978,1.797611441463,
    -1.095305147088));
#5113 = VECTOR('',#5114,1.);
#5114 = DIRECTION('',(-1.233716275158E-16,1.,1.296688056352E-17));
#5115 = ORIENTED_EDGE('',*,*,#5116,.F.);
#5116 = EDGE_CURVE('',#4911,#5109,#5117,.T.);
#5117 = LINE('',#5118,#5119);
#5118 = CARTESIAN_POINT('',(-2.555765557506,1.797611441463,
    -0.691131448811));
#5119 = VECTOR('',#5120,1.);
#5120 = DIRECTION('',(-0.104528463268,0.,-0.994521895368));
#5121 = ORIENTED_EDGE('',*,*,#4910,.T.);
#5122 = PLANE('',#5123);
#5123 = AXIS2_PLACEMENT_3D('',#5124,#5125,#5126);
#5124 = CARTESIAN_POINT('',(-2.555765557506,1.797611441463,
    -0.691131448811));
#5125 = DIRECTION('',(0.994521895368,1.240511929303E-16,-0.104528463268)
  );
#5126 = DIRECTION('',(-0.104528463268,-3.964762612396E-34,
    -0.994521895368));
#5127 = ADVANCED_FACE('',(#5128),#5146,.F.);
#5128 = FACE_BOUND('',#5129,.T.);
#5129 = EDGE_LOOP('',(#5130,#5138,#5139,#5140));
#5130 = ORIENTED_EDGE('',*,*,#5131,.F.);
#5131 = EDGE_CURVE('',#4919,#5132,#5134,.T.);
#5132 = VERTEX_POINT('',#5133);
#5133 = CARTESIAN_POINT('',(-3.192262845061,1.797611441463,
    -1.032871452968));
#5134 = LINE('',#5135,#5136);
#5135 = CARTESIAN_POINT('',(-3.149782477589,1.797611441463,
    -0.628697754691));
#5136 = VECTOR('',#5137,1.);
#5137 = DIRECTION('',(-0.104528463268,5.335640612626E-16,-0.994521895368
    ));
#5138 = ORIENTED_EDGE('',*,*,#4918,.T.);
#5139 = ORIENTED_EDGE('',*,*,#5116,.T.);
#5140 = ORIENTED_EDGE('',*,*,#5141,.F.);
#5141 = EDGE_CURVE('',#5132,#5109,#5142,.T.);
#5142 = LINE('',#5143,#5144);
#5143 = CARTESIAN_POINT('',(-3.192262845061,1.797611441463,
    -1.032871452968));
#5144 = VECTOR('',#5145,1.);
#5145 = DIRECTION('',(0.994521895368,-3.630411064361E-16,-0.104528463268
    ));
#5146 = PLANE('',#5147);
#5147 = AXIS2_PLACEMENT_3D('',#5148,#5149,#5150);
#5148 = CARTESIAN_POINT('',(-4.83856636284,1.797611441463,
    -0.451199415902));
#5149 = DIRECTION('',(-2.731847993664E-16,-1.,-2.731847993664E-16));
#5150 = DIRECTION('',(0.,2.731847993664E-16,-1.));
#5151 = ADVANCED_FACE('',(#5152),#5204,.T.);
#5152 = FACE_BOUND('',#5153,.T.);
#5153 = EDGE_LOOP('',(#5154,#5155,#5156,#5164,#5173,#5181,#5189,#5197));
#5154 = ORIENTED_EDGE('',*,*,#4926,.T.);
#5155 = ORIENTED_EDGE('',*,*,#5131,.T.);
#5156 = ORIENTED_EDGE('',*,*,#5157,.T.);
#5157 = EDGE_CURVE('',#5132,#5158,#5160,.T.);
#5158 = VERTEX_POINT('',#5159);
#5159 = CARTESIAN_POINT('',(-3.192262845061,2.925371441463,
    -1.032871452968));
#5160 = LINE('',#5161,#5162);
#5161 = CARTESIAN_POINT('',(-3.192262845061,2.925371441463,
    -1.032871452968));
#5162 = VECTOR('',#5163,1.);
#5163 = DIRECTION('',(2.418007709408E-16,1.,-2.541428511638E-17));
#5164 = ORIENTED_EDGE('',*,*,#5165,.F.);
#5165 = EDGE_CURVE('',#5166,#5158,#5168,.T.);
#5166 = VERTEX_POINT('',#5167);
#5167 = CARTESIAN_POINT('',(-3.235936635843,3.522076255662,
    -1.448399815569));
#5168 = CIRCLE('',#5169,0.635);
#5169 = AXIS2_PLACEMENT_3D('',#5170,#5171,#5172);
#5170 = CARTESIAN_POINT('',(-3.258638419236,2.925371441463,
    -1.664392856527));
#5171 = DIRECTION('',(0.994521895368,-2.431326771859E-16,-0.104528463268
    ));
#5172 = DIRECTION('',(-0.104528463268,5.276849244397E-32,-0.994521895368
    ));
#5173 = ORIENTED_EDGE('',*,*,#5174,.F.);
#5174 = EDGE_CURVE('',#5175,#5166,#5177,.T.);
#5175 = VERTEX_POINT('',#5176);
#5176 = CARTESIAN_POINT('',(-3.26561306647,3.625410190456,
    -1.730752192252));
#5177 = LINE('',#5178,#5179);
#5178 = CARTESIAN_POINT('',(-3.26561306647,3.625410190456,
    -1.730752192252));
#5179 = VECTOR('',#5180,1.);
#5180 = DIRECTION('',(9.822462559469E-02,-0.342020143326,0.934544886288)
  );
#5181 = ORIENTED_EDGE('',*,*,#5182,.F.);
#5182 = EDGE_CURVE('',#5183,#5175,#5185,.T.);
#5183 = VERTEX_POINT('',#5184);
#5184 = CARTESIAN_POINT('',(-3.251083925099,4.007301271544,
    -1.592516646039));
#5185 = LINE('',#5186,#5187);
#5186 = CARTESIAN_POINT('',(-3.251083925099,4.007301271544,
    -1.592516646039));
#5187 = VECTOR('',#5188,1.);
#5188 = DIRECTION('',(-3.575083998841E-02,-0.939692620786,
    -0.340146521194));
#5189 = ORIENTED_EDGE('',*,*,#5190,.T.);
#5190 = EDGE_CURVE('',#5183,#5191,#5193,.T.);
#5191 = VERTEX_POINT('',#5192);
#5192 = CARTESIAN_POINT('',(-3.221407494472,3.90396733675,
    -1.310164269355));
#5193 = LINE('',#5194,#5195);
#5194 = CARTESIAN_POINT('',(-3.251083925099,4.007301271544,
    -1.592516646039));
#5195 = VECTOR('',#5196,1.);
#5196 = DIRECTION('',(9.822462559469E-02,-0.342020143326,0.934544886288)
  );
#5197 = ORIENTED_EDGE('',*,*,#5198,.F.);
#5198 = EDGE_CURVE('',#4927,#5191,#5199,.T.);
#5199 = CIRCLE('',#5200,1.0414);
#5200 = AXIS2_PLACEMENT_3D('',#5201,#5202,#5203);
#5201 = CARTESIAN_POINT('',(-3.258638419236,2.925371441463,
    -1.664392856527));
#5202 = DIRECTION('',(-0.994521895368,2.431326771859E-16,0.104528463268)
  );
#5203 = DIRECTION('',(-0.104528463268,8.328804858733E-16,-0.994521895368
    ));
#5204 = PLANE('',#5205);
#5205 = AXIS2_PLACEMENT_3D('',#5206,#5207,#5208);
#5206 = CARTESIAN_POINT('',(-3.192262845061,2.925371441463,
    -1.032871452968));
#5207 = DIRECTION('',(0.994521895368,-2.431326771859E-16,-0.104528463268
    ));
#5208 = DIRECTION('',(-0.104528463268,-2.149946194653E-33,
    -0.994521895368));
#5209 = ADVANCED_FACE('',(#5210),#5229,.T.);
#5210 = FACE_BOUND('',#5211,.T.);
#5211 = EDGE_LOOP('',(#5212,#5220,#5227,#5228));
#5212 = ORIENTED_EDGE('',*,*,#5213,.T.);
#5213 = EDGE_CURVE('',#5191,#5214,#5216,.T.);
#5214 = VERTEX_POINT('',#5215);
#5215 = CARTESIAN_POINT('',(-4.787580575298,3.90396733675,
    -1.145552845401));
#5216 = LINE('',#5217,#5218);
#5217 = CARTESIAN_POINT('',(-3.221407494472,3.90396733675,
    -1.310164269355));
#5218 = VECTOR('',#5219,1.);
#5219 = DIRECTION('',(-0.994521895368,2.431326771859E-16,0.104528463268)
  );
#5220 = ORIENTED_EDGE('',*,*,#5221,.T.);
#5221 = EDGE_CURVE('',#5214,#4935,#5222,.T.);
#5222 = CIRCLE('',#5223,1.0414);
#5223 = AXIS2_PLACEMENT_3D('',#5224,#5225,#5226);
#5224 = CARTESIAN_POINT('',(-4.824811500062,2.925371441463,
    -1.499781432573));
#5225 = DIRECTION('',(0.994521895368,-2.431326771859E-16,-0.104528463268
    ));
#5226 = DIRECTION('',(-0.104528463268,6.509444408805E-32,-0.994521895368
    ));
#5227 = ORIENTED_EDGE('',*,*,#4934,.T.);
#5228 = ORIENTED_EDGE('',*,*,#5198,.T.);
#5229 = CYLINDRICAL_SURFACE('',#5230,1.0414);
#5230 = AXIS2_PLACEMENT_3D('',#5231,#5232,#5233);
#5231 = CARTESIAN_POINT('',(-3.258638419236,2.925371441463,
    -1.664392856527));
#5232 = DIRECTION('',(0.994521895368,-2.431326771859E-16,-0.104528463268
    ));
#5233 = DIRECTION('',(-0.104528463268,-3.967614488661E-32,
    -0.994521895368));
#5234 = ADVANCED_FACE('',(#5235),#5279,.T.);
#5235 = FACE_BOUND('',#5236,.T.);
#5236 = EDGE_LOOP('',(#5237,#5245,#5246,#5247,#5248,#5256,#5264,#5272));
#5237 = ORIENTED_EDGE('',*,*,#5238,.T.);
#5238 = EDGE_CURVE('',#5239,#4215,#5241,.T.);
#5239 = VERTEX_POINT('',#5240);
#5240 = CARTESIAN_POINT('',(-4.758435925887,2.925371441463,
    -0.868260029014));
#5241 = LINE('',#5242,#5243);
#5242 = CARTESIAN_POINT('',(-4.758435925887,4.159811441463,
    -0.868260029014));
#5243 = VECTOR('',#5244,1.);
#5244 = DIRECTION('',(-2.418007709408E-16,-1.,2.541428511639E-17));
#5245 = ORIENTED_EDGE('',*,*,#4214,.T.);
#5246 = ORIENTED_EDGE('',*,*,#4942,.T.);
#5247 = ORIENTED_EDGE('',*,*,#5221,.F.);
#5248 = ORIENTED_EDGE('',*,*,#5249,.T.);
#5249 = EDGE_CURVE('',#5214,#5250,#5252,.T.);
#5250 = VERTEX_POINT('',#5251);
#5251 = CARTESIAN_POINT('',(-4.817257005925,4.007301271544,
    -1.427905222085));
#5252 = LINE('',#5253,#5254);
#5253 = CARTESIAN_POINT('',(-4.787580575298,3.90396733675,
    -1.145552845401));
#5254 = VECTOR('',#5255,1.);
#5255 = DIRECTION('',(-9.822462559471E-02,0.342020143326,-0.934544886288
    ));
#5256 = ORIENTED_EDGE('',*,*,#5257,.F.);
#5257 = EDGE_CURVE('',#5258,#5250,#5260,.T.);
#5258 = VERTEX_POINT('',#5259);
#5259 = CARTESIAN_POINT('',(-4.831786147296,3.625410190456,
    -1.566140768299));
#5260 = LINE('',#5261,#5262);
#5261 = CARTESIAN_POINT('',(-4.831786147296,3.625410190456,
    -1.566140768299));
#5262 = VECTOR('',#5263,1.);
#5263 = DIRECTION('',(3.575083998841E-02,0.939692620786,0.340146521194)
  );
#5264 = ORIENTED_EDGE('',*,*,#5265,.F.);
#5265 = EDGE_CURVE('',#5266,#5258,#5268,.T.);
#5266 = VERTEX_POINT('',#5267);
#5267 = CARTESIAN_POINT('',(-4.802109716669,3.522076255662,
    -1.283788391615));
#5268 = LINE('',#5269,#5270);
#5269 = CARTESIAN_POINT('',(-4.802109716669,3.522076255662,
    -1.283788391615));
#5270 = VECTOR('',#5271,1.);
#5271 = DIRECTION('',(-9.822462559469E-02,0.342020143326,-0.934544886288
    ));
#5272 = ORIENTED_EDGE('',*,*,#5273,.T.);
#5273 = EDGE_CURVE('',#5266,#5239,#5274,.T.);
#5274 = CIRCLE('',#5275,0.635);
#5275 = AXIS2_PLACEMENT_3D('',#5276,#5277,#5278);
#5276 = CARTESIAN_POINT('',(-4.824811500062,2.925371441463,
    -1.499781432573));
#5277 = DIRECTION('',(0.994521895368,-2.431326771859E-16,-0.104528463268
    ));
#5278 = DIRECTION('',(-0.104528463268,-1.04387391018E-31,-0.994521895368
    ));
#5279 = PLANE('',#5280);
#5280 = AXIS2_PLACEMENT_3D('',#5281,#5282,#5283);
#5281 = CARTESIAN_POINT('',(-4.715955558415,4.159811441463,
    -0.464086330737));
#5282 = DIRECTION('',(-0.994521895368,2.431326771858E-16,0.104528463268)
  );
#5283 = DIRECTION('',(0.104528463268,-7.041946920373E-33,0.994521895368)
  );
#5284 = ADVANCED_FACE('',(#5285),#5303,.T.);
#5285 = FACE_BOUND('',#5286,.T.);
#5286 = EDGE_LOOP('',(#5287,#5288,#5296,#5302));
#5287 = ORIENTED_EDGE('',*,*,#4968,.F.);
#5288 = ORIENTED_EDGE('',*,*,#5289,.T.);
#5289 = EDGE_CURVE('',#4961,#5290,#5292,.T.);
#5290 = VERTEX_POINT('',#5291);
#5291 = CARTESIAN_POINT('',(-4.400372675291,-3.317004518232,
    -4.75230182311));
#5292 = LINE('',#5293,#5294);
#5293 = CARTESIAN_POINT('',(-4.400372675291,-4.483317360367,
    -4.75230182311));
#5294 = VECTOR('',#5295,1.);
#5295 = DIRECTION('',(5.398477225357E-15,1.,-5.398477225357E-15));
#5296 = ORIENTED_EDGE('',*,*,#5297,.T.);
#5297 = EDGE_CURVE('',#5290,#3877,#5298,.T.);
#5298 = LINE('',#5299,#5300);
#5299 = CARTESIAN_POINT('',(-4.400372675291,-3.317004518232,
    -4.75230182311));
#5300 = VECTOR('',#5301,1.);
#5301 = DIRECTION('',(0.707106781187,-2.414635301864E-15,0.707106781187)
  );
#5302 = ORIENTED_EDGE('',*,*,#3876,.T.);
#5303 = PLANE('',#5304);
#5304 = AXIS2_PLACEMENT_3D('',#5305,#5306,#5307);
#5305 = CARTESIAN_POINT('',(-4.400372675291,-4.483317360367,
    -4.75230182311));
#5306 = DIRECTION('',(0.707106781187,-7.634599708262E-15,-0.707106781187
    ));
#5307 = DIRECTION('',(-0.707106781187,-1.830241942245E-31,
    -0.707106781187));
#5308 = ADVANCED_FACE('',(#5309),#5327,.T.);
#5309 = FACE_BOUND('',#5310,.T.);
#5310 = EDGE_LOOP('',(#5311,#5319,#5320,#5321));
#5311 = ORIENTED_EDGE('',*,*,#5312,.T.);
#5312 = EDGE_CURVE('',#5313,#5290,#5315,.T.);
#5313 = VERTEX_POINT('',#5314);
#5314 = CARTESIAN_POINT('',(-5.213172675291,-3.317004518232,
    -4.75230182311));
#5315 = LINE('',#5316,#5317);
#5316 = CARTESIAN_POINT('',(-5.594172675291,-3.317004518232,
    -4.75230182311));
#5317 = VECTOR('',#5318,1.);
#5318 = DIRECTION('',(1.,-2.731847993664E-16,-1.028449563648E-30));
#5319 = ORIENTED_EDGE('',*,*,#5289,.F.);
#5320 = ORIENTED_EDGE('',*,*,#4958,.F.);
#5321 = ORIENTED_EDGE('',*,*,#5322,.T.);
#5322 = EDGE_CURVE('',#4959,#5313,#5323,.T.);
#5323 = LINE('',#5324,#5325);
#5324 = CARTESIAN_POINT('',(-5.213172675291,-4.483317360367,
    -4.75230182311));
#5325 = VECTOR('',#5326,1.);
#5326 = DIRECTION('',(0.,1.,3.76466613821E-15));
#5327 = PLANE('',#5328);
#5328 = AXIS2_PLACEMENT_3D('',#5329,#5330,#5331);
#5329 = CARTESIAN_POINT('',(-2.430147330786,-4.483317360367,
    -4.75230182311));
#5330 = DIRECTION('',(-1.635277892997E-17,3.76466613821E-15,-1.));
#5331 = DIRECTION('',(-2.462070646138E-48,1.,3.76466613821E-15));
#5332 = ADVANCED_FACE('',(#5333),#5344,.T.);
#5333 = FACE_BOUND('',#5334,.T.);
#5334 = EDGE_LOOP('',(#5335,#5341,#5342,#5343));
#5335 = ORIENTED_EDGE('',*,*,#5336,.T.);
#5336 = EDGE_CURVE('',#3942,#5313,#5337,.T.);
#5337 = LINE('',#5338,#5339);
#5338 = CARTESIAN_POINT('',(-5.594172675291,-3.317004518232,
    -4.37130182311));
#5339 = VECTOR('',#5340,1.);
#5340 = DIRECTION('',(0.707106781187,2.414635301864E-15,-0.707106781187)
  );
#5341 = ORIENTED_EDGE('',*,*,#5322,.F.);
#5342 = ORIENTED_EDGE('',*,*,#4977,.F.);
#5343 = ORIENTED_EDGE('',*,*,#3949,.T.);
#5344 = PLANE('',#5345);
#5345 = AXIS2_PLACEMENT_3D('',#5346,#5347,#5348);
#5346 = CARTESIAN_POINT('',(-5.213172675291,-4.483317360367,
    -4.75230182311));
#5347 = DIRECTION('',(-0.707106781187,1.295864161872E-14,-0.707106781187
    ));
#5348 = DIRECTION('',(-0.707106781187,-2.320191200829E-31,0.707106781187
    ));
#5349 = ADVANCED_FACE('',(#5350),#5361,.F.);
#5350 = FACE_BOUND('',#5351,.F.);
#5351 = EDGE_LOOP('',(#5352,#5353,#5354,#5355));
#5352 = ORIENTED_EDGE('',*,*,#4122,.F.);
#5353 = ORIENTED_EDGE('',*,*,#4992,.T.);
#5354 = ORIENTED_EDGE('',*,*,#4354,.F.);
#5355 = ORIENTED_EDGE('',*,*,#5356,.T.);
#5356 = EDGE_CURVE('',#4355,#4115,#5357,.T.);
#5357 = LINE('',#5358,#5359);
#5358 = CARTESIAN_POINT('',(-5.594172675291,7.413633992541,
    1.124314136585));
#5359 = VECTOR('',#5360,1.);
#5360 = DIRECTION('',(2.731847993664E-16,1.,2.731847993664E-16));
#5361 = CYLINDRICAL_SURFACE('',#5362,0.381);
#5362 = AXIS2_PLACEMENT_3D('',#5363,#5364,#5365);
#5363 = CARTESIAN_POINT('',(-5.594172675291,7.413633992541,
    0.743314136585));
#5364 = DIRECTION('',(-2.731847993664E-16,-1.,-2.731847993664E-16));
#5365 = DIRECTION('',(1.,-2.731847993664E-16,-7.462993460487E-32));
#5366 = ADVANCED_FACE('',(#5367),#5419,.F.);
#5367 = FACE_BOUND('',#5368,.T.);
#5368 = EDGE_LOOP('',(#5369,#5377,#5386,#5394,#5402,#5410,#5417,#5418));
#5369 = ORIENTED_EDGE('',*,*,#5370,.F.);
#5370 = EDGE_CURVE('',#5371,#4355,#5373,.T.);
#5371 = VERTEX_POINT('',#5372);
#5372 = CARTESIAN_POINT('',(-5.594172675291,-3.063004518232,
    1.124314136585));
#5373 = LINE('',#5374,#5375);
#5374 = CARTESIAN_POINT('',(-5.594172675291,-2.190188558537,
    1.124314136585));
#5375 = VECTOR('',#5376,1.);
#5376 = DIRECTION('',(3.870117991024E-16,1.,-5.428677101245E-30));
#5377 = ORIENTED_EDGE('',*,*,#5378,.T.);
#5378 = EDGE_CURVE('',#5371,#5379,#5381,.T.);
#5379 = VERTEX_POINT('',#5380);
#5380 = CARTESIAN_POINT('',(-5.594172675291,-3.723404518232,
    1.784714136585));
#5381 = CIRCLE('',#5382,0.6604);
#5382 = AXIS2_PLACEMENT_3D('',#5383,#5384,#5385);
#5383 = CARTESIAN_POINT('',(-5.594172675291,-3.063004518232,
    1.784714136585));
#5384 = DIRECTION('',(-1.,-2.203103220697E-18,-2.612740496944E-16));
#5385 = DIRECTION('',(-2.612740496944E-16,-5.756137003663E-34,1.));
#5386 = ORIENTED_EDGE('',*,*,#5387,.F.);
#5387 = EDGE_CURVE('',#5388,#5379,#5390,.T.);
#5388 = VERTEX_POINT('',#5389);
#5389 = CARTESIAN_POINT('',(-5.594172675291,-3.723404518232,
    3.622730096279));
#5390 = LINE('',#5391,#5392);
#5391 = CARTESIAN_POINT('',(-5.594172675291,-3.723404518232,
    -6.156269903721));
#5392 = VECTOR('',#5393,1.);
#5393 = DIRECTION('',(0.,-3.218296539477E-15,-1.));
#5394 = ORIENTED_EDGE('',*,*,#5395,.F.);
#5395 = EDGE_CURVE('',#5396,#5388,#5398,.T.);
#5396 = VERTEX_POINT('',#5397);
#5397 = CARTESIAN_POINT('',(-5.594172675291,-3.317004518232,
    3.622730096279));
#5398 = LINE('',#5399,#5400);
#5399 = CARTESIAN_POINT('',(-5.594172675291,-4.104404518232,
    3.622730096279));
#5400 = VECTOR('',#5401,1.);
#5401 = DIRECTION('',(-8.752264612906E-15,-1.,8.752264612906E-15));
#5402 = ORIENTED_EDGE('',*,*,#5403,.F.);
#5403 = EDGE_CURVE('',#5404,#5396,#5406,.T.);
#5404 = VERTEX_POINT('',#5405);
#5405 = CARTESIAN_POINT('',(-5.594172675291,-3.317004518232,
    1.784714136585));
#5406 = LINE('',#5407,#5408);
#5407 = CARTESIAN_POINT('',(-5.594172675291,-3.317004518232,
    0.193730096279));
#5408 = VECTOR('',#5409,1.);
#5409 = DIRECTION('',(-6.504889520176E-16,9.293036528415E-30,1.));
#5410 = ORIENTED_EDGE('',*,*,#5411,.T.);
#5411 = EDGE_CURVE('',#5404,#5011,#5412,.T.);
#5412 = CIRCLE('',#5413,0.254);
#5413 = AXIS2_PLACEMENT_3D('',#5414,#5415,#5416);
#5414 = CARTESIAN_POINT('',(-5.594172675291,-3.063004518232,
    1.784714136585));
#5415 = DIRECTION('',(1.,2.203103220697E-18,2.612740496944E-16));
#5416 = DIRECTION('',(-2.612740496944E-16,-5.756137003663E-34,1.));
#5417 = ORIENTED_EDGE('',*,*,#5074,.T.);
#5418 = ORIENTED_EDGE('',*,*,#4363,.T.);
#5419 = PLANE('',#5420);
#5420 = AXIS2_PLACEMENT_3D('',#5421,#5422,#5423);
#5421 = CARTESIAN_POINT('',(-5.594172675291,-2.190188558537,
    1.530714136585));
#5422 = DIRECTION('',(1.,-3.870117991024E-16,-1.402716173986E-14));
#5423 = DIRECTION('',(-1.402716173986E-14,-1.002251832721E-47,-1.));
#5424 = ADVANCED_FACE('',(#5425),#5444,.F.);
#5425 = FACE_BOUND('',#5426,.F.);
#5426 = EDGE_LOOP('',(#5427,#5428,#5437,#5443));
#5427 = ORIENTED_EDGE('',*,*,#5008,.F.);
#5428 = ORIENTED_EDGE('',*,*,#5429,.T.);
#5429 = EDGE_CURVE('',#5009,#5430,#5432,.T.);
#5430 = VERTEX_POINT('',#5431);
#5431 = CARTESIAN_POINT('',(-4.019372675291,-3.317004518232,
    1.784714136585));
#5432 = CIRCLE('',#5433,0.254);
#5433 = AXIS2_PLACEMENT_3D('',#5434,#5435,#5436);
#5434 = CARTESIAN_POINT('',(-4.019372675291,-3.063004518232,
    1.784714136585));
#5435 = DIRECTION('',(-1.,-2.203103220697E-18,-2.612740496944E-16));
#5436 = DIRECTION('',(-2.612740496944E-16,-5.756137003663E-34,1.));
#5437 = ORIENTED_EDGE('',*,*,#5438,.F.);
#5438 = EDGE_CURVE('',#5404,#5430,#5439,.T.);
#5439 = LINE('',#5440,#5441);
#5440 = CARTESIAN_POINT('',(-5.594172675291,-3.317004518232,
    1.784714136585));
#5441 = VECTOR('',#5442,1.);
#5442 = DIRECTION('',(1.,2.203103220696E-18,-7.090239471276E-33));
#5443 = ORIENTED_EDGE('',*,*,#5411,.T.);
#5444 = CYLINDRICAL_SURFACE('',#5445,0.254);
#5445 = AXIS2_PLACEMENT_3D('',#5446,#5447,#5448);
#5446 = CARTESIAN_POINT('',(-3.028874648967,-3.063004518232,
    1.784714136585));
#5447 = DIRECTION('',(-1.,-2.203103220697E-18,-2.612740496944E-16));
#5448 = DIRECTION('',(-2.612740496944E-16,-5.756137003663E-34,1.));
#5449 = ADVANCED_FACE('',(#5450),#5501,.F.);
#5450 = FACE_BOUND('',#5451,.T.);
#5451 = EDGE_LOOP('',(#5452,#5453,#5454,#5462,#5470,#5478,#5487,#5495));
#5452 = ORIENTED_EDGE('',*,*,#5018,.T.);
#5453 = ORIENTED_EDGE('',*,*,#5429,.T.);
#5454 = ORIENTED_EDGE('',*,*,#5455,.F.);
#5455 = EDGE_CURVE('',#5456,#5430,#5458,.T.);
#5456 = VERTEX_POINT('',#5457);
#5457 = CARTESIAN_POINT('',(-4.019372675291,-3.317004518232,
    3.622730096279));
#5458 = LINE('',#5459,#5460);
#5459 = CARTESIAN_POINT('',(-4.019372675291,-3.317004518232,
    0.193730096279));
#5460 = VECTOR('',#5461,1.);
#5461 = DIRECTION('',(5.366619522816E-16,-7.666877524199E-30,-1.));
#5462 = ORIENTED_EDGE('',*,*,#5463,.F.);
#5463 = EDGE_CURVE('',#5464,#5456,#5466,.T.);
#5464 = VERTEX_POINT('',#5465);
#5465 = CARTESIAN_POINT('',(-4.019372675291,-3.723404518232,
    3.622730096279));
#5466 = LINE('',#5467,#5468);
#5467 = CARTESIAN_POINT('',(-4.019372675291,-3.317004518232,
    3.622730096279));
#5468 = VECTOR('',#5469,1.);
#5469 = DIRECTION('',(5.53396807343E-15,1.,5.53396807343E-15));
#5470 = ORIENTED_EDGE('',*,*,#5471,.F.);
#5471 = EDGE_CURVE('',#5472,#5464,#5474,.T.);
#5472 = VERTEX_POINT('',#5473);
#5473 = CARTESIAN_POINT('',(-4.019372675291,-3.723404518232,
    1.784714136585));
#5474 = LINE('',#5475,#5476);
#5475 = CARTESIAN_POINT('',(-4.019372675291,-3.723404518232,
    -6.156269903721));
#5476 = VECTOR('',#5477,1.);
#5477 = DIRECTION('',(-0.,3.218296539477E-15,1.));
#5478 = ORIENTED_EDGE('',*,*,#5479,.T.);
#5479 = EDGE_CURVE('',#5472,#5480,#5482,.T.);
#5480 = VERTEX_POINT('',#5481);
#5481 = CARTESIAN_POINT('',(-4.019372675291,-3.063004518232,
    1.124314136585));
#5482 = CIRCLE('',#5483,0.6604);
#5483 = AXIS2_PLACEMENT_3D('',#5484,#5485,#5486);
#5484 = CARTESIAN_POINT('',(-4.019372675291,-3.063004518232,
    1.784714136585));
#5485 = DIRECTION('',(1.,2.203103220697E-18,2.612740496944E-16));
#5486 = DIRECTION('',(-2.612740496944E-16,-5.756137003663E-34,1.));
#5487 = ORIENTED_EDGE('',*,*,#5488,.F.);
#5488 = EDGE_CURVE('',#5489,#5480,#5491,.T.);
#5489 = VERTEX_POINT('',#5490);
#5490 = CARTESIAN_POINT('',(-4.019372675291,-2.190188558537,
    1.124314136584));
#5491 = LINE('',#5492,#5493);
#5492 = CARTESIAN_POINT('',(-4.019372675291,-2.190188558537,
    1.124314136584));
#5493 = VECTOR('',#5494,1.);
#5494 = DIRECTION('',(-2.731847993664E-16,-1.,3.832007365585E-30));
#5495 = ORIENTED_EDGE('',*,*,#5496,.F.);
#5496 = EDGE_CURVE('',#5019,#5489,#5497,.T.);
#5497 = LINE('',#5498,#5499);
#5498 = CARTESIAN_POINT('',(-4.019372675291,-2.190188558537,
    1.530714136584));
#5499 = VECTOR('',#5500,1.);
#5500 = DIRECTION('',(-1.402716173986E-14,-0.,-1.));
#5501 = PLANE('',#5502);
#5502 = AXIS2_PLACEMENT_3D('',#5503,#5504,#5505);
#5503 = CARTESIAN_POINT('',(-4.019372675291,-2.190188558537,
    1.530714136584));
#5504 = DIRECTION('',(-1.,2.731847993664E-16,1.402716173986E-14));
#5505 = DIRECTION('',(1.402716173986E-14,-1.102774948728E-46,1.));
#5506 = ADVANCED_FACE('',(#5507),#5525,.F.);
#5507 = FACE_BOUND('',#5508,.T.);
#5508 = EDGE_LOOP('',(#5509,#5517,#5518,#5519));
#5509 = ORIENTED_EDGE('',*,*,#5510,.F.);
#5510 = EDGE_CURVE('',#5027,#5511,#5513,.T.);
#5511 = VERTEX_POINT('',#5512);
#5512 = CARTESIAN_POINT('',(-3.104972675291,-2.190188558537,
    1.124314136584));
#5513 = LINE('',#5514,#5515);
#5514 = CARTESIAN_POINT('',(-3.104972675291,-2.190188558537,
    1.530714136584));
#5515 = VECTOR('',#5516,1.);
#5516 = DIRECTION('',(7.462993460487E-32,2.731847993664E-16,-1.));
#5517 = ORIENTED_EDGE('',*,*,#5026,.T.);
#5518 = ORIENTED_EDGE('',*,*,#5496,.T.);
#5519 = ORIENTED_EDGE('',*,*,#5520,.F.);
#5520 = EDGE_CURVE('',#5511,#5489,#5521,.T.);
#5521 = LINE('',#5522,#5523);
#5522 = CARTESIAN_POINT('',(-3.104972675291,-2.190188558537,
    1.124314136584));
#5523 = VECTOR('',#5524,1.);
#5524 = DIRECTION('',(-1.,2.731847993664E-16,0.));
#5525 = PLANE('',#5526);
#5526 = AXIS2_PLACEMENT_3D('',#5527,#5528,#5529);
#5527 = CARTESIAN_POINT('',(-3.104972675291,-2.190188558537,
    1.530714136584));
#5528 = DIRECTION('',(2.731847993664E-16,1.,2.731847993664E-16));
#5529 = DIRECTION('',(-1.,2.731847993664E-16,2.336615124271E-48));
#5530 = ADVANCED_FACE('',(#5531),#5549,.F.);
#5531 = FACE_BOUND('',#5532,.T.);
#5532 = EDGE_LOOP('',(#5533,#5541,#5542,#5543));
#5533 = ORIENTED_EDGE('',*,*,#5534,.F.);
#5534 = EDGE_CURVE('',#5035,#5535,#5537,.T.);
#5535 = VERTEX_POINT('',#5536);
#5536 = CARTESIAN_POINT('',(-3.104972675291,-1.174188558537,
    1.124314136584));
#5537 = LINE('',#5538,#5539);
#5538 = CARTESIAN_POINT('',(-3.104972675291,-1.174188558537,
    1.530714136584));
#5539 = VECTOR('',#5540,1.);
#5540 = DIRECTION('',(-1.402716173986E-14,-0.,-1.));
#5541 = ORIENTED_EDGE('',*,*,#5034,.T.);
#5542 = ORIENTED_EDGE('',*,*,#5510,.T.);
#5543 = ORIENTED_EDGE('',*,*,#5544,.F.);
#5544 = EDGE_CURVE('',#5535,#5511,#5545,.T.);
#5545 = LINE('',#5546,#5547);
#5546 = CARTESIAN_POINT('',(-3.104972675291,-2.190188558537,
    1.124314136584));
#5547 = VECTOR('',#5548,1.);
#5548 = DIRECTION('',(-2.731847993664E-16,-1.,3.832007365585E-30));
#5549 = PLANE('',#5550);
#5550 = AXIS2_PLACEMENT_3D('',#5551,#5552,#5553);
#5551 = CARTESIAN_POINT('',(-3.104972675291,-2.190188558537,
    1.530714136584));
#5552 = DIRECTION('',(-1.,2.731847993664E-16,1.402716173986E-14));
#5553 = DIRECTION('',(1.402716173986E-14,-1.102774948728E-46,1.));
#5554 = ADVANCED_FACE('',(#5555),#5573,.F.);
#5555 = FACE_BOUND('',#5556,.T.);
#5556 = EDGE_LOOP('',(#5557,#5565,#5566,#5567));
#5557 = ORIENTED_EDGE('',*,*,#5558,.F.);
#5558 = EDGE_CURVE('',#5043,#5559,#5561,.T.);
#5559 = VERTEX_POINT('',#5560);
#5560 = CARTESIAN_POINT('',(-4.806772675291,-1.174188558537,
    1.124314136585));
#5561 = LINE('',#5562,#5563);
#5562 = CARTESIAN_POINT('',(-4.806772675291,-1.174188558537,
    1.530714136584));
#5563 = VECTOR('',#5564,1.);
#5564 = DIRECTION('',(0.,2.731847993664E-16,-1.));
#5565 = ORIENTED_EDGE('',*,*,#5042,.T.);
#5566 = ORIENTED_EDGE('',*,*,#5534,.T.);
#5567 = ORIENTED_EDGE('',*,*,#5568,.F.);
#5568 = EDGE_CURVE('',#5559,#5535,#5569,.T.);
#5569 = LINE('',#5570,#5571);
#5570 = CARTESIAN_POINT('',(-3.104972675291,-1.174188558537,
    1.124314136585));
#5571 = VECTOR('',#5572,1.);
#5572 = DIRECTION('',(1.,2.364883337799E-16,6.460501801616E-32));
#5573 = PLANE('',#5574);
#5574 = AXIS2_PLACEMENT_3D('',#5575,#5576,#5577);
#5575 = CARTESIAN_POINT('',(-3.104972675291,-1.174188558537,
    1.530714136584));
#5576 = DIRECTION('',(2.364883337799E-16,-1.,-2.731847993664E-16));
#5577 = DIRECTION('',(0.,2.731847993664E-16,-1.));
#5578 = ADVANCED_FACE('',(#5579),#5591,.F.);
#5579 = FACE_BOUND('',#5580,.F.);
#5580 = EDGE_LOOP('',(#5581,#5588,#5589,#5590));
#5581 = ORIENTED_EDGE('',*,*,#5582,.T.);
#5582 = EDGE_CURVE('',#3628,#5559,#5583,.T.);
#5583 = CIRCLE('',#5584,0.4064);
#5584 = AXIS2_PLACEMENT_3D('',#5585,#5586,#5587);
#5585 = CARTESIAN_POINT('',(-4.806772675291,-0.767788558537,
    1.124314136585));
#5586 = DIRECTION('',(1.402716173986E-14,-2.731847993664E-16,1.));
#5587 = DIRECTION('',(-1.,-4.220599893092E-32,1.402716173986E-14));
#5588 = ORIENTED_EDGE('',*,*,#5558,.F.);
#5589 = ORIENTED_EDGE('',*,*,#5050,.F.);
#5590 = ORIENTED_EDGE('',*,*,#3636,.T.);
#5591 = CYLINDRICAL_SURFACE('',#5592,0.4064);
#5592 = AXIS2_PLACEMENT_3D('',#5593,#5594,#5595);
#5593 = CARTESIAN_POINT('',(-4.806772675291,-0.767788558537,
    1.530714136585));
#5594 = DIRECTION('',(-1.402716173986E-14,2.731847993664E-16,-1.));
#5595 = DIRECTION('',(-1.,-4.220599893092E-32,1.402716173986E-14));
#5596 = ADVANCED_FACE('',(#5597),#5647,.F.);
#5597 = FACE_BOUND('',#5598,.T.);
#5598 = EDGE_LOOP('',(#5599,#5600,#5601,#5607,#5608,#5617,#5625,#5633,
    #5639,#5640));
#5599 = ORIENTED_EDGE('',*,*,#5058,.T.);
#5600 = ORIENTED_EDGE('',*,*,#3617,.T.);
#5601 = ORIENTED_EDGE('',*,*,#5602,.F.);
#5602 = EDGE_CURVE('',#3713,#3620,#5603,.T.);
#5603 = LINE('',#5604,#5605);
#5604 = CARTESIAN_POINT('',(-4.806772675291,-0.361388558537,
    1.124314136585));
#5605 = VECTOR('',#5606,1.);
#5606 = DIRECTION('',(-1.,2.731847993664E-16,0.));
#5607 = ORIENTED_EDGE('',*,*,#3720,.F.);
#5608 = ORIENTED_EDGE('',*,*,#5609,.F.);
#5609 = EDGE_CURVE('',#5610,#3721,#5612,.T.);
#5610 = VERTEX_POINT('',#5611);
#5611 = CARTESIAN_POINT('',(-2.430147330786,-0.361388558537,
    0.364401294449));
#5612 = CIRCLE('',#5613,0.381);
#5613 = AXIS2_PLACEMENT_3D('',#5614,#5615,#5616);
#5614 = CARTESIAN_POINT('',(-2.469972675291,-0.361388558537,
    0.743314136585));
#5615 = DIRECTION('',(-2.731847993664E-16,-1.,-2.731847993664E-16));
#5616 = DIRECTION('',(1.,-2.731847993664E-16,3.109580608536E-33));
#5617 = ORIENTED_EDGE('',*,*,#5618,.F.);
#5618 = EDGE_CURVE('',#5619,#5610,#5621,.T.);
#5619 = VERTEX_POINT('',#5620);
#5620 = CARTESIAN_POINT('',(-4.758435925887,-0.361388558537,
    0.119688302183));
#5621 = LINE('',#5622,#5623);
#5622 = CARTESIAN_POINT('',(-4.758435925887,-0.361388558537,
    0.119688302183));
#5623 = VECTOR('',#5624,1.);
#5624 = DIRECTION('',(0.994521895368,-3.010240316332E-16,0.104528463268)
  );
#5625 = ORIENTED_EDGE('',*,*,#5626,.F.);
#5626 = EDGE_CURVE('',#5627,#5619,#5629,.T.);
#5627 = VERTEX_POINT('',#5628);
#5628 = CARTESIAN_POINT('',(-4.715955558415,-0.361388558537,
    -0.284485396094));
#5629 = LINE('',#5630,#5631);
#5630 = CARTESIAN_POINT('',(-4.715955558415,-0.361388558537,
    -0.284485396094));
#5631 = VECTOR('',#5632,1.);
#5632 = DIRECTION('',(-0.104528463268,-1.333910153156E-16,0.994521895368
    ));
#5633 = ORIENTED_EDGE('',*,*,#5634,.T.);
#5634 = EDGE_CURVE('',#5627,#3679,#5635,.T.);
#5635 = LINE('',#5636,#5637);
#5636 = CARTESIAN_POINT('',(-4.715955558415,-0.361388558537,
    -0.284485396094));
#5637 = VECTOR('',#5638,1.);
#5638 = DIRECTION('',(0.994521895368,0.,0.104528463268));
#5639 = ORIENTED_EDGE('',*,*,#3678,.F.);
#5640 = ORIENTED_EDGE('',*,*,#5641,.F.);
#5641 = EDGE_CURVE('',#5059,#3671,#5642,.T.);
#5642 = CIRCLE('',#5643,0.7874);
#5643 = AXIS2_PLACEMENT_3D('',#5644,#5645,#5646);
#5644 = CARTESIAN_POINT('',(-2.469972675291,-0.361388558537,
    0.743314136585));
#5645 = DIRECTION('',(2.731847993664E-16,1.,2.731847993664E-16));
#5646 = DIRECTION('',(1.,-2.731847993664E-16,-2.616185074578E-15));
#5647 = PLANE('',#5648);
#5648 = AXIS2_PLACEMENT_3D('',#5649,#5650,#5651);
#5649 = CARTESIAN_POINT('',(-4.806772675291,-0.361388558537,
    1.530714136585));
#5650 = DIRECTION('',(2.731847993664E-16,1.,2.731847993664E-16));
#5651 = DIRECTION('',(-1.,2.731847993664E-16,2.336615124271E-48));
#5652 = ADVANCED_FACE('',(#5653),#5659,.T.);
#5653 = FACE_BOUND('',#5654,.T.);
#5654 = EDGE_LOOP('',(#5655,#5656,#5657,#5658));
#5655 = ORIENTED_EDGE('',*,*,#3670,.F.);
#5656 = ORIENTED_EDGE('',*,*,#4090,.T.);
#5657 = ORIENTED_EDGE('',*,*,#5066,.T.);
#5658 = ORIENTED_EDGE('',*,*,#5641,.T.);
#5659 = CYLINDRICAL_SURFACE('',#5660,0.7874);
#5660 = AXIS2_PLACEMENT_3D('',#5661,#5662,#5663);
#5661 = CARTESIAN_POINT('',(-2.469972675291,6.773017675865,
    0.743314136585));
#5662 = DIRECTION('',(-2.731847993664E-16,-1.,-2.731847993664E-16));
#5663 = DIRECTION('',(1.,-2.731847993664E-16,-7.462993460487E-32));
#5664 = ADVANCED_FACE('',(#5665),#5680,.T.);
#5665 = FACE_BOUND('',#5666,.T.);
#5666 = EDGE_LOOP('',(#5667,#5668,#5669,#5670,#5671,#5672,#5673,#5674));
#5667 = ORIENTED_EDGE('',*,*,#5157,.F.);
#5668 = ORIENTED_EDGE('',*,*,#5141,.T.);
#5669 = ORIENTED_EDGE('',*,*,#5108,.T.);
#5670 = ORIENTED_EDGE('',*,*,#4843,.T.);
#5671 = ORIENTED_EDGE('',*,*,#4894,.T.);
#5672 = ORIENTED_EDGE('',*,*,#4222,.T.);
#5673 = ORIENTED_EDGE('',*,*,#5238,.F.);
#5674 = ORIENTED_EDGE('',*,*,#5675,.T.);
#5675 = EDGE_CURVE('',#5239,#5158,#5676,.T.);
#5676 = LINE('',#5677,#5678);
#5677 = CARTESIAN_POINT('',(-4.758435925887,2.925371441463,
    -0.868260029014));
#5678 = VECTOR('',#5679,1.);
#5679 = DIRECTION('',(0.994521895368,-0.,-0.104528463268));
#5680 = PLANE('',#5681);
#5681 = AXIS2_PLACEMENT_3D('',#5682,#5683,#5684);
#5682 = CARTESIAN_POINT('',(-4.758435925887,4.159811441463,
    -0.868260029014));
#5683 = DIRECTION('',(-0.104528463268,3.002438517176E-16,-0.994521895368
    ));
#5684 = DIRECTION('',(-0.994521895368,1.093513335452E-32,0.104528463268)
  );
#5685 = ADVANCED_FACE('',(#5686),#5697,.F.);
#5686 = FACE_BOUND('',#5687,.T.);
#5687 = EDGE_LOOP('',(#5688,#5689,#5695,#5696));
#5688 = ORIENTED_EDGE('',*,*,#5190,.F.);
#5689 = ORIENTED_EDGE('',*,*,#5690,.F.);
#5690 = EDGE_CURVE('',#5250,#5183,#5691,.T.);
#5691 = LINE('',#5692,#5693);
#5692 = CARTESIAN_POINT('',(-4.817257005925,4.007301271544,
    -1.427905222085));
#5693 = VECTOR('',#5694,1.);
#5694 = DIRECTION('',(0.994521895368,0.,-0.104528463268));
#5695 = ORIENTED_EDGE('',*,*,#5249,.F.);
#5696 = ORIENTED_EDGE('',*,*,#5213,.F.);
#5697 = PLANE('',#5698);
#5698 = AXIS2_PLACEMENT_3D('',#5699,#5700,#5701);
#5699 = CARTESIAN_POINT('',(-6.109010415319,2.736363412521,
    2.218970814421));
#5700 = DIRECTION('',(-3.575083998841E-02,-0.939692620786,
    -0.340146521194));
#5701 = DIRECTION('',(1.023699187718E-18,0.340364104261,-0.940293718223)
  );
#5702 = ADVANCED_FACE('',(#5703),#5711,.F.);
#5703 = FACE_BOUND('',#5704,.T.);
#5704 = EDGE_LOOP('',(#5705,#5706,#5707,#5708,#5709,#5710));
#5705 = ORIENTED_EDGE('',*,*,#3884,.T.);
#5706 = ORIENTED_EDGE('',*,*,#5297,.F.);
#5707 = ORIENTED_EDGE('',*,*,#5312,.F.);
#5708 = ORIENTED_EDGE('',*,*,#5336,.F.);
#5709 = ORIENTED_EDGE('',*,*,#3941,.T.);
#5710 = ORIENTED_EDGE('',*,*,#3924,.F.);
#5711 = PLANE('',#5712);
#5712 = AXIS2_PLACEMENT_3D('',#5713,#5714,#5715);
#5713 = CARTESIAN_POINT('',(-5.594172675291,-3.317004518232,
    5.40769817689));
#5714 = DIRECTION('',(-2.731847993664E-16,-1.,-3.76466613821E-15));
#5715 = DIRECTION('',(0.,3.76466613821E-15,-1.));
#5716 = ADVANCED_FACE('',(#5717),#5736,.T.);
#5717 = FACE_BOUND('',#5718,.T.);
#5718 = EDGE_LOOP('',(#5719,#5720,#5721,#5727,#5728,#5729,#5730,#5731,
    #5732,#5733,#5734,#5735));
#5719 = ORIENTED_EDGE('',*,*,#5520,.T.);
#5720 = ORIENTED_EDGE('',*,*,#5488,.T.);
#5721 = ORIENTED_EDGE('',*,*,#5722,.T.);
#5722 = EDGE_CURVE('',#5480,#5371,#5723,.T.);
#5723 = LINE('',#5724,#5725);
#5724 = CARTESIAN_POINT('',(-5.594172675291,-3.063004518232,
    1.124314136585));
#5725 = VECTOR('',#5726,1.);
#5726 = DIRECTION('',(-1.,7.137609884543E-32,-2.612740496944E-16));
#5727 = ORIENTED_EDGE('',*,*,#5370,.T.);
#5728 = ORIENTED_EDGE('',*,*,#5356,.T.);
#5729 = ORIENTED_EDGE('',*,*,#4114,.F.);
#5730 = ORIENTED_EDGE('',*,*,#3710,.T.);
#5731 = ORIENTED_EDGE('',*,*,#5602,.T.);
#5732 = ORIENTED_EDGE('',*,*,#3627,.T.);
#5733 = ORIENTED_EDGE('',*,*,#5582,.T.);
#5734 = ORIENTED_EDGE('',*,*,#5568,.T.);
#5735 = ORIENTED_EDGE('',*,*,#5544,.T.);
#5736 = PLANE('',#5737);
#5737 = AXIS2_PLACEMENT_3D('',#5738,#5739,#5740);
#5738 = CARTESIAN_POINT('',(-5.594172675291,4.159811441463,
    1.124314136585));
#5739 = DIRECTION('',(2.612740496944E-16,2.731847993664E-16,-1.));
#5740 = DIRECTION('',(1.710388287482E-48,1.,2.731847993664E-16));
#5741 = ADVANCED_FACE('',(#5742),#5777,.F.);
#5742 = FACE_BOUND('',#5743,.T.);
#5743 = EDGE_LOOP('',(#5744,#5754,#5762,#5769,#5770,#5771));
#5744 = ORIENTED_EDGE('',*,*,#5745,.T.);
#5745 = EDGE_CURVE('',#5746,#5748,#5750,.T.);
#5746 = VERTEX_POINT('',#5747);
#5747 = CARTESIAN_POINT('',(-2.555765557506,3.245411441463,
    -5.744027802039E-02));
#5748 = VERTEX_POINT('',#5749);
#5749 = CARTESIAN_POINT('',(-2.598245924978,3.245411441463,
    0.346733420257));
#5750 = LINE('',#5751,#5752);
#5751 = CARTESIAN_POINT('',(-2.555765557506,3.245411441463,
    -5.744027802033E-02));
#5752 = VECTOR('',#5753,1.);
#5753 = DIRECTION('',(-0.104528463268,-0.,0.994521895368));
#5754 = ORIENTED_EDGE('',*,*,#5755,.F.);
#5755 = EDGE_CURVE('',#5756,#5748,#5758,.T.);
#5756 = VERTEX_POINT('',#5757);
#5757 = CARTESIAN_POINT('',(-2.430147330786,3.538170512106,
    0.364401294449));
#5758 = LINE('',#5759,#5760);
#5759 = CARTESIAN_POINT('',(-2.430147330786,3.538170512106,
    0.364401294449));
#5760 = VECTOR('',#5761,1.);
#5761 = DIRECTION('',(-0.497260947684,-0.866025403784,
    -5.226423163383E-02));
#5762 = ORIENTED_EDGE('',*,*,#5763,.F.);
#5763 = EDGE_CURVE('',#4099,#5756,#5764,.T.);
#5764 = ( BOUNDED_CURVE() B_SPLINE_CURVE(3,(#5765,#5766,#5767,#5768),
.UNSPECIFIED.,.F.,.F.) B_SPLINE_CURVE_WITH_KNOTS((4,4),(3.483828411068,
4.712388980385),.PIECEWISE_BEZIER_KNOTS.) CURVE() 
GEOMETRIC_REPRESENTATION_ITEM() RATIONAL_B_SPLINE_CURVE((1.,
0.87812565415,0.87812565415,1.)) REPRESENTATION_ITEM('') );
#5765 = CARTESIAN_POINT('',(-2.099669086342,4.159811441463,
    0.653668991645));
#5766 = CARTESIAN_POINT('',(-2.138895681704,4.062904771887,
    0.491632898618));
#5767 = CARTESIAN_POINT('',(-2.264344032169,3.82693211565,0.381827923355
    ));
#5768 = CARTESIAN_POINT('',(-2.430147330786,3.538170512106,
    0.364401294449));
#5769 = ORIENTED_EDGE('',*,*,#4098,.T.);
#5770 = ORIENTED_EDGE('',*,*,#3695,.F.);
#5771 = ORIENTED_EDGE('',*,*,#5772,.F.);
#5772 = EDGE_CURVE('',#5746,#3688,#5773,.T.);
#5773 = LINE('',#5774,#5775);
#5774 = CARTESIAN_POINT('',(-2.555765557506,3.245411441463,
    -5.744027802037E-02));
#5775 = VECTOR('',#5776,1.);
#5776 = DIRECTION('',(0.497260947684,0.866025403784,5.226423163372E-02)
  );
#5777 = PLANE('',#5778);
#5778 = AXIS2_PLACEMENT_3D('',#5779,#5780,#5781);
#5779 = CARTESIAN_POINT('',(-2.113034234108,4.159811441463,
    0.780829878482));
#5780 = DIRECTION('',(0.861281226009,-0.5,9.052430460832E-02));
#5781 = DIRECTION('',(0.502061340088,0.864832013046,-9.426349865133E-18)
  );
#5782 = ADVANCED_FACE('',(#5783),#5826,.F.);
#5783 = FACE_BOUND('',#5784,.T.);
#5784 = EDGE_LOOP('',(#5785,#5786,#5787,#5788,#5796,#5804,#5812,#5820));
#5785 = ORIENTED_EDGE('',*,*,#5772,.T.);
#5786 = ORIENTED_EDGE('',*,*,#3687,.F.);
#5787 = ORIENTED_EDGE('',*,*,#5634,.F.);
#5788 = ORIENTED_EDGE('',*,*,#5789,.F.);
#5789 = EDGE_CURVE('',#5790,#5627,#5792,.T.);
#5790 = VERTEX_POINT('',#5791);
#5791 = CARTESIAN_POINT('',(-4.715955558415,2.925371441463,
    -0.284485396094));
#5792 = LINE('',#5793,#5794);
#5793 = CARTESIAN_POINT('',(-4.715955558415,4.159811441463,
    -0.284485396094));
#5794 = VECTOR('',#5795,1.);
#5795 = DIRECTION('',(2.541428511639E-17,-1.,-2.418007709408E-16));
#5796 = ORIENTED_EDGE('',*,*,#5797,.F.);
#5797 = EDGE_CURVE('',#5798,#5790,#5800,.T.);
#5798 = VERTEX_POINT('',#5799);
#5799 = CARTESIAN_POINT('',(-3.149782477589,2.925371441463,
    -0.11987397214));
#5800 = LINE('',#5801,#5802);
#5801 = CARTESIAN_POINT('',(-4.715955558415,2.925371441463,
    -0.284485396094));
#5802 = VECTOR('',#5803,1.);
#5803 = DIRECTION('',(-0.994521895368,-0.,-0.104528463268));
#5804 = ORIENTED_EDGE('',*,*,#5805,.F.);
#5805 = EDGE_CURVE('',#5806,#5798,#5808,.T.);
#5806 = VERTEX_POINT('',#5807);
#5807 = CARTESIAN_POINT('',(-3.149782477589,1.797611441463,
    -0.119873972141));
#5808 = LINE('',#5809,#5810);
#5809 = CARTESIAN_POINT('',(-3.149782477589,4.159811441463,
    -0.119873972141));
#5810 = VECTOR('',#5811,1.);
#5811 = DIRECTION('',(-2.541428511639E-17,1.,2.418007709408E-16));
#5812 = ORIENTED_EDGE('',*,*,#5813,.F.);
#5813 = EDGE_CURVE('',#5814,#5806,#5816,.T.);
#5814 = VERTEX_POINT('',#5815);
#5815 = CARTESIAN_POINT('',(-2.555765557506,1.797611441463,
    -5.74402780204E-02));
#5816 = LINE('',#5817,#5818);
#5817 = CARTESIAN_POINT('',(-4.715955558415,1.797611441463,
    -0.284485396094));
#5818 = VECTOR('',#5819,1.);
#5819 = DIRECTION('',(-0.994521895368,-0.,-0.104528463268));
#5820 = ORIENTED_EDGE('',*,*,#5821,.F.);
#5821 = EDGE_CURVE('',#5746,#5814,#5822,.T.);
#5822 = LINE('',#5823,#5824);
#5823 = CARTESIAN_POINT('',(-2.555765557506,4.159811441463,
    -5.74402780204E-02));
#5824 = VECTOR('',#5825,1.);
#5825 = DIRECTION('',(2.541428511639E-17,-1.,-2.418007709408E-16));
#5826 = PLANE('',#5827);
#5827 = AXIS2_PLACEMENT_3D('',#5828,#5829,#5830);
#5828 = CARTESIAN_POINT('',(-4.715955558415,4.159811441463,
    -0.284485396094));
#5829 = DIRECTION('',(-0.104528463268,-2.431326771858E-16,0.994521895368
    ));
#5830 = DIRECTION('',(0.994521895368,-7.647005980334E-33,0.104528463268)
  );
#5831 = ADVANCED_FACE('',(#5832),#5843,.F.);
#5832 = FACE_BOUND('',#5833,.F.);
#5833 = EDGE_LOOP('',(#5834,#5835,#5836,#5842));
#5834 = ORIENTED_EDGE('',*,*,#5675,.T.);
#5835 = ORIENTED_EDGE('',*,*,#5165,.F.);
#5836 = ORIENTED_EDGE('',*,*,#5837,.T.);
#5837 = EDGE_CURVE('',#5166,#5266,#5838,.T.);
#5838 = LINE('',#5839,#5840);
#5839 = CARTESIAN_POINT('',(-3.235936635843,3.522076255662,
    -1.448399815569));
#5840 = VECTOR('',#5841,1.);
#5841 = DIRECTION('',(-0.994521895368,2.431326771859E-16,0.104528463268)
  );
#5842 = ORIENTED_EDGE('',*,*,#5273,.T.);
#5843 = CYLINDRICAL_SURFACE('',#5844,0.635);
#5844 = AXIS2_PLACEMENT_3D('',#5845,#5846,#5847);
#5845 = CARTESIAN_POINT('',(-3.258638419236,2.925371441463,
    -1.664392856527));
#5846 = DIRECTION('',(0.994521895368,-2.431326771859E-16,-0.104528463268
    ));
#5847 = DIRECTION('',(-0.104528463268,5.584998035499E-32,-0.994521895368
    ));
#5848 = ADVANCED_FACE('',(#5849),#5860,.F.);
#5849 = FACE_BOUND('',#5850,.T.);
#5850 = EDGE_LOOP('',(#5851,#5852,#5853,#5854));
#5851 = ORIENTED_EDGE('',*,*,#5257,.T.);
#5852 = ORIENTED_EDGE('',*,*,#5690,.T.);
#5853 = ORIENTED_EDGE('',*,*,#5182,.T.);
#5854 = ORIENTED_EDGE('',*,*,#5855,.F.);
#5855 = EDGE_CURVE('',#5258,#5175,#5856,.T.);
#5856 = LINE('',#5857,#5858);
#5857 = CARTESIAN_POINT('',(-4.831786147296,3.625410190456,
    -1.566140768299));
#5858 = VECTOR('',#5859,1.);
#5859 = DIRECTION('',(0.994521895368,2.753879025871E-16,-0.104528463268)
  );
#5860 = PLANE('',#5861);
#5861 = AXIS2_PLACEMENT_3D('',#5862,#5863,#5864);
#5862 = CARTESIAN_POINT('',(-4.817257005925,4.007301271544,
    -1.427905222085));
#5863 = DIRECTION('',(9.822462559469E-02,-0.342020143326,0.934544886288)
  );
#5864 = DIRECTION('',(3.63520387939E-18,-0.93908605353,-0.343682097389)
  );
#5865 = ADVANCED_FACE('',(#5866),#5878,.F.);
#5866 = FACE_BOUND('',#5867,.F.);
#5867 = EDGE_LOOP('',(#5868,#5869,#5875,#5876,#5877));
#5868 = ORIENTED_EDGE('',*,*,#5609,.F.);
#5869 = ORIENTED_EDGE('',*,*,#5870,.T.);
#5870 = EDGE_CURVE('',#5610,#5756,#5871,.T.);
#5871 = LINE('',#5872,#5873);
#5872 = CARTESIAN_POINT('',(-2.430147330786,6.773017675865,
    0.364401294449));
#5873 = VECTOR('',#5874,1.);
#5874 = DIRECTION('',(2.731847993664E-16,1.,2.731847993664E-16));
#5875 = ORIENTED_EDGE('',*,*,#5763,.F.);
#5876 = ORIENTED_EDGE('',*,*,#4106,.F.);
#5877 = ORIENTED_EDGE('',*,*,#3729,.T.);
#5878 = CYLINDRICAL_SURFACE('',#5879,0.381);
#5879 = AXIS2_PLACEMENT_3D('',#5880,#5881,#5882);
#5880 = CARTESIAN_POINT('',(-2.469972675291,6.773017675865,
    0.743314136585));
#5881 = DIRECTION('',(-2.731847993664E-16,-1.,-2.731847993664E-16));
#5882 = DIRECTION('',(1.,-2.731847993664E-16,-7.462993460487E-32));
#5883 = ADVANCED_FACE('',(#5884),#5895,.T.);
#5884 = FACE_BOUND('',#5885,.T.);
#5885 = EDGE_LOOP('',(#5886,#5892,#5893,#5894));
#5886 = ORIENTED_EDGE('',*,*,#5887,.T.);
#5887 = EDGE_CURVE('',#5472,#5379,#5888,.T.);
#5888 = LINE('',#5889,#5890);
#5889 = CARTESIAN_POINT('',(-3.028874648967,-3.723404518232,
    1.784714136585));
#5890 = VECTOR('',#5891,1.);
#5891 = DIRECTION('',(-1.,-2.203103220697E-18,-2.612740496944E-16));
#5892 = ORIENTED_EDGE('',*,*,#5378,.F.);
#5893 = ORIENTED_EDGE('',*,*,#5722,.F.);
#5894 = ORIENTED_EDGE('',*,*,#5479,.F.);
#5895 = CYLINDRICAL_SURFACE('',#5896,0.6604);
#5896 = AXIS2_PLACEMENT_3D('',#5897,#5898,#5899);
#5897 = CARTESIAN_POINT('',(-3.028874648967,-3.063004518232,
    1.784714136585));
#5898 = DIRECTION('',(-1.,-2.203103220697E-18,-2.612740496944E-16));
#5899 = DIRECTION('',(-2.612740496944E-16,-5.756137003663E-34,1.));
#5900 = ADVANCED_FACE('',(#5901),#5919,.F.);
#5901 = FACE_BOUND('',#5902,.T.);
#5902 = EDGE_LOOP('',(#5903,#5904,#5905,#5913));
#5903 = ORIENTED_EDGE('',*,*,#5745,.F.);
#5904 = ORIENTED_EDGE('',*,*,#5821,.T.);
#5905 = ORIENTED_EDGE('',*,*,#5906,.F.);
#5906 = EDGE_CURVE('',#5907,#5814,#5909,.T.);
#5907 = VERTEX_POINT('',#5908);
#5908 = CARTESIAN_POINT('',(-2.598245924978,1.797611441463,
    0.346733420257));
#5909 = LINE('',#5910,#5911);
#5910 = CARTESIAN_POINT('',(-2.555765557506,1.797611441463,
    -5.744027802033E-02));
#5911 = VECTOR('',#5912,1.);
#5912 = DIRECTION('',(0.104528463268,0.,-0.994521895368));
#5913 = ORIENTED_EDGE('',*,*,#5914,.F.);
#5914 = EDGE_CURVE('',#5748,#5907,#5915,.T.);
#5915 = LINE('',#5916,#5917);
#5916 = CARTESIAN_POINT('',(-2.598245924978,1.797611441463,
    0.346733420257));
#5917 = VECTOR('',#5918,1.);
#5918 = DIRECTION('',(6.657331397378E-17,-1.,6.997137254315E-18));
#5919 = PLANE('',#5920);
#5920 = AXIS2_PLACEMENT_3D('',#5921,#5922,#5923);
#5921 = CARTESIAN_POINT('',(-2.555765557506,1.797611441463,
    -5.744027802033E-02));
#5922 = DIRECTION('',(0.994521895368,6.694001839861E-17,0.104528463268)
  );
#5923 = DIRECTION('',(0.104528463268,2.896379171913E-34,-0.994521895368)
  );
#5924 = ADVANCED_FACE('',(#5925),#5977,.T.);
#5925 = FACE_BOUND('',#5926,.T.);
#5926 = EDGE_LOOP('',(#5927,#5935,#5944,#5952,#5960,#5968,#5975,#5976));
#5927 = ORIENTED_EDGE('',*,*,#5928,.T.);
#5928 = EDGE_CURVE('',#5619,#5929,#5931,.T.);
#5929 = VERTEX_POINT('',#5930);
#5930 = CARTESIAN_POINT('',(-4.758435925887,2.925371441463,
    0.119688302183));
#5931 = LINE('',#5932,#5933);
#5932 = CARTESIAN_POINT('',(-4.758435925887,4.159811441463,
    0.119688302183));
#5933 = VECTOR('',#5934,1.);
#5934 = DIRECTION('',(2.985990844828E-16,1.,3.13840284256E-17));
#5935 = ORIENTED_EDGE('',*,*,#5936,.F.);
#5936 = EDGE_CURVE('',#5937,#5929,#5939,.T.);
#5937 = VERTEX_POINT('',#5938);
#5938 = CARTESIAN_POINT('',(-4.802109716669,3.522076255662,
    0.535216664784));
#5939 = CIRCLE('',#5940,0.635);
#5940 = AXIS2_PLACEMENT_3D('',#5941,#5942,#5943);
#5941 = CARTESIAN_POINT('',(-4.824811500062,2.925371441463,
    0.751209705742));
#5942 = DIRECTION('',(-0.994521895368,3.002438517176E-16,-0.104528463268
    ));
#5943 = DIRECTION('',(-0.104528463268,8.626334556601E-33,0.994521895368)
  );
#5944 = ORIENTED_EDGE('',*,*,#5945,.T.);
#5945 = EDGE_CURVE('',#5937,#5946,#5948,.T.);
#5946 = VERTEX_POINT('',#5947);
#5947 = CARTESIAN_POINT('',(-4.831786147296,3.625410190456,
    0.817569041468));
#5948 = LINE('',#5949,#5950);
#5949 = CARTESIAN_POINT('',(-4.802109716669,3.522076255662,
    0.535216664784));
#5950 = VECTOR('',#5951,1.);
#5951 = DIRECTION('',(-9.822462559469E-02,0.342020143326,0.934544886288)
  );
#5952 = ORIENTED_EDGE('',*,*,#5953,.T.);
#5953 = EDGE_CURVE('',#5946,#5954,#5956,.T.);
#5954 = VERTEX_POINT('',#5955);
#5955 = CARTESIAN_POINT('',(-4.817257005925,4.007301271544,
    0.679333495254));
#5956 = LINE('',#5957,#5958);
#5957 = CARTESIAN_POINT('',(-4.831786147296,3.625410190456,
    0.817569041468));
#5958 = VECTOR('',#5959,1.);
#5959 = DIRECTION('',(3.575083998841E-02,0.939692620786,-0.340146521194)
  );
#5960 = ORIENTED_EDGE('',*,*,#5961,.T.);
#5961 = EDGE_CURVE('',#5954,#5962,#5964,.T.);
#5962 = VERTEX_POINT('',#5963);
#5963 = CARTESIAN_POINT('',(-4.787580575298,3.90396733675,0.39698111857)
  );
#5964 = LINE('',#5965,#5966);
#5965 = CARTESIAN_POINT('',(-4.817257005925,4.007301271544,
    0.679333495254));
#5966 = VECTOR('',#5967,1.);
#5967 = DIRECTION('',(9.822462559469E-02,-0.342020143326,-0.934544886288
    ));
#5968 = ORIENTED_EDGE('',*,*,#5969,.F.);
#5969 = EDGE_CURVE('',#5790,#5962,#5970,.T.);
#5970 = CIRCLE('',#5971,1.0414);
#5971 = AXIS2_PLACEMENT_3D('',#5972,#5973,#5974);
#5972 = CARTESIAN_POINT('',(-4.824811500062,2.925371441463,
    0.751209705742));
#5973 = DIRECTION('',(0.994521895368,-3.002438517176E-16,0.104528463268)
  );
#5974 = DIRECTION('',(-0.104528463268,3.327823784476E-32,0.994521895368)
  );
#5975 = ORIENTED_EDGE('',*,*,#5789,.T.);
#5976 = ORIENTED_EDGE('',*,*,#5626,.T.);
#5977 = PLANE('',#5978);
#5978 = AXIS2_PLACEMENT_3D('',#5979,#5980,#5981);
#5979 = CARTESIAN_POINT('',(-4.758435925887,4.159811441463,
    0.119688302183));
#5980 = DIRECTION('',(-0.994521895368,3.002438517176E-16,-0.104528463268
    ));
#5981 = DIRECTION('',(-0.104528463268,-5.709139545712E-34,0.994521895368
    ));
#5982 = ADVANCED_FACE('',(#5983),#6002,.T.);
#5983 = FACE_BOUND('',#5984,.T.);
#5984 = EDGE_LOOP('',(#5985,#5993,#6000,#6001));
#5985 = ORIENTED_EDGE('',*,*,#5986,.T.);
#5986 = EDGE_CURVE('',#5962,#5987,#5989,.T.);
#5987 = VERTEX_POINT('',#5988);
#5988 = CARTESIAN_POINT('',(-3.221407494472,3.90396733675,0.561592542524
    ));
#5989 = LINE('',#5990,#5991);
#5990 = CARTESIAN_POINT('',(-4.787580575298,3.90396733675,0.39698111857)
  );
#5991 = VECTOR('',#5992,1.);
#5992 = DIRECTION('',(0.994521895368,-3.002438517176E-16,0.104528463268)
  );
#5993 = ORIENTED_EDGE('',*,*,#5994,.T.);
#5994 = EDGE_CURVE('',#5987,#5798,#5995,.T.);
#5995 = CIRCLE('',#5996,1.0414);
#5996 = AXIS2_PLACEMENT_3D('',#5997,#5998,#5999);
#5997 = CARTESIAN_POINT('',(-3.258638419236,2.925371441463,
    0.915821129696));
#5998 = DIRECTION('',(-0.994521895368,3.002438517176E-16,-0.104528463268
    ));
#5999 = DIRECTION('',(-0.104528463268,3.327823784476E-32,0.994521895368)
  );
#6000 = ORIENTED_EDGE('',*,*,#5797,.T.);
#6001 = ORIENTED_EDGE('',*,*,#5969,.T.);
#6002 = CYLINDRICAL_SURFACE('',#6003,1.0414);
#6003 = AXIS2_PLACEMENT_3D('',#6004,#6005,#6006);
#6004 = CARTESIAN_POINT('',(-4.824811500062,2.925371441463,
    0.751209705742));
#6005 = DIRECTION('',(-0.994521895368,3.002438517176E-16,-0.104528463268
    ));
#6006 = DIRECTION('',(-0.104528463268,3.327823784476E-32,0.994521895368)
  );
#6007 = ADVANCED_FACE('',(#6008),#6059,.F.);
#6008 = FACE_BOUND('',#6009,.T.);
#6009 = EDGE_LOOP('',(#6010,#6011,#6012,#6020,#6028,#6036,#6045,#6053));
#6010 = ORIENTED_EDGE('',*,*,#5805,.T.);
#6011 = ORIENTED_EDGE('',*,*,#5994,.F.);
#6012 = ORIENTED_EDGE('',*,*,#6013,.T.);
#6013 = EDGE_CURVE('',#5987,#6014,#6016,.T.);
#6014 = VERTEX_POINT('',#6015);
#6015 = CARTESIAN_POINT('',(-3.251083925099,4.007301271544,
    0.843944919208));
#6016 = LINE('',#6017,#6018);
#6017 = CARTESIAN_POINT('',(-3.221407494472,3.90396733675,0.561592542524
    ));
#6018 = VECTOR('',#6019,1.);
#6019 = DIRECTION('',(-9.822462559471E-02,0.342020143326,0.934544886288)
  );
#6020 = ORIENTED_EDGE('',*,*,#6021,.T.);
#6021 = EDGE_CURVE('',#6014,#6022,#6024,.T.);
#6022 = VERTEX_POINT('',#6023);
#6023 = CARTESIAN_POINT('',(-3.26561306647,3.625410190456,0.982180465421
    ));
#6024 = LINE('',#6025,#6026);
#6025 = CARTESIAN_POINT('',(-3.251083925099,4.007301271544,
    0.843944919208));
#6026 = VECTOR('',#6027,1.);
#6027 = DIRECTION('',(-3.575083998841E-02,-0.939692620786,0.340146521194
    ));
#6028 = ORIENTED_EDGE('',*,*,#6029,.T.);
#6029 = EDGE_CURVE('',#6022,#6030,#6032,.T.);
#6030 = VERTEX_POINT('',#6031);
#6031 = CARTESIAN_POINT('',(-3.235936635843,3.522076255662,
    0.699828088738));
#6032 = LINE('',#6033,#6034);
#6033 = CARTESIAN_POINT('',(-3.26561306647,3.625410190456,0.982180465421
    ));
#6034 = VECTOR('',#6035,1.);
#6035 = DIRECTION('',(9.822462559469E-02,-0.342020143326,-0.934544886288
    ));
#6036 = ORIENTED_EDGE('',*,*,#6037,.T.);
#6037 = EDGE_CURVE('',#6030,#6038,#6040,.T.);
#6038 = VERTEX_POINT('',#6039);
#6039 = CARTESIAN_POINT('',(-3.192262845061,2.925371441463,
    0.284299726137));
#6040 = CIRCLE('',#6041,0.635);
#6041 = AXIS2_PLACEMENT_3D('',#6042,#6043,#6044);
#6042 = CARTESIAN_POINT('',(-3.258638419236,2.925371441463,
    0.915821129696));
#6043 = DIRECTION('',(-0.994521895368,3.002438517176E-16,-0.104528463268
    ));
#6044 = DIRECTION('',(-0.104528463268,8.626334556601E-33,0.994521895368)
  );
#6045 = ORIENTED_EDGE('',*,*,#6046,.F.);
#6046 = EDGE_CURVE('',#6047,#6038,#6049,.T.);
#6047 = VERTEX_POINT('',#6048);
#6048 = CARTESIAN_POINT('',(-3.192262845061,1.797611441463,
    0.284299726137));
#6049 = LINE('',#6050,#6051);
#6050 = CARTESIAN_POINT('',(-3.192262845061,2.925371441463,
    0.284299726137));
#6051 = VECTOR('',#6052,1.);
#6052 = DIRECTION('',(2.985990844828E-16,1.,3.138402842559E-17));
#6053 = ORIENTED_EDGE('',*,*,#6054,.F.);
#6054 = EDGE_CURVE('',#5806,#6047,#6055,.T.);
#6055 = LINE('',#6056,#6057);
#6056 = CARTESIAN_POINT('',(-3.192262845061,1.797611441463,
    0.284299726137));
#6057 = VECTOR('',#6058,1.);
#6058 = DIRECTION('',(-0.104528463268,0.,0.994521895368));
#6059 = PLANE('',#6060);
#6060 = AXIS2_PLACEMENT_3D('',#6061,#6062,#6063);
#6061 = CARTESIAN_POINT('',(-3.192262845061,2.925371441463,
    0.284299726137));
#6062 = DIRECTION('',(-0.994521895368,3.002438517176E-16,-0.104528463268
    ));
#6063 = DIRECTION('',(-0.104528463268,-1.306038373972E-33,0.994521895368
    ));
#6064 = ADVANCED_FACE('',(#6065),#6076,.F.);
#6065 = FACE_BOUND('',#6066,.T.);
#6066 = EDGE_LOOP('',(#6067,#6073,#6074,#6075));
#6067 = ORIENTED_EDGE('',*,*,#6068,.F.);
#6068 = EDGE_CURVE('',#5907,#6047,#6069,.T.);
#6069 = LINE('',#6070,#6071);
#6070 = CARTESIAN_POINT('',(-2.598245924978,1.797611441463,
    0.346733420257));
#6071 = VECTOR('',#6072,1.);
#6072 = DIRECTION('',(-0.994521895368,3.630411064361E-16,-0.104528463268
    ));
#6073 = ORIENTED_EDGE('',*,*,#5906,.T.);
#6074 = ORIENTED_EDGE('',*,*,#5813,.T.);
#6075 = ORIENTED_EDGE('',*,*,#6054,.T.);
#6076 = PLANE('',#6077);
#6077 = AXIS2_PLACEMENT_3D('',#6078,#6079,#6080);
#6078 = CARTESIAN_POINT('',(-4.83856636284,1.797611441463,
    -0.297372310929));
#6079 = DIRECTION('',(-2.731847993664E-16,-1.,-2.731847993664E-16));
#6080 = DIRECTION('',(1.,-2.731847993664E-16,-2.336615124271E-48));
#6081 = ADVANCED_FACE('',(#6082),#6088,.T.);
#6082 = FACE_BOUND('',#6083,.T.);
#6083 = EDGE_LOOP('',(#6084,#6085,#6086,#6087));
#6084 = ORIENTED_EDGE('',*,*,#5265,.T.);
#6085 = ORIENTED_EDGE('',*,*,#5855,.T.);
#6086 = ORIENTED_EDGE('',*,*,#5174,.T.);
#6087 = ORIENTED_EDGE('',*,*,#5837,.T.);
#6088 = PLANE('',#6089);
#6089 = AXIS2_PLACEMENT_3D('',#6090,#6091,#6092);
#6090 = CARTESIAN_POINT('',(-6.123539556691,2.354472331433,
    2.080735268208));
#6091 = DIRECTION('',(-3.575083998841E-02,-0.939692620786,
    -0.340146521194));
#6092 = DIRECTION('',(1.023699187718E-18,0.340364104261,-0.940293718223)
  );
#6093 = ADVANCED_FACE('',(#6094),#6109,.T.);
#6094 = FACE_BOUND('',#6095,.T.);
#6095 = EDGE_LOOP('',(#6096,#6097,#6098,#6099,#6100,#6101,#6102,#6103));
#6096 = ORIENTED_EDGE('',*,*,#5928,.F.);
#6097 = ORIENTED_EDGE('',*,*,#5618,.T.);
#6098 = ORIENTED_EDGE('',*,*,#5870,.T.);
#6099 = ORIENTED_EDGE('',*,*,#5755,.T.);
#6100 = ORIENTED_EDGE('',*,*,#5914,.T.);
#6101 = ORIENTED_EDGE('',*,*,#6068,.T.);
#6102 = ORIENTED_EDGE('',*,*,#6046,.T.);
#6103 = ORIENTED_EDGE('',*,*,#6104,.T.);
#6104 = EDGE_CURVE('',#6038,#5929,#6105,.T.);
#6105 = LINE('',#6106,#6107);
#6106 = CARTESIAN_POINT('',(-4.758435925887,2.925371441463,
    0.119688302183));
#6107 = VECTOR('',#6108,1.);
#6108 = DIRECTION('',(-0.994521895368,-0.,-0.104528463268));
#6109 = PLANE('',#6110);
#6110 = AXIS2_PLACEMENT_3D('',#6111,#6112,#6113);
#6111 = CARTESIAN_POINT('',(-4.758435925887,4.159811441463,
    0.119688302183));
#6112 = DIRECTION('',(-0.104528463268,-2.431326771858E-16,0.994521895368
    ));
#6113 = DIRECTION('',(0.994521895368,-7.647005980334E-33,0.104528463268)
  );
#6114 = ADVANCED_FACE('',(#6115),#6142,.T.);
#6115 = FACE_BOUND('',#6116,.T.);
#6116 = EDGE_LOOP('',(#6117,#6127,#6133,#6134,#6135,#6136));
#6117 = ORIENTED_EDGE('',*,*,#6118,.T.);
#6118 = EDGE_CURVE('',#6119,#6121,#6123,.T.);
#6119 = VERTEX_POINT('',#6120);
#6120 = CARTESIAN_POINT('',(-4.400372675291,-3.723404518232,
    4.003730096279));
#6121 = VERTEX_POINT('',#6122);
#6122 = CARTESIAN_POINT('',(-5.213172675291,-3.723404518232,
    4.003730096279));
#6123 = LINE('',#6124,#6125);
#6124 = CARTESIAN_POINT('',(-5.594172675291,-3.723404518232,
    4.003730096279));
#6125 = VECTOR('',#6126,1.);
#6126 = DIRECTION('',(-1.,-2.203103220696E-18,7.090239471276E-33));
#6127 = ORIENTED_EDGE('',*,*,#6128,.T.);
#6128 = EDGE_CURVE('',#6121,#5388,#6129,.T.);
#6129 = LINE('',#6130,#6131);
#6130 = CARTESIAN_POINT('',(-5.213172675291,-3.723404518232,
    4.003730096279));
#6131 = VECTOR('',#6132,1.);
#6132 = DIRECTION('',(-0.707106781187,-1.609756867909E-15,
    -0.707106781187));
#6133 = ORIENTED_EDGE('',*,*,#5387,.T.);
#6134 = ORIENTED_EDGE('',*,*,#5887,.F.);
#6135 = ORIENTED_EDGE('',*,*,#5471,.T.);
#6136 = ORIENTED_EDGE('',*,*,#6137,.T.);
#6137 = EDGE_CURVE('',#5464,#6119,#6138,.T.);
#6138 = LINE('',#6139,#6140);
#6139 = CARTESIAN_POINT('',(-4.019372675291,-3.723404518232,
    3.622730096279));
#6140 = VECTOR('',#6141,1.);
#6141 = DIRECTION('',(-0.707106781187,1.609756867909E-15,0.707106781187)
  );
#6142 = PLANE('',#6143);
#6143 = AXIS2_PLACEMENT_3D('',#6144,#6145,#6146);
#6144 = CARTESIAN_POINT('',(-5.594172675291,-3.723404518232,
    -6.156269903721));
#6145 = DIRECTION('',(2.203103220696E-18,-1.,3.218296539477E-15));
#6146 = DIRECTION('',(0.,-3.218296539477E-15,-1.));
#6147 = ADVANCED_FACE('',(#6148),#6159,.F.);
#6148 = FACE_BOUND('',#6149,.T.);
#6149 = EDGE_LOOP('',(#6150,#6151,#6157,#6158));
#6150 = ORIENTED_EDGE('',*,*,#5961,.F.);
#6151 = ORIENTED_EDGE('',*,*,#6152,.F.);
#6152 = EDGE_CURVE('',#6014,#5954,#6153,.T.);
#6153 = LINE('',#6154,#6155);
#6154 = CARTESIAN_POINT('',(-3.251083925099,4.007301271544,
    0.843944919208));
#6155 = VECTOR('',#6156,1.);
#6156 = DIRECTION('',(-0.994521895368,5.507758051742E-16,-0.104528463268
    ));
#6157 = ORIENTED_EDGE('',*,*,#6013,.F.);
#6158 = ORIENTED_EDGE('',*,*,#5986,.F.);
#6159 = PLANE('',#6160);
#6160 = AXIS2_PLACEMENT_3D('',#6161,#6162,#6163);
#6161 = CARTESIAN_POINT('',(-6.109010415319,2.736363412521,
    -2.967542541252));
#6162 = DIRECTION('',(-3.575083998841E-02,-0.939692620786,0.340146521194
    ));
#6163 = DIRECTION('',(-3.560659670702E-18,-0.340364104261,
    -0.940293718223));
#6164 = ADVANCED_FACE('',(#6165),#6176,.F.);
#6165 = FACE_BOUND('',#6166,.F.);
#6166 = EDGE_LOOP('',(#6167,#6168,#6169,#6175));
#6167 = ORIENTED_EDGE('',*,*,#6104,.T.);
#6168 = ORIENTED_EDGE('',*,*,#5936,.F.);
#6169 = ORIENTED_EDGE('',*,*,#6170,.T.);
#6170 = EDGE_CURVE('',#5937,#6030,#6171,.T.);
#6171 = LINE('',#6172,#6173);
#6172 = CARTESIAN_POINT('',(-4.802109716669,3.522076255662,
    0.535216664784));
#6173 = VECTOR('',#6174,1.);
#6174 = DIRECTION('',(0.994521895368,-3.002438517176E-16,0.104528463268)
  );
#6175 = ORIENTED_EDGE('',*,*,#6037,.T.);
#6176 = CYLINDRICAL_SURFACE('',#6177,0.635);
#6177 = AXIS2_PLACEMENT_3D('',#6178,#6179,#6180);
#6178 = CARTESIAN_POINT('',(-4.824811500062,2.925371441463,
    0.751209705742));
#6179 = DIRECTION('',(-0.994521895368,3.002438517176E-16,-0.104528463268
    ));
#6180 = DIRECTION('',(-0.104528463268,8.626334556601E-33,0.994521895368)
  );
#6181 = ADVANCED_FACE('',(#6182),#6200,.T.);
#6182 = FACE_BOUND('',#6183,.T.);
#6183 = EDGE_LOOP('',(#6184,#6185,#6193,#6199));
#6184 = ORIENTED_EDGE('',*,*,#6128,.F.);
#6185 = ORIENTED_EDGE('',*,*,#6186,.T.);
#6186 = EDGE_CURVE('',#6121,#6187,#6189,.T.);
#6187 = VERTEX_POINT('',#6188);
#6188 = CARTESIAN_POINT('',(-5.213172675291,-3.317004518232,
    4.003730096279));
#6189 = LINE('',#6190,#6191);
#6190 = CARTESIAN_POINT('',(-5.213172675291,-4.104404518232,
    4.003730096279));
#6191 = VECTOR('',#6192,1.);
#6192 = DIRECTION('',(8.752264612906E-15,1.,-8.752264612906E-15));
#6193 = ORIENTED_EDGE('',*,*,#6194,.T.);
#6194 = EDGE_CURVE('',#6187,#5396,#6195,.T.);
#6195 = LINE('',#6196,#6197);
#6196 = CARTESIAN_POINT('',(-5.213172675291,-3.317004518232,
    4.003730096279));
#6197 = VECTOR('',#6198,1.);
#6198 = DIRECTION('',(-0.707106781187,-1.609756867909E-15,
    -0.707106781187));
#6199 = ORIENTED_EDGE('',*,*,#5395,.T.);
#6200 = PLANE('',#6201);
#6201 = AXIS2_PLACEMENT_3D('',#6202,#6203,#6204);
#6202 = CARTESIAN_POINT('',(-5.213172675291,-4.104404518232,
    4.003730096279));
#6203 = DIRECTION('',(-0.707106781187,1.237757131705E-14,0.707106781187)
  );
#6204 = DIRECTION('',(0.707106781187,-2.315668613343E-31,0.707106781187)
  );
#6205 = ADVANCED_FACE('',(#6206),#6224,.T.);
#6206 = FACE_BOUND('',#6207,.T.);
#6207 = EDGE_LOOP('',(#6208,#6209,#6217,#6223));
#6208 = ORIENTED_EDGE('',*,*,#6118,.F.);
#6209 = ORIENTED_EDGE('',*,*,#6210,.T.);
#6210 = EDGE_CURVE('',#6119,#6211,#6213,.T.);
#6211 = VERTEX_POINT('',#6212);
#6212 = CARTESIAN_POINT('',(-4.400372675291,-3.317004518232,
    4.003730096279));
#6213 = LINE('',#6214,#6215);
#6214 = CARTESIAN_POINT('',(-4.400372675291,-4.104404518232,
    4.003730096279));
#6215 = VECTOR('',#6216,1.);
#6216 = DIRECTION('',(-0.,1.,-3.218296539477E-15));
#6217 = ORIENTED_EDGE('',*,*,#6218,.T.);
#6218 = EDGE_CURVE('',#6211,#6187,#6219,.T.);
#6219 = LINE('',#6220,#6221);
#6220 = CARTESIAN_POINT('',(-5.594172675291,-3.317004518232,
    4.003730096279));
#6221 = VECTOR('',#6222,1.);
#6222 = DIRECTION('',(-1.,-2.203103220696E-18,7.090239471276E-33));
#6223 = ORIENTED_EDGE('',*,*,#6186,.F.);
#6224 = PLANE('',#6225);
#6225 = AXIS2_PLACEMENT_3D('',#6226,#6227,#6228);
#6226 = CARTESIAN_POINT('',(-5.975172675291,-4.104404518232,
    4.003730096279));
#6227 = DIRECTION('',(-5.366619522816E-16,3.218296539477E-15,1.));
#6228 = DIRECTION('',(9.448860413769E-47,-1.,3.218296539477E-15));
#6229 = ADVANCED_FACE('',(#6230),#6241,.T.);
#6230 = FACE_BOUND('',#6231,.T.);
#6231 = EDGE_LOOP('',(#6232,#6233,#6234,#6240));
#6232 = ORIENTED_EDGE('',*,*,#6137,.F.);
#6233 = ORIENTED_EDGE('',*,*,#5463,.T.);
#6234 = ORIENTED_EDGE('',*,*,#6235,.T.);
#6235 = EDGE_CURVE('',#5456,#6211,#6236,.T.);
#6236 = LINE('',#6237,#6238);
#6237 = CARTESIAN_POINT('',(-4.019372675291,-3.317004518232,
    3.622730096279));
#6238 = VECTOR('',#6239,1.);
#6239 = DIRECTION('',(-0.707106781187,1.609756867909E-15,0.707106781187)
  );
#6240 = ORIENTED_EDGE('',*,*,#6210,.F.);
#6241 = PLANE('',#6242);
#6242 = AXIS2_PLACEMENT_3D('',#6243,#6244,#6245);
#6243 = CARTESIAN_POINT('',(-4.019372675291,-3.317004518232,
    3.622730096279));
#6244 = DIRECTION('',(0.707106781187,-7.826212703184E-15,0.707106781187)
  );
#6245 = DIRECTION('',(0.707106781187,5.326881140491E-31,-0.707106781187)
  );
#6246 = ADVANCED_FACE('',(#6247),#6258,.T.);
#6247 = FACE_BOUND('',#6248,.T.);
#6248 = EDGE_LOOP('',(#6249,#6250,#6251,#6257));
#6249 = ORIENTED_EDGE('',*,*,#6152,.T.);
#6250 = ORIENTED_EDGE('',*,*,#5953,.F.);
#6251 = ORIENTED_EDGE('',*,*,#6252,.T.);
#6252 = EDGE_CURVE('',#5946,#6022,#6253,.T.);
#6253 = LINE('',#6254,#6255);
#6254 = CARTESIAN_POINT('',(-4.831786147296,3.625410190456,
    0.817569041468));
#6255 = VECTOR('',#6256,1.);
#6256 = DIRECTION('',(0.994521895368,2.753879025871E-16,0.104528463268)
  );
#6257 = ORIENTED_EDGE('',*,*,#6021,.F.);
#6258 = PLANE('',#6259);
#6259 = AXIS2_PLACEMENT_3D('',#6260,#6261,#6262);
#6260 = CARTESIAN_POINT('',(-4.817257005925,4.007301271544,
    0.679333495254));
#6261 = DIRECTION('',(-9.822462559469E-02,0.342020143326,0.934544886288)
  );
#6262 = DIRECTION('',(-6.852544181351E-18,-0.93908605353,0.343682097389)
  );
#6263 = ADVANCED_FACE('',(#6264),#6270,.T.);
#6264 = FACE_BOUND('',#6265,.T.);
#6265 = EDGE_LOOP('',(#6266,#6267,#6268,#6269));
#6266 = ORIENTED_EDGE('',*,*,#6029,.F.);
#6267 = ORIENTED_EDGE('',*,*,#6252,.F.);
#6268 = ORIENTED_EDGE('',*,*,#5945,.F.);
#6269 = ORIENTED_EDGE('',*,*,#6170,.T.);
#6270 = PLANE('',#6271);
#6271 = AXIS2_PLACEMENT_3D('',#6272,#6273,#6274);
#6272 = CARTESIAN_POINT('',(-6.123539556691,2.354472331433,
    -2.829306995039));
#6273 = DIRECTION('',(-3.575083998841E-02,-0.939692620786,0.340146521194
    ));
#6274 = DIRECTION('',(-3.560659670702E-18,-0.340364104261,
    -0.940293718223));
#6275 = ADVANCED_FACE('',(#6276),#6284,.F.);
#6276 = FACE_BOUND('',#6277,.T.);
#6277 = EDGE_LOOP('',(#6278,#6279,#6280,#6281,#6282,#6283));
#6278 = ORIENTED_EDGE('',*,*,#5403,.T.);
#6279 = ORIENTED_EDGE('',*,*,#6194,.F.);
#6280 = ORIENTED_EDGE('',*,*,#6218,.F.);
#6281 = ORIENTED_EDGE('',*,*,#6235,.F.);
#6282 = ORIENTED_EDGE('',*,*,#5455,.T.);
#6283 = ORIENTED_EDGE('',*,*,#5438,.F.);
#6284 = PLANE('',#6285);
#6285 = AXIS2_PLACEMENT_3D('',#6286,#6287,#6288);
#6286 = CARTESIAN_POINT('',(-5.594172675291,-3.317004518232,
    -6.156269903721));
#6287 = DIRECTION('',(2.203103220696E-18,-1.,3.218296539477E-15));
#6288 = DIRECTION('',(0.,-3.218296539477E-15,-1.));
#6289 = MANIFOLD_SOLID_BREP('',#6290);
#6290 = CLOSED_SHELL('',(#6291,#6333,#6430,#6495,#6528,#6655,#6689,#6746
    ,#6771,#6795,#6819,#6843,#6901,#6918,#6977,#6994,#7028,#7045,#7086,
    #7103,#7120,#7138,#7187,#7267,#7374,#7407,#7438,#7496,#7521,#7571,
    #7588,#7653,#7677,#7701,#7725,#7743,#7801,#7827,#7885,#7902,#7919,
    #7950,#7974,#7998,#8022,#8046,#8070,#8094,#8118,#8142,#8166,#8183,
    #8207,#8231,#8248,#8269,#8286,#8316,#8357,#8406,#8439,#8458,#8472,
    #8489,#8506,#8523,#8541,#8599,#8624,#8681,#8705,#8722,#8746,#8770,
    #8787,#8799,#8820,#8837,#8851,#8868,#8885));
#6291 = ADVANCED_FACE('',(#6292),#6328,.F.);
#6292 = FACE_BOUND('',#6293,.F.);
#6293 = EDGE_LOOP('',(#6294,#6304,#6313,#6321));
#6294 = ORIENTED_EDGE('',*,*,#6295,.T.);
#6295 = EDGE_CURVE('',#6296,#6298,#6300,.T.);
#6296 = VERTEX_POINT('',#6297);
#6297 = CARTESIAN_POINT('',(4.997627324709,-0.361388558537,
    -2.279285863415));
#6298 = VERTEX_POINT('',#6299);
#6299 = CARTESIAN_POINT('',(4.997627324709,-0.361388558537,
    -1.872885863415));
#6300 = LINE('',#6301,#6302);
#6301 = CARTESIAN_POINT('',(4.997627324709,-0.361388558537,
    -2.279285863415));
#6302 = VECTOR('',#6303,1.);
#6303 = DIRECTION('',(1.402716173986E-14,-2.731847993664E-16,1.));
#6304 = ORIENTED_EDGE('',*,*,#6305,.T.);
#6305 = EDGE_CURVE('',#6298,#6306,#6308,.T.);
#6306 = VERTEX_POINT('',#6307);
#6307 = CARTESIAN_POINT('',(5.404027324709,-0.767788558537,
    -1.872885863415));
#6308 = CIRCLE('',#6309,0.4064);
#6309 = AXIS2_PLACEMENT_3D('',#6310,#6311,#6312);
#6310 = CARTESIAN_POINT('',(4.997627324709,-0.767788558537,
    -1.872885863415));
#6311 = DIRECTION('',(-1.402716173986E-14,2.731847993664E-16,-1.));
#6312 = DIRECTION('',(1.,-8.003460918938E-16,-1.402716173986E-14));
#6313 = ORIENTED_EDGE('',*,*,#6314,.F.);
#6314 = EDGE_CURVE('',#6315,#6306,#6317,.T.);
#6315 = VERTEX_POINT('',#6316);
#6316 = CARTESIAN_POINT('',(5.404027324709,-0.767788558537,
    -2.279285863415));
#6317 = LINE('',#6318,#6319);
#6318 = CARTESIAN_POINT('',(5.404027324709,-0.767788558537,
    -2.279285863415));
#6319 = VECTOR('',#6320,1.);
#6320 = DIRECTION('',(1.402716173986E-14,-2.731847993664E-16,1.));
#6321 = ORIENTED_EDGE('',*,*,#6322,.F.);
#6322 = EDGE_CURVE('',#6296,#6315,#6323,.T.);
#6323 = CIRCLE('',#6324,0.4064);
#6324 = AXIS2_PLACEMENT_3D('',#6325,#6326,#6327);
#6325 = CARTESIAN_POINT('',(4.997627324709,-0.767788558537,
    -2.279285863415));
#6326 = DIRECTION('',(-1.402716173986E-14,2.731847993664E-16,-1.));
#6327 = DIRECTION('',(1.,4.220599893091E-32,-1.402716173986E-14));
#6328 = CYLINDRICAL_SURFACE('',#6329,0.4064);
#6329 = AXIS2_PLACEMENT_3D('',#6330,#6331,#6332);
#6330 = CARTESIAN_POINT('',(4.997627324709,-0.767788558537,
    -2.279285863415));
#6331 = DIRECTION('',(1.402716173986E-14,-2.731847993664E-16,1.));
#6332 = DIRECTION('',(1.,4.220599893091E-32,-1.402716173986E-14));
#6333 = ADVANCED_FACE('',(#6334),#6425,.T.);
#6334 = FACE_BOUND('',#6335,.T.);
#6335 = EDGE_LOOP('',(#6336,#6346,#6354,#6362,#6370,#6378,#6386,#6394,
    #6403,#6411,#6419));
#6336 = ORIENTED_EDGE('',*,*,#6337,.T.);
#6337 = EDGE_CURVE('',#6338,#6340,#6342,.T.);
#6338 = VERTEX_POINT('',#6339);
#6339 = CARTESIAN_POINT('',(5.785027324709,4.159811441463,1.124314136585
    ));
#6340 = VERTEX_POINT('',#6341);
#6341 = CARTESIAN_POINT('',(5.785027324709,-2.190188558537,
    1.124314136585));
#6342 = LINE('',#6343,#6344);
#6343 = CARTESIAN_POINT('',(5.785027324709,4.159811441463,1.124314136585
    ));
#6344 = VECTOR('',#6345,1.);
#6345 = DIRECTION('',(-0.,-1.,-2.731847993664E-16));
#6346 = ORIENTED_EDGE('',*,*,#6347,.T.);
#6347 = EDGE_CURVE('',#6340,#6348,#6350,.T.);
#6348 = VERTEX_POINT('',#6349);
#6349 = CARTESIAN_POINT('',(5.785027324709,-3.063004518232,
    1.124314136585));
#6350 = LINE('',#6351,#6352);
#6351 = CARTESIAN_POINT('',(5.785027324709,4.159811441463,1.124314136585
    ));
#6352 = VECTOR('',#6353,1.);
#6353 = DIRECTION('',(-0.,-1.,-2.731847993664E-16));
#6354 = ORIENTED_EDGE('',*,*,#6355,.T.);
#6355 = EDGE_CURVE('',#6348,#6356,#6358,.T.);
#6356 = VERTEX_POINT('',#6357);
#6357 = CARTESIAN_POINT('',(4.210227324709,-3.063004518232,
    1.124314136585));
#6358 = LINE('',#6359,#6360);
#6359 = CARTESIAN_POINT('',(5.785027324709,-3.063004518232,
    1.124314136585));
#6360 = VECTOR('',#6361,1.);
#6361 = DIRECTION('',(-1.,-4.467330631067E-33,1.635277892997E-17));
#6362 = ORIENTED_EDGE('',*,*,#6363,.T.);
#6363 = EDGE_CURVE('',#6356,#6364,#6366,.T.);
#6364 = VERTEX_POINT('',#6365);
#6365 = CARTESIAN_POINT('',(4.210227324709,-2.190188558537,
    1.124314136585));
#6366 = LINE('',#6367,#6368);
#6367 = CARTESIAN_POINT('',(4.210227324709,4.159811441463,1.124314136585
    ));
#6368 = VECTOR('',#6369,1.);
#6369 = DIRECTION('',(0.,1.,2.731847993664E-16));
#6370 = ORIENTED_EDGE('',*,*,#6371,.T.);
#6371 = EDGE_CURVE('',#6364,#6372,#6374,.T.);
#6372 = VERTEX_POINT('',#6373);
#6373 = CARTESIAN_POINT('',(3.295827324709,-2.190188558537,
    1.124314136585));
#6374 = LINE('',#6375,#6376);
#6375 = CARTESIAN_POINT('',(5.785027324709,-2.190188558537,
    1.124314136585));
#6376 = VECTOR('',#6377,1.);
#6377 = DIRECTION('',(-1.,-4.467330631067E-33,1.635277892997E-17));
#6378 = ORIENTED_EDGE('',*,*,#6379,.T.);
#6379 = EDGE_CURVE('',#6372,#6380,#6382,.T.);
#6380 = VERTEX_POINT('',#6381);
#6381 = CARTESIAN_POINT('',(3.295827324709,-1.174188558537,
    1.124314136585));
#6382 = LINE('',#6383,#6384);
#6383 = CARTESIAN_POINT('',(3.295827324709,4.159811441463,1.124314136585
    ));
#6384 = VECTOR('',#6385,1.);
#6385 = DIRECTION('',(0.,1.,2.731847993664E-16));
#6386 = ORIENTED_EDGE('',*,*,#6387,.T.);
#6387 = EDGE_CURVE('',#6380,#6388,#6390,.T.);
#6388 = VERTEX_POINT('',#6389);
#6389 = CARTESIAN_POINT('',(4.997627324709,-1.174188558537,
    1.124314136585));
#6390 = LINE('',#6391,#6392);
#6391 = CARTESIAN_POINT('',(5.785027324709,-1.174188558537,
    1.124314136585));
#6392 = VECTOR('',#6393,1.);
#6393 = DIRECTION('',(1.,4.467330631067E-33,-1.635277892997E-17));
#6394 = ORIENTED_EDGE('',*,*,#6395,.T.);
#6395 = EDGE_CURVE('',#6388,#6396,#6398,.T.);
#6396 = VERTEX_POINT('',#6397);
#6397 = CARTESIAN_POINT('',(4.997627324709,-0.361388558537,
    1.124314136585));
#6398 = CIRCLE('',#6399,0.4064);
#6399 = AXIS2_PLACEMENT_3D('',#6400,#6401,#6402);
#6400 = CARTESIAN_POINT('',(4.997627324709,-0.767788558537,
    1.124314136585));
#6401 = DIRECTION('',(-1.427208301063E-14,-2.731847993664E-16,1.));
#6402 = DIRECTION('',(-1.,-3.664682387986E-32,-1.427208301063E-14));
#6403 = ORIENTED_EDGE('',*,*,#6404,.T.);
#6404 = EDGE_CURVE('',#6396,#6405,#6407,.T.);
#6405 = VERTEX_POINT('',#6406);
#6406 = CARTESIAN_POINT('',(2.660827324709,-0.361388558537,
    1.124314136585));
#6407 = LINE('',#6408,#6409);
#6408 = CARTESIAN_POINT('',(5.785027324709,-0.361388558537,
    1.124314136585));
#6409 = VECTOR('',#6410,1.);
#6410 = DIRECTION('',(-1.,-4.467330631067E-33,1.635277892997E-17));
#6411 = ORIENTED_EDGE('',*,*,#6412,.T.);
#6412 = EDGE_CURVE('',#6405,#6413,#6415,.T.);
#6413 = VERTEX_POINT('',#6414);
#6414 = CARTESIAN_POINT('',(2.660827324709,4.159811441463,1.124314136585
    ));
#6415 = LINE('',#6416,#6417);
#6416 = CARTESIAN_POINT('',(2.660827324709,4.159811441463,1.124314136585
    ));
#6417 = VECTOR('',#6418,1.);
#6418 = DIRECTION('',(0.,1.,2.731847993664E-16));
#6419 = ORIENTED_EDGE('',*,*,#6420,.T.);
#6420 = EDGE_CURVE('',#6413,#6338,#6421,.T.);
#6421 = LINE('',#6422,#6423);
#6422 = CARTESIAN_POINT('',(5.785027324709,4.159811441463,1.124314136585
    ));
#6423 = VECTOR('',#6424,1.);
#6424 = DIRECTION('',(1.,4.467330631067E-33,-1.635277892997E-17));
#6425 = PLANE('',#6426);
#6426 = AXIS2_PLACEMENT_3D('',#6427,#6428,#6429);
#6427 = CARTESIAN_POINT('',(5.785027324709,4.159811441463,1.124314136585
    ));
#6428 = DIRECTION('',(-1.635277892997E-17,2.731847993664E-16,-1.));
#6429 = DIRECTION('',(-2.342801035875E-49,1.,2.731847993664E-16));
#6430 = ADVANCED_FACE('',(#6431),#6490,.F.);
#6431 = FACE_BOUND('',#6432,.T.);
#6432 = EDGE_LOOP('',(#6433,#6443,#6452,#6460,#6468,#6476,#6483,#6484));
#6433 = ORIENTED_EDGE('',*,*,#6434,.T.);
#6434 = EDGE_CURVE('',#6435,#6437,#6439,.T.);
#6435 = VERTEX_POINT('',#6436);
#6436 = CARTESIAN_POINT('',(5.785027324709,-2.190188558537,
    1.530714136585));
#6437 = VERTEX_POINT('',#6438);
#6438 = CARTESIAN_POINT('',(5.785027324709,-3.063004518232,
    1.530714136585));
#6439 = LINE('',#6440,#6441);
#6440 = CARTESIAN_POINT('',(5.785027324709,4.159811441463,1.530714136585
    ));
#6441 = VECTOR('',#6442,1.);
#6442 = DIRECTION('',(-0.,-1.,-2.731847993664E-16));
#6443 = ORIENTED_EDGE('',*,*,#6444,.T.);
#6444 = EDGE_CURVE('',#6437,#6445,#6447,.T.);
#6445 = VERTEX_POINT('',#6446);
#6446 = CARTESIAN_POINT('',(5.785027324709,-3.317004518232,
    1.784714136585));
#6447 = CIRCLE('',#6448,0.254);
#6448 = AXIS2_PLACEMENT_3D('',#6449,#6450,#6451);
#6449 = CARTESIAN_POINT('',(5.785027324709,-3.063004518232,
    1.784714136585));
#6450 = DIRECTION('',(-1.,-2.731847993664E-16,1.635277892997E-17));
#6451 = DIRECTION('',(2.731847993664E-16,-1.,-4.467330631067E-33));
#6452 = ORIENTED_EDGE('',*,*,#6453,.T.);
#6453 = EDGE_CURVE('',#6445,#6454,#6456,.T.);
#6454 = VERTEX_POINT('',#6455);
#6455 = CARTESIAN_POINT('',(5.785027324709,-3.317004518232,
    3.622730096279));
#6456 = LINE('',#6457,#6458);
#6457 = CARTESIAN_POINT('',(5.785027324709,-3.317004518232,
    -6.156269903721));
#6458 = VECTOR('',#6459,1.);
#6459 = DIRECTION('',(-0.,3.218296539477E-15,1.));
#6460 = ORIENTED_EDGE('',*,*,#6461,.F.);
#6461 = EDGE_CURVE('',#6462,#6454,#6464,.T.);
#6462 = VERTEX_POINT('',#6463);
#6463 = CARTESIAN_POINT('',(5.785027324709,-3.723404518232,
    3.622730096279));
#6464 = LINE('',#6465,#6466);
#6465 = CARTESIAN_POINT('',(5.785027324709,-4.483317360367,
    3.622730096279));
#6466 = VECTOR('',#6467,1.);
#6467 = DIRECTION('',(-8.8899585642E-15,1.,-8.8899585642E-15));
#6468 = ORIENTED_EDGE('',*,*,#6469,.F.);
#6469 = EDGE_CURVE('',#6470,#6462,#6472,.T.);
#6470 = VERTEX_POINT('',#6471);
#6471 = CARTESIAN_POINT('',(5.785027324709,-3.723404518232,
    1.784714136585));
#6472 = LINE('',#6473,#6474);
#6473 = CARTESIAN_POINT('',(5.785027324709,-3.723404518232,
    0.193730096279));
#6474 = VECTOR('',#6475,1.);
#6475 = DIRECTION('',(1.30179778666E-16,1.895628545285E-30,1.));
#6476 = ORIENTED_EDGE('',*,*,#6477,.F.);
#6477 = EDGE_CURVE('',#6348,#6470,#6478,.T.);
#6478 = CIRCLE('',#6479,0.6604);
#6479 = AXIS2_PLACEMENT_3D('',#6480,#6481,#6482);
#6480 = CARTESIAN_POINT('',(5.785027324709,-3.063004518232,
    1.784714136585));
#6481 = DIRECTION('',(-1.,-2.731847993664E-16,1.635277892997E-17));
#6482 = DIRECTION('',(2.731847993664E-16,-1.,-4.467330631067E-33));
#6483 = ORIENTED_EDGE('',*,*,#6347,.F.);
#6484 = ORIENTED_EDGE('',*,*,#6485,.F.);
#6485 = EDGE_CURVE('',#6435,#6340,#6486,.T.);
#6486 = LINE('',#6487,#6488);
#6487 = CARTESIAN_POINT('',(5.785027324709,-2.190188558537,
    1.530714136585));
#6488 = VECTOR('',#6489,1.);
#6489 = DIRECTION('',(1.427208301063E-14,-0.,-1.));
#6490 = PLANE('',#6491);
#6491 = AXIS2_PLACEMENT_3D('',#6492,#6493,#6494);
#6492 = CARTESIAN_POINT('',(5.785027324709,-2.190188558537,
    1.530714136585));
#6493 = DIRECTION('',(-1.,-3.870117991024E-16,-1.427208301063E-14));
#6494 = DIRECTION('',(-1.427208301063E-14,-1.395002083802E-46,1.));
#6495 = ADVANCED_FACE('',(#6496),#6523,.F.);
#6496 = FACE_BOUND('',#6497,.F.);
#6497 = EDGE_LOOP('',(#6498,#6507,#6508,#6517));
#6498 = ORIENTED_EDGE('',*,*,#6499,.T.);
#6499 = EDGE_CURVE('',#6500,#6338,#6502,.T.);
#6500 = VERTEX_POINT('',#6501);
#6501 = CARTESIAN_POINT('',(6.166027324709,4.159811441463,0.743314136585
    ));
#6502 = CIRCLE('',#6503,0.381);
#6503 = AXIS2_PLACEMENT_3D('',#6504,#6505,#6506);
#6504 = CARTESIAN_POINT('',(5.785027324709,4.159811441463,0.743314136585
    ));
#6505 = DIRECTION('',(2.731847993664E-16,-1.,-2.731847993664E-16));
#6506 = DIRECTION('',(3.41480999208E-14,-2.731847993664E-16,1.));
#6507 = ORIENTED_EDGE('',*,*,#6337,.T.);
#6508 = ORIENTED_EDGE('',*,*,#6509,.T.);
#6509 = EDGE_CURVE('',#6340,#6510,#6512,.T.);
#6510 = VERTEX_POINT('',#6511);
#6511 = CARTESIAN_POINT('',(6.166027324709,-2.190188558537,
    0.743314136585));
#6512 = CIRCLE('',#6513,0.381);
#6513 = AXIS2_PLACEMENT_3D('',#6514,#6515,#6516);
#6514 = CARTESIAN_POINT('',(5.785027324709,-2.190188558537,
    0.743314136585));
#6515 = DIRECTION('',(-2.731847993664E-16,1.,2.731847993664E-16));
#6516 = DIRECTION('',(7.462993460487E-32,-2.731847993664E-16,1.));
#6517 = ORIENTED_EDGE('',*,*,#6518,.T.);
#6518 = EDGE_CURVE('',#6510,#6500,#6519,.T.);
#6519 = LINE('',#6520,#6521);
#6520 = CARTESIAN_POINT('',(6.166027324709,-5.444011109615,
    0.743314136585));
#6521 = VECTOR('',#6522,1.);
#6522 = DIRECTION('',(-2.731847993664E-16,1.,2.731847993664E-16));
#6523 = CYLINDRICAL_SURFACE('',#6524,0.381);
#6524 = AXIS2_PLACEMENT_3D('',#6525,#6526,#6527);
#6525 = CARTESIAN_POINT('',(5.785027324709,-5.444011109615,
    0.743314136585));
#6526 = DIRECTION('',(-2.731847993664E-16,1.,2.731847993664E-16));
#6527 = DIRECTION('',(7.462993460487E-32,-2.731847993664E-16,1.));
#6528 = ADVANCED_FACE('',(#6529),#6650,.T.);
#6529 = FACE_BOUND('',#6530,.T.);
#6530 = EDGE_LOOP('',(#6531,#6532,#6541,#6549,#6558,#6566,#6575,#6583,
    #6592,#6600,#6609,#6617,#6626,#6634,#6643,#6649));
#6531 = ORIENTED_EDGE('',*,*,#6420,.F.);
#6532 = ORIENTED_EDGE('',*,*,#6533,.T.);
#6533 = EDGE_CURVE('',#6413,#6534,#6536,.T.);
#6534 = VERTEX_POINT('',#6535);
#6535 = CARTESIAN_POINT('',(2.290523735759,4.159811441463,0.653668991645
    ));
#6536 = CIRCLE('',#6537,0.381);
#6537 = AXIS2_PLACEMENT_3D('',#6538,#6539,#6540);
#6538 = CARTESIAN_POINT('',(2.660827324709,4.159811441463,0.743314136585
    ));
#6539 = DIRECTION('',(2.731847993664E-16,-1.,-2.731847993664E-16));
#6540 = DIRECTION('',(7.462993460487E-32,-2.731847993664E-16,1.));
#6541 = ORIENTED_EDGE('',*,*,#6542,.F.);
#6542 = EDGE_CURVE('',#6543,#6534,#6545,.T.);
#6543 = VERTEX_POINT('',#6544);
#6544 = CARTESIAN_POINT('',(2.23063044146,4.159811441463,
    8.382236131879E-02));
#6545 = LINE('',#6546,#6547);
#6546 = CARTESIAN_POINT('',(2.23063044146,4.159811441463,
    8.382236131879E-02));
#6547 = VECTOR('',#6548,1.);
#6548 = DIRECTION('',(0.104528463268,0.,0.994521895368));
#6549 = ORIENTED_EDGE('',*,*,#6550,.F.);
#6550 = EDGE_CURVE('',#6551,#6543,#6553,.T.);
#6551 = VERTEX_POINT('',#6552);
#6552 = CARTESIAN_POINT('',(2.660827324709,4.159811441463,1.530714136585
    ));
#6553 = CIRCLE('',#6554,0.7874);
#6554 = AXIS2_PLACEMENT_3D('',#6555,#6556,#6557);
#6555 = CARTESIAN_POINT('',(2.660827324709,4.159811441463,0.743314136585
    ));
#6556 = DIRECTION('',(2.731847993664E-16,-1.,-2.731847993664E-16));
#6557 = DIRECTION('',(7.462993460487E-32,-2.731847993664E-16,1.));
#6558 = ORIENTED_EDGE('',*,*,#6559,.T.);
#6559 = EDGE_CURVE('',#6551,#6560,#6562,.T.);
#6560 = VERTEX_POINT('',#6561);
#6561 = CARTESIAN_POINT('',(5.785027324709,4.159811441463,1.530714136585
    ));
#6562 = LINE('',#6563,#6564);
#6563 = CARTESIAN_POINT('',(6.166027324709,4.159811441463,1.530714136585
    ));
#6564 = VECTOR('',#6565,1.);
#6565 = DIRECTION('',(1.,2.731847993664E-16,7.462993460487E-32));
#6566 = ORIENTED_EDGE('',*,*,#6567,.F.);
#6567 = EDGE_CURVE('',#6568,#6560,#6570,.T.);
#6568 = VERTEX_POINT('',#6569);
#6569 = CARTESIAN_POINT('',(6.572427324709,4.159811441463,0.743314136585
    ));
#6570 = CIRCLE('',#6571,0.7874);
#6571 = AXIS2_PLACEMENT_3D('',#6572,#6573,#6574);
#6572 = CARTESIAN_POINT('',(5.785027324709,4.159811441463,0.743314136585
    ));
#6573 = DIRECTION('',(2.731847993664E-16,-1.,-2.731847993664E-16));
#6574 = DIRECTION('',(1.652327415523E-14,-2.731847993664E-16,1.));
#6575 = ORIENTED_EDGE('',*,*,#6576,.T.);
#6576 = EDGE_CURVE('',#6568,#6577,#6579,.T.);
#6577 = VERTEX_POINT('',#6578);
#6578 = CARTESIAN_POINT('',(6.572427324709,4.159811441463,
    -1.491885863415));
#6579 = LINE('',#6580,#6581);
#6580 = CARTESIAN_POINT('',(6.572427324709,4.159811441463,
    -1.872885863415));
#6581 = VECTOR('',#6582,1.);
#6582 = DIRECTION('',(-0.,2.731847993664E-16,-1.));
#6583 = ORIENTED_EDGE('',*,*,#6584,.F.);
#6584 = EDGE_CURVE('',#6585,#6577,#6587,.T.);
#6585 = VERTEX_POINT('',#6586);
#6586 = CARTESIAN_POINT('',(5.785027324709,4.159811441463,
    -2.279285863415));
#6587 = CIRCLE('',#6588,0.7874);
#6588 = AXIS2_PLACEMENT_3D('',#6589,#6590,#6591);
#6589 = CARTESIAN_POINT('',(5.785027324709,4.159811441463,
    -1.491885863415));
#6590 = DIRECTION('',(2.731847993664E-16,-1.,-2.731847993664E-16));
#6591 = DIRECTION('',(-7.462993460487E-32,2.731847993664E-16,-1.));
#6592 = ORIENTED_EDGE('',*,*,#6593,.T.);
#6593 = EDGE_CURVE('',#6585,#6594,#6596,.T.);
#6594 = VERTEX_POINT('',#6595);
#6595 = CARTESIAN_POINT('',(2.660827324709,4.159811441463,
    -2.279285863415));
#6596 = LINE('',#6597,#6598);
#6597 = CARTESIAN_POINT('',(2.621001980204,4.159811441463,
    -2.279285863415));
#6598 = VECTOR('',#6599,1.);
#6599 = DIRECTION('',(-1.,-2.731847993664E-16,-7.462993460487E-32));
#6600 = ORIENTED_EDGE('',*,*,#6601,.F.);
#6601 = EDGE_CURVE('',#6602,#6594,#6604,.T.);
#6602 = VERTEX_POINT('',#6603);
#6603 = CARTESIAN_POINT('',(2.23063044146,4.159811441463,-0.83239408815)
  );
#6604 = CIRCLE('',#6605,0.7874);
#6605 = AXIS2_PLACEMENT_3D('',#6606,#6607,#6608);
#6606 = CARTESIAN_POINT('',(2.660827324709,4.159811441463,
    -1.491885863415));
#6607 = DIRECTION('',(2.731847993664E-16,-1.,-2.731847993664E-16));
#6608 = DIRECTION('',(-7.462993460487E-32,2.731847993664E-16,-1.));
#6609 = ORIENTED_EDGE('',*,*,#6610,.F.);
#6610 = EDGE_CURVE('',#6611,#6602,#6613,.T.);
#6611 = VERTEX_POINT('',#6612);
#6612 = CARTESIAN_POINT('',(2.290523735759,4.159811441463,
    -1.402240718476));
#6613 = LINE('',#6614,#6615);
#6614 = CARTESIAN_POINT('',(2.290523735759,4.159811441463,
    -1.402240718476));
#6615 = VECTOR('',#6616,1.);
#6616 = DIRECTION('',(-0.104528463268,0.,0.994521895368));
#6617 = ORIENTED_EDGE('',*,*,#6618,.F.);
#6618 = EDGE_CURVE('',#6619,#6611,#6621,.T.);
#6619 = VERTEX_POINT('',#6620);
#6620 = CARTESIAN_POINT('',(2.660827324709,4.159811441463,
    -1.872885863415));
#6621 = CIRCLE('',#6622,0.381);
#6622 = AXIS2_PLACEMENT_3D('',#6623,#6624,#6625);
#6623 = CARTESIAN_POINT('',(2.660827324709,4.159811441463,
    -1.491885863415));
#6624 = DIRECTION('',(-2.731847993664E-16,1.,2.731847993664E-16));
#6625 = DIRECTION('',(-7.462993460487E-32,2.731847993664E-16,-1.));
#6626 = ORIENTED_EDGE('',*,*,#6627,.F.);
#6627 = EDGE_CURVE('',#6628,#6619,#6630,.T.);
#6628 = VERTEX_POINT('',#6629);
#6629 = CARTESIAN_POINT('',(5.785027324709,4.159811441463,
    -1.872885863415));
#6630 = LINE('',#6631,#6632);
#6631 = CARTESIAN_POINT('',(5.785027324709,4.159811441463,
    -1.872885863415));
#6632 = VECTOR('',#6633,1.);
#6633 = DIRECTION('',(-1.,7.137609884543E-32,-2.612740496944E-16));
#6634 = ORIENTED_EDGE('',*,*,#6635,.T.);
#6635 = EDGE_CURVE('',#6628,#6636,#6638,.T.);
#6636 = VERTEX_POINT('',#6637);
#6637 = CARTESIAN_POINT('',(6.166027324709,4.159811441463,
    -1.491885863415));
#6638 = CIRCLE('',#6639,0.381);
#6639 = AXIS2_PLACEMENT_3D('',#6640,#6641,#6642);
#6640 = CARTESIAN_POINT('',(5.785027324709,4.159811441463,
    -1.491885863415));
#6641 = DIRECTION('',(2.731847993664E-16,-1.,-2.731847993664E-16));
#6642 = DIRECTION('',(-7.462993460487E-32,2.731847993664E-16,-1.));
#6643 = ORIENTED_EDGE('',*,*,#6644,.F.);
#6644 = EDGE_CURVE('',#6500,#6636,#6645,.T.);
#6645 = LINE('',#6646,#6647);
#6646 = CARTESIAN_POINT('',(6.166027324709,4.159811441463,
    -1.491885863415));
#6647 = VECTOR('',#6648,1.);
#6648 = DIRECTION('',(1.224606353822E-16,3.345438410718E-32,-1.));
#6649 = ORIENTED_EDGE('',*,*,#6499,.T.);
#6650 = PLANE('',#6651);
#6651 = AXIS2_PLACEMENT_3D('',#6652,#6653,#6654);
#6652 = CARTESIAN_POINT('',(6.166027324709,4.159811441463,0.743314136585
    ));
#6653 = DIRECTION('',(-2.731847993664E-16,1.,2.731847993664E-16));
#6654 = DIRECTION('',(0.,-2.731847993664E-16,1.));
#6655 = ADVANCED_FACE('',(#6656),#6684,.F.);
#6656 = FACE_BOUND('',#6657,.F.);
#6657 = EDGE_LOOP('',(#6658,#6659,#6660,#6669,#6677));
#6658 = ORIENTED_EDGE('',*,*,#6412,.T.);
#6659 = ORIENTED_EDGE('',*,*,#6533,.T.);
#6660 = ORIENTED_EDGE('',*,*,#6661,.T.);
#6661 = EDGE_CURVE('',#6534,#6662,#6664,.T.);
#6662 = VERTEX_POINT('',#6663);
#6663 = CARTESIAN_POINT('',(2.621001980204,3.538170512106,0.364401294449
    ));
#6664 = ( BOUNDED_CURVE() B_SPLINE_CURVE(3,(#6665,#6666,#6667,#6668),
.UNSPECIFIED.,.F.,.F.) B_SPLINE_CURVE_WITH_KNOTS((4,4),(0.342235757478,
1.570796326795),.PIECEWISE_BEZIER_KNOTS.) CURVE() 
GEOMETRIC_REPRESENTATION_ITEM() RATIONAL_B_SPLINE_CURVE((1.,
0.87812565415,0.87812565415,1.)) REPRESENTATION_ITEM('') );
#6665 = CARTESIAN_POINT('',(2.290523735759,4.159811441463,0.653668991645
    ));
#6666 = CARTESIAN_POINT('',(2.329750331121,4.062904771887,0.491632898618
    ));
#6667 = CARTESIAN_POINT('',(2.455198681587,3.82693211565,0.381827923355)
  );
#6668 = CARTESIAN_POINT('',(2.621001980204,3.538170512106,0.364401294449
    ));
#6669 = ORIENTED_EDGE('',*,*,#6670,.T.);
#6670 = EDGE_CURVE('',#6662,#6671,#6673,.T.);
#6671 = VERTEX_POINT('',#6672);
#6672 = CARTESIAN_POINT('',(2.621001980204,-0.361388558537,
    0.364401294449));
#6673 = LINE('',#6674,#6675);
#6674 = CARTESIAN_POINT('',(2.621001980204,-2.974594792939,
    0.364401294449));
#6675 = VECTOR('',#6676,1.);
#6676 = DIRECTION('',(2.731847993664E-16,-1.,-2.731847993664E-16));
#6677 = ORIENTED_EDGE('',*,*,#6678,.T.);
#6678 = EDGE_CURVE('',#6671,#6405,#6679,.T.);
#6679 = CIRCLE('',#6680,0.381);
#6680 = AXIS2_PLACEMENT_3D('',#6681,#6682,#6683);
#6681 = CARTESIAN_POINT('',(2.660827324709,-0.361388558537,
    0.743314136585));
#6682 = DIRECTION('',(-2.731847993664E-16,1.,2.731847993664E-16));
#6683 = DIRECTION('',(-3.109580608536E-33,-2.731847993664E-16,1.));
#6684 = CYLINDRICAL_SURFACE('',#6685,0.381);
#6685 = AXIS2_PLACEMENT_3D('',#6686,#6687,#6688);
#6686 = CARTESIAN_POINT('',(2.660827324709,-2.974594792939,
    0.743314136585));
#6687 = DIRECTION('',(-2.731847993664E-16,1.,2.731847993664E-16));
#6688 = DIRECTION('',(7.462993460487E-32,-2.731847993664E-16,1.));
#6689 = ADVANCED_FACE('',(#6690),#6741,.F.);
#6690 = FACE_BOUND('',#6691,.T.);
#6691 = EDGE_LOOP('',(#6692,#6693,#6701,#6709,#6718,#6726,#6734,#6740));
#6692 = ORIENTED_EDGE('',*,*,#6404,.F.);
#6693 = ORIENTED_EDGE('',*,*,#6694,.F.);
#6694 = EDGE_CURVE('',#6695,#6396,#6697,.T.);
#6695 = VERTEX_POINT('',#6696);
#6696 = CARTESIAN_POINT('',(4.997627324709,-0.361388558537,
    1.530714136585));
#6697 = LINE('',#6698,#6699);
#6698 = CARTESIAN_POINT('',(4.997627324709,-0.361388558537,
    1.530714136585));
#6699 = VECTOR('',#6700,1.);
#6700 = DIRECTION('',(-0.,2.731847993664E-16,-1.));
#6701 = ORIENTED_EDGE('',*,*,#6702,.F.);
#6702 = EDGE_CURVE('',#6703,#6695,#6705,.T.);
#6703 = VERTEX_POINT('',#6704);
#6704 = CARTESIAN_POINT('',(2.660827324709,-0.361388558537,
    1.530714136585));
#6705 = LINE('',#6706,#6707);
#6706 = CARTESIAN_POINT('',(4.997627324709,-0.361388558537,
    1.530714136585));
#6707 = VECTOR('',#6708,1.);
#6708 = DIRECTION('',(1.,2.731847993664E-16,7.462993460487E-32));
#6709 = ORIENTED_EDGE('',*,*,#6710,.F.);
#6710 = EDGE_CURVE('',#6711,#6703,#6713,.T.);
#6711 = VERTEX_POINT('',#6712);
#6712 = CARTESIAN_POINT('',(2.578521612732,-0.361388558537,
    -3.977240382847E-02));
#6713 = CIRCLE('',#6714,0.7874);
#6714 = AXIS2_PLACEMENT_3D('',#6715,#6716,#6717);
#6715 = CARTESIAN_POINT('',(2.660827324709,-0.361388558537,
    0.743314136585));
#6716 = DIRECTION('',(-2.731847993664E-16,1.,2.731847993664E-16));
#6717 = DIRECTION('',(-6.018543113295E-34,-2.731847993664E-16,1.));
#6718 = ORIENTED_EDGE('',*,*,#6719,.F.);
#6719 = EDGE_CURVE('',#6720,#6711,#6722,.T.);
#6720 = VERTEX_POINT('',#6721);
#6721 = CARTESIAN_POINT('',(4.906810207833,-0.361388558537,
    -0.284485396094));
#6722 = LINE('',#6723,#6724);
#6723 = CARTESIAN_POINT('',(4.906810207833,-0.361388558537,
    -0.284485396094));
#6724 = VECTOR('',#6725,1.);
#6725 = DIRECTION('',(-0.994521895368,-2.778683368922E-16,0.104528463268
    ));
#6726 = ORIENTED_EDGE('',*,*,#6727,.F.);
#6727 = EDGE_CURVE('',#6728,#6720,#6730,.T.);
#6728 = VERTEX_POINT('',#6729);
#6729 = CARTESIAN_POINT('',(4.949290575305,-0.361388558537,
    0.119688302183));
#6730 = LINE('',#6731,#6732);
#6731 = CARTESIAN_POINT('',(4.906810207833,-0.361388558537,
    -0.284485396094));
#6732 = VECTOR('',#6733,1.);
#6733 = DIRECTION('',(-0.104528463268,0.,-0.994521895368));
#6734 = ORIENTED_EDGE('',*,*,#6735,.F.);
#6735 = EDGE_CURVE('',#6671,#6728,#6736,.T.);
#6736 = LINE('',#6737,#6738);
#6737 = CARTESIAN_POINT('',(4.949290575305,-0.361388558537,
    0.119688302183));
#6738 = VECTOR('',#6739,1.);
#6739 = DIRECTION('',(0.994521895368,0.,-0.104528463268));
#6740 = ORIENTED_EDGE('',*,*,#6678,.T.);
#6741 = PLANE('',#6742);
#6742 = AXIS2_PLACEMENT_3D('',#6743,#6744,#6745);
#6743 = CARTESIAN_POINT('',(4.997627324709,-0.361388558537,
    1.530714136585));
#6744 = DIRECTION('',(-2.731847993664E-16,1.,2.731847993664E-16));
#6745 = DIRECTION('',(0.,-2.731847993664E-16,1.));
#6746 = ADVANCED_FACE('',(#6747),#6766,.F.);
#6747 = FACE_BOUND('',#6748,.F.);
#6748 = EDGE_LOOP('',(#6749,#6750,#6751,#6760));
#6749 = ORIENTED_EDGE('',*,*,#6395,.T.);
#6750 = ORIENTED_EDGE('',*,*,#6694,.F.);
#6751 = ORIENTED_EDGE('',*,*,#6752,.T.);
#6752 = EDGE_CURVE('',#6695,#6753,#6755,.T.);
#6753 = VERTEX_POINT('',#6754);
#6754 = CARTESIAN_POINT('',(4.997627324709,-1.174188558537,
    1.530714136585));
#6755 = CIRCLE('',#6756,0.4064);
#6756 = AXIS2_PLACEMENT_3D('',#6757,#6758,#6759);
#6757 = CARTESIAN_POINT('',(4.997627324709,-0.767788558537,
    1.530714136585));
#6758 = DIRECTION('',(1.427208301063E-14,2.731847993664E-16,-1.));
#6759 = DIRECTION('',(-1.,-3.664682387986E-32,-1.427208301063E-14));
#6760 = ORIENTED_EDGE('',*,*,#6761,.T.);
#6761 = EDGE_CURVE('',#6753,#6388,#6762,.T.);
#6762 = LINE('',#6763,#6764);
#6763 = CARTESIAN_POINT('',(4.997627324709,-1.174188558537,
    1.530714136585));
#6764 = VECTOR('',#6765,1.);
#6765 = DIRECTION('',(1.427208301063E-14,2.731847993664E-16,-1.));
#6766 = CYLINDRICAL_SURFACE('',#6767,0.4064);
#6767 = AXIS2_PLACEMENT_3D('',#6768,#6769,#6770);
#6768 = CARTESIAN_POINT('',(4.997627324709,-0.767788558537,
    1.530714136585));
#6769 = DIRECTION('',(1.427208301063E-14,2.731847993664E-16,-1.));
#6770 = DIRECTION('',(-1.,-3.664682387986E-32,-1.427208301063E-14));
#6771 = ADVANCED_FACE('',(#6772),#6790,.F.);
#6772 = FACE_BOUND('',#6773,.T.);
#6773 = EDGE_LOOP('',(#6774,#6782,#6788,#6789));
#6774 = ORIENTED_EDGE('',*,*,#6775,.F.);
#6775 = EDGE_CURVE('',#6776,#6380,#6778,.T.);
#6776 = VERTEX_POINT('',#6777);
#6777 = CARTESIAN_POINT('',(3.295827324709,-1.174188558537,
    1.530714136584));
#6778 = LINE('',#6779,#6780);
#6779 = CARTESIAN_POINT('',(3.295827324709,-1.174188558537,
    1.530714136584));
#6780 = VECTOR('',#6781,1.);
#6781 = DIRECTION('',(0.,2.731847993664E-16,-1.));
#6782 = ORIENTED_EDGE('',*,*,#6783,.F.);
#6783 = EDGE_CURVE('',#6753,#6776,#6784,.T.);
#6784 = LINE('',#6785,#6786);
#6785 = CARTESIAN_POINT('',(3.295827324709,-1.174188558537,
    1.530714136585));
#6786 = VECTOR('',#6787,1.);
#6787 = DIRECTION('',(-1.,2.364883337799E-16,6.460501801616E-32));
#6788 = ORIENTED_EDGE('',*,*,#6761,.T.);
#6789 = ORIENTED_EDGE('',*,*,#6387,.F.);
#6790 = PLANE('',#6791);
#6791 = AXIS2_PLACEMENT_3D('',#6792,#6793,#6794);
#6792 = CARTESIAN_POINT('',(3.295827324709,-1.174188558537,
    1.530714136584));
#6793 = DIRECTION('',(-2.364883337799E-16,-1.,-2.731847993664E-16));
#6794 = DIRECTION('',(0.,2.731847993664E-16,-1.));
#6795 = ADVANCED_FACE('',(#6796),#6814,.F.);
#6796 = FACE_BOUND('',#6797,.T.);
#6797 = EDGE_LOOP('',(#6798,#6806,#6812,#6813));
#6798 = ORIENTED_EDGE('',*,*,#6799,.F.);
#6799 = EDGE_CURVE('',#6800,#6372,#6802,.T.);
#6800 = VERTEX_POINT('',#6801);
#6801 = CARTESIAN_POINT('',(3.295827324709,-2.190188558537,
    1.530714136584));
#6802 = LINE('',#6803,#6804);
#6803 = CARTESIAN_POINT('',(3.295827324709,-2.190188558537,
    1.530714136584));
#6804 = VECTOR('',#6805,1.);
#6805 = DIRECTION('',(1.427208301063E-14,0.,-1.));
#6806 = ORIENTED_EDGE('',*,*,#6807,.F.);
#6807 = EDGE_CURVE('',#6776,#6800,#6808,.T.);
#6808 = LINE('',#6809,#6810);
#6809 = CARTESIAN_POINT('',(3.295827324709,-2.190188558537,
    1.530714136584));
#6810 = VECTOR('',#6811,1.);
#6811 = DIRECTION('',(2.731847993664E-16,-1.,3.898916133799E-30));
#6812 = ORIENTED_EDGE('',*,*,#6775,.T.);
#6813 = ORIENTED_EDGE('',*,*,#6379,.F.);
#6814 = PLANE('',#6815);
#6815 = AXIS2_PLACEMENT_3D('',#6816,#6817,#6818);
#6816 = CARTESIAN_POINT('',(3.295827324709,-2.190188558537,
    1.530714136584));
#6817 = DIRECTION('',(1.,2.731847993664E-16,1.427208301063E-14));
#6818 = DIRECTION('',(1.427208301063E-14,1.958505868267E-46,-1.));
#6819 = ADVANCED_FACE('',(#6820),#6838,.F.);
#6820 = FACE_BOUND('',#6821,.T.);
#6821 = EDGE_LOOP('',(#6822,#6830,#6836,#6837));
#6822 = ORIENTED_EDGE('',*,*,#6823,.F.);
#6823 = EDGE_CURVE('',#6824,#6364,#6826,.T.);
#6824 = VERTEX_POINT('',#6825);
#6825 = CARTESIAN_POINT('',(4.210227324709,-2.190188558537,
    1.530714136584));
#6826 = LINE('',#6827,#6828);
#6827 = CARTESIAN_POINT('',(4.210227324709,-2.190188558537,
    1.530714136584));
#6828 = VECTOR('',#6829,1.);
#6829 = DIRECTION('',(-0.,2.731847993664E-16,-1.));
#6830 = ORIENTED_EDGE('',*,*,#6831,.F.);
#6831 = EDGE_CURVE('',#6800,#6824,#6832,.T.);
#6832 = LINE('',#6833,#6834);
#6833 = CARTESIAN_POINT('',(3.295827324709,-2.190188558537,
    1.530714136584));
#6834 = VECTOR('',#6835,1.);
#6835 = DIRECTION('',(1.,2.731847993664E-16,7.462993460487E-32));
#6836 = ORIENTED_EDGE('',*,*,#6799,.T.);
#6837 = ORIENTED_EDGE('',*,*,#6371,.F.);
#6838 = PLANE('',#6839);
#6839 = AXIS2_PLACEMENT_3D('',#6840,#6841,#6842);
#6840 = CARTESIAN_POINT('',(3.295827324709,-2.190188558537,
    1.530714136584));
#6841 = DIRECTION('',(-2.731847993664E-16,1.,2.731847993664E-16));
#6842 = DIRECTION('',(0.,-2.731847993664E-16,1.));
#6843 = ADVANCED_FACE('',(#6844),#6896,.F.);
#6844 = FACE_BOUND('',#6845,.T.);
#6845 = EDGE_LOOP('',(#6846,#6847,#6856,#6864,#6872,#6880,#6889,#6895));
#6846 = ORIENTED_EDGE('',*,*,#6363,.F.);
#6847 = ORIENTED_EDGE('',*,*,#6848,.F.);
#6848 = EDGE_CURVE('',#6849,#6356,#6851,.T.);
#6849 = VERTEX_POINT('',#6850);
#6850 = CARTESIAN_POINT('',(4.210227324709,-3.723404518232,
    1.784714136585));
#6851 = CIRCLE('',#6852,0.6604);
#6852 = AXIS2_PLACEMENT_3D('',#6853,#6854,#6855);
#6853 = CARTESIAN_POINT('',(4.210227324709,-3.063004518232,
    1.784714136585));
#6854 = DIRECTION('',(1.,2.731847993664E-16,-1.635277892997E-17));
#6855 = DIRECTION('',(2.731847993664E-16,-1.,-1.608900861653E-14));
#6856 = ORIENTED_EDGE('',*,*,#6857,.F.);
#6857 = EDGE_CURVE('',#6858,#6849,#6860,.T.);
#6858 = VERTEX_POINT('',#6859);
#6859 = CARTESIAN_POINT('',(4.210227324709,-3.723404518232,
    3.622730096279));
#6860 = LINE('',#6861,#6862);
#6861 = CARTESIAN_POINT('',(4.210227324709,-3.723404518232,
    0.193730096279));
#6862 = VECTOR('',#6863,1.);
#6863 = DIRECTION('',(-1.635277893002E-17,-2.381229623534E-31,-1.));
#6864 = ORIENTED_EDGE('',*,*,#6865,.F.);
#6865 = EDGE_CURVE('',#6866,#6858,#6868,.T.);
#6866 = VERTEX_POINT('',#6867);
#6867 = CARTESIAN_POINT('',(4.210227324709,-3.317004518232,
    3.622730096279));
#6868 = LINE('',#6869,#6870);
#6869 = CARTESIAN_POINT('',(4.210227324709,-3.317004518232,
    3.622730096279));
#6870 = VECTOR('',#6871,1.);
#6871 = DIRECTION('',(1.456162058892E-14,-1.,-0.));
#6872 = ORIENTED_EDGE('',*,*,#6873,.T.);
#6873 = EDGE_CURVE('',#6866,#6874,#6876,.T.);
#6874 = VERTEX_POINT('',#6875);
#6875 = CARTESIAN_POINT('',(4.210227324709,-3.317004518232,
    1.784714136585));
#6876 = LINE('',#6877,#6878);
#6877 = CARTESIAN_POINT('',(4.210227324709,-3.317004518232,
    -6.156269903721));
#6878 = VECTOR('',#6879,1.);
#6879 = DIRECTION('',(0.,-3.218296539477E-15,-1.));
#6880 = ORIENTED_EDGE('',*,*,#6881,.T.);
#6881 = EDGE_CURVE('',#6874,#6882,#6884,.T.);
#6882 = VERTEX_POINT('',#6883);
#6883 = CARTESIAN_POINT('',(4.210227324709,-3.063004518232,
    1.530714136585));
#6884 = CIRCLE('',#6885,0.254);
#6885 = AXIS2_PLACEMENT_3D('',#6886,#6887,#6888);
#6886 = CARTESIAN_POINT('',(4.210227324709,-3.063004518232,
    1.784714136585));
#6887 = DIRECTION('',(1.,2.731847993664E-16,-1.635277892997E-17));
#6888 = DIRECTION('',(2.731847993664E-16,-1.,-4.183142240298E-14));
#6889 = ORIENTED_EDGE('',*,*,#6890,.F.);
#6890 = EDGE_CURVE('',#6824,#6882,#6891,.T.);
#6891 = LINE('',#6892,#6893);
#6892 = CARTESIAN_POINT('',(4.210227324709,-2.190188558537,
    1.530714136584));
#6893 = VECTOR('',#6894,1.);
#6894 = DIRECTION('',(2.731847993664E-16,-1.,3.898916133799E-30));
#6895 = ORIENTED_EDGE('',*,*,#6823,.T.);
#6896 = PLANE('',#6897);
#6897 = AXIS2_PLACEMENT_3D('',#6898,#6899,#6900);
#6898 = CARTESIAN_POINT('',(4.210227324709,-2.190188558537,
    1.530714136584));
#6899 = DIRECTION('',(1.,2.731847993664E-16,1.427208301063E-14));
#6900 = DIRECTION('',(1.427208301063E-14,1.958505868267E-46,-1.));
#6901 = ADVANCED_FACE('',(#6902),#6913,.T.);
#6902 = FACE_BOUND('',#6903,.T.);
#6903 = EDGE_LOOP('',(#6904,#6910,#6911,#6912));
#6904 = ORIENTED_EDGE('',*,*,#6905,.F.);
#6905 = EDGE_CURVE('',#6849,#6470,#6906,.T.);
#6906 = LINE('',#6907,#6908);
#6907 = CARTESIAN_POINT('',(5.785027324709,-3.723404518232,
    1.784714136584));
#6908 = VECTOR('',#6909,1.);
#6909 = DIRECTION('',(1.,2.731847993664E-16,-8.791896944386E-31));
#6910 = ORIENTED_EDGE('',*,*,#6848,.T.);
#6911 = ORIENTED_EDGE('',*,*,#6355,.F.);
#6912 = ORIENTED_EDGE('',*,*,#6477,.T.);
#6913 = CYLINDRICAL_SURFACE('',#6914,0.6604);
#6914 = AXIS2_PLACEMENT_3D('',#6915,#6916,#6917);
#6915 = CARTESIAN_POINT('',(6.775525351033,-3.063004518232,
    1.784714136585));
#6916 = DIRECTION('',(-1.,-2.731847993664E-16,1.635277892997E-17));
#6917 = DIRECTION('',(2.731847993664E-16,-1.,-4.467330631067E-33));
#6918 = ADVANCED_FACE('',(#6919),#6972,.F.);
#6919 = FACE_BOUND('',#6920,.T.);
#6920 = EDGE_LOOP('',(#6921,#6930,#6931,#6932,#6940,#6949,#6957,#6966));
#6921 = ORIENTED_EDGE('',*,*,#6922,.F.);
#6922 = EDGE_CURVE('',#6435,#6923,#6925,.T.);
#6923 = VERTEX_POINT('',#6924);
#6924 = CARTESIAN_POINT('',(6.572427324709,-2.190188558537,
    0.743314136585));
#6925 = CIRCLE('',#6926,0.7874);
#6926 = AXIS2_PLACEMENT_3D('',#6927,#6928,#6929);
#6927 = CARTESIAN_POINT('',(5.785027324709,-2.190188558537,
    0.743314136585));
#6928 = DIRECTION('',(-2.731847993664E-16,1.,2.731847993664E-16));
#6929 = DIRECTION('',(7.462993460487E-32,-2.731847993664E-16,1.));
#6930 = ORIENTED_EDGE('',*,*,#6485,.T.);
#6931 = ORIENTED_EDGE('',*,*,#6509,.T.);
#6932 = ORIENTED_EDGE('',*,*,#6933,.F.);
#6933 = EDGE_CURVE('',#6934,#6510,#6936,.T.);
#6934 = VERTEX_POINT('',#6935);
#6935 = CARTESIAN_POINT('',(6.166027324709,-2.190188558537,
    -1.491885863415));
#6936 = LINE('',#6937,#6938);
#6937 = CARTESIAN_POINT('',(6.166027324709,-2.190188558537,
    -1.491885863415));
#6938 = VECTOR('',#6939,1.);
#6939 = DIRECTION('',(-1.224606353822E-16,-3.345438410718E-32,1.));
#6940 = ORIENTED_EDGE('',*,*,#6941,.T.);
#6941 = EDGE_CURVE('',#6934,#6942,#6944,.T.);
#6942 = VERTEX_POINT('',#6943);
#6943 = CARTESIAN_POINT('',(5.785027324709,-2.190188558537,
    -1.872885863415));
#6944 = CIRCLE('',#6945,0.381);
#6945 = AXIS2_PLACEMENT_3D('',#6946,#6947,#6948);
#6946 = CARTESIAN_POINT('',(5.785027324709,-2.190188558537,
    -1.491885863415));
#6947 = DIRECTION('',(-2.731847993664E-16,1.,2.731847993664E-16));
#6948 = DIRECTION('',(4.325425989968E-14,2.731847993664E-16,-1.));
#6949 = ORIENTED_EDGE('',*,*,#6950,.F.);
#6950 = EDGE_CURVE('',#6951,#6942,#6953,.T.);
#6951 = VERTEX_POINT('',#6952);
#6952 = CARTESIAN_POINT('',(5.785027324709,-2.190188558537,
    -2.279285863415));
#6953 = LINE('',#6954,#6955);
#6954 = CARTESIAN_POINT('',(5.785027324709,-2.190188558537,
    -1.491885863415));
#6955 = VECTOR('',#6956,1.);
#6956 = DIRECTION('',(0.,-2.731847993664E-16,1.));
#6957 = ORIENTED_EDGE('',*,*,#6958,.F.);
#6958 = EDGE_CURVE('',#6959,#6951,#6961,.T.);
#6959 = VERTEX_POINT('',#6960);
#6960 = CARTESIAN_POINT('',(6.572427324709,-2.190188558537,
    -1.491885863415));
#6961 = CIRCLE('',#6962,0.7874);
#6962 = AXIS2_PLACEMENT_3D('',#6963,#6964,#6965);
#6963 = CARTESIAN_POINT('',(5.785027324709,-2.190188558537,
    -1.491885863415));
#6964 = DIRECTION('',(-2.731847993664E-16,1.,2.731847993664E-16));
#6965 = DIRECTION('',(1.982792898627E-14,2.731847993664E-16,-1.));
#6966 = ORIENTED_EDGE('',*,*,#6967,.F.);
#6967 = EDGE_CURVE('',#6923,#6959,#6968,.T.);
#6968 = LINE('',#6969,#6970);
#6969 = CARTESIAN_POINT('',(6.572427324709,-2.190188558537,
    -2.409545077529));
#6970 = VECTOR('',#6971,1.);
#6971 = DIRECTION('',(-0.,2.731847993664E-16,-1.));
#6972 = PLANE('',#6973);
#6973 = AXIS2_PLACEMENT_3D('',#6974,#6975,#6976);
#6974 = CARTESIAN_POINT('',(5.785027324709,-2.190188558537,
    0.743314136585));
#6975 = DIRECTION('',(-2.731847993664E-16,1.,2.731847993664E-16));
#6976 = DIRECTION('',(0.,-2.731847993664E-16,1.));
#6977 = ADVANCED_FACE('',(#6978),#6989,.T.);
#6978 = FACE_BOUND('',#6979,.T.);
#6979 = EDGE_LOOP('',(#6980,#6981,#6987,#6988));
#6980 = ORIENTED_EDGE('',*,*,#6644,.T.);
#6981 = ORIENTED_EDGE('',*,*,#6982,.T.);
#6982 = EDGE_CURVE('',#6636,#6934,#6983,.T.);
#6983 = LINE('',#6984,#6985);
#6984 = CARTESIAN_POINT('',(6.166027324709,4.159811441463,
    -1.491885863415));
#6985 = VECTOR('',#6986,1.);
#6986 = DIRECTION('',(2.731847993664E-16,-1.,0.));
#6987 = ORIENTED_EDGE('',*,*,#6933,.T.);
#6988 = ORIENTED_EDGE('',*,*,#6518,.T.);
#6989 = PLANE('',#6990);
#6990 = AXIS2_PLACEMENT_3D('',#6991,#6992,#6993);
#6991 = CARTESIAN_POINT('',(6.166027324709,4.159811441463,
    -1.491885863415));
#6992 = DIRECTION('',(-1.,-2.731847993664E-16,-1.224606353822E-16));
#6993 = DIRECTION('',(2.731847993664E-16,-1.,0.));
#6994 = ADVANCED_FACE('',(#6995),#7023,.F.);
#6995 = FACE_BOUND('',#6996,.T.);
#6996 = EDGE_LOOP('',(#6997,#7003,#7004,#7010,#7011,#7017,#7018,#7019,
    #7020,#7021,#7022));
#6997 = ORIENTED_EDGE('',*,*,#6998,.F.);
#6998 = EDGE_CURVE('',#6437,#6882,#6999,.T.);
#6999 = LINE('',#7000,#7001);
#7000 = CARTESIAN_POINT('',(5.785027324709,-3.063004518232,
    1.530714136585));
#7001 = VECTOR('',#7002,1.);
#7002 = DIRECTION('',(-1.,-4.467330631067E-33,1.635277892997E-17));
#7003 = ORIENTED_EDGE('',*,*,#6434,.F.);
#7004 = ORIENTED_EDGE('',*,*,#7005,.F.);
#7005 = EDGE_CURVE('',#6560,#6435,#7006,.T.);
#7006 = LINE('',#7007,#7008);
#7007 = CARTESIAN_POINT('',(5.785027324709,4.159811441463,1.530714136585
    ));
#7008 = VECTOR('',#7009,1.);
#7009 = DIRECTION('',(-0.,-1.,-2.731847993664E-16));
#7010 = ORIENTED_EDGE('',*,*,#6559,.F.);
#7011 = ORIENTED_EDGE('',*,*,#7012,.F.);
#7012 = EDGE_CURVE('',#6703,#6551,#7013,.T.);
#7013 = LINE('',#7014,#7015);
#7014 = CARTESIAN_POINT('',(2.660827324709,4.159811441463,1.530714136585
    ));
#7015 = VECTOR('',#7016,1.);
#7016 = DIRECTION('',(0.,1.,2.731847993664E-16));
#7017 = ORIENTED_EDGE('',*,*,#6702,.T.);
#7018 = ORIENTED_EDGE('',*,*,#6752,.T.);
#7019 = ORIENTED_EDGE('',*,*,#6783,.T.);
#7020 = ORIENTED_EDGE('',*,*,#6807,.T.);
#7021 = ORIENTED_EDGE('',*,*,#6831,.T.);
#7022 = ORIENTED_EDGE('',*,*,#6890,.T.);
#7023 = PLANE('',#7024);
#7024 = AXIS2_PLACEMENT_3D('',#7025,#7026,#7027);
#7025 = CARTESIAN_POINT('',(5.785027324709,4.159811441463,1.530714136585
    ));
#7026 = DIRECTION('',(-1.635277892997E-17,2.731847993664E-16,-1.));
#7027 = DIRECTION('',(-2.342801035875E-49,1.,2.731847993664E-16));
#7028 = ADVANCED_FACE('',(#7029),#7040,.F.);
#7029 = FACE_BOUND('',#7030,.F.);
#7030 = EDGE_LOOP('',(#7031,#7032,#7033,#7034));
#7031 = ORIENTED_EDGE('',*,*,#6635,.T.);
#7032 = ORIENTED_EDGE('',*,*,#6982,.T.);
#7033 = ORIENTED_EDGE('',*,*,#6941,.T.);
#7034 = ORIENTED_EDGE('',*,*,#7035,.T.);
#7035 = EDGE_CURVE('',#6942,#6628,#7036,.T.);
#7036 = LINE('',#7037,#7038);
#7037 = CARTESIAN_POINT('',(5.785027324709,7.413633992541,
    -1.872885863415));
#7038 = VECTOR('',#7039,1.);
#7039 = DIRECTION('',(-2.731847993664E-16,1.,2.731847993664E-16));
#7040 = CYLINDRICAL_SURFACE('',#7041,0.381);
#7041 = AXIS2_PLACEMENT_3D('',#7042,#7043,#7044);
#7042 = CARTESIAN_POINT('',(5.785027324709,7.413633992541,
    -1.491885863415));
#7043 = DIRECTION('',(2.731847993664E-16,-1.,-2.731847993664E-16));
#7044 = DIRECTION('',(-7.462993460487E-32,2.731847993664E-16,-1.));
#7045 = ADVANCED_FACE('',(#7046),#7081,.F.);
#7046 = FACE_BOUND('',#7047,.T.);
#7047 = EDGE_LOOP('',(#7048,#7049,#7050,#7058,#7066,#7074));
#7048 = ORIENTED_EDGE('',*,*,#6542,.T.);
#7049 = ORIENTED_EDGE('',*,*,#6661,.T.);
#7050 = ORIENTED_EDGE('',*,*,#7051,.F.);
#7051 = EDGE_CURVE('',#7052,#6662,#7054,.T.);
#7052 = VERTEX_POINT('',#7053);
#7053 = CARTESIAN_POINT('',(2.789100574396,3.245411441463,0.346733420257
    ));
#7054 = LINE('',#7055,#7056);
#7055 = CARTESIAN_POINT('',(2.789100574396,3.245411441463,0.346733420257
    ));
#7056 = VECTOR('',#7057,1.);
#7057 = DIRECTION('',(-0.497260947684,0.866025403784,5.226423163372E-02)
  );
#7058 = ORIENTED_EDGE('',*,*,#7059,.T.);
#7059 = EDGE_CURVE('',#7052,#7060,#7062,.T.);
#7060 = VERTEX_POINT('',#7061);
#7061 = CARTESIAN_POINT('',(2.746620206924,3.245411441463,
    -5.744027802024E-02));
#7062 = LINE('',#7063,#7064);
#7063 = CARTESIAN_POINT('',(2.746620206924,3.245411441463,
    -5.74402780202E-02));
#7064 = VECTOR('',#7065,1.);
#7065 = DIRECTION('',(-0.104528463268,-0.,-0.994521895368));
#7066 = ORIENTED_EDGE('',*,*,#7067,.T.);
#7067 = EDGE_CURVE('',#7060,#7068,#7070,.T.);
#7068 = VERTEX_POINT('',#7069);
#7069 = CARTESIAN_POINT('',(2.578521612732,3.538170512106,
    -3.977240382846E-02));
#7070 = LINE('',#7071,#7072);
#7071 = CARTESIAN_POINT('',(2.746620206924,3.245411441463,
    -5.744027802027E-02));
#7072 = VECTOR('',#7073,1.);
#7073 = DIRECTION('',(-0.497260947684,0.866025403784,5.226423163383E-02)
  );
#7074 = ORIENTED_EDGE('',*,*,#7075,.F.);
#7075 = EDGE_CURVE('',#6543,#7068,#7076,.T.);
#7076 = ( BOUNDED_CURVE() B_SPLINE_CURVE(3,(#7077,#7078,#7079,#7080),
.UNSPECIFIED.,.F.,.F.) B_SPLINE_CURVE_WITH_KNOTS((4,4),(1.097514627842,
1.570796326795),.PIECEWISE_BEZIER_KNOTS.) CURVE() 
GEOMETRIC_REPRESENTATION_ITEM() RATIONAL_B_SPLINE_CURVE((1.,
0.981420648014,0.981420648014,1.)) REPRESENTATION_ITEM('') );
#7077 = CARTESIAN_POINT('',(2.23063044146,4.159811441463,
    8.382236131879E-02));
#7078 = CARTESIAN_POINT('',(2.335655207184,3.966496208091,
    1.531305070609E-02));
#7079 = CARTESIAN_POINT('',(2.453814249376,3.755359787089,
    -2.666513177097E-02));
#7080 = CARTESIAN_POINT('',(2.578521612732,3.538170512106,
    -3.977240382846E-02));
#7081 = PLANE('',#7082);
#7082 = AXIS2_PLACEMENT_3D('',#7083,#7084,#7085);
#7083 = CARTESIAN_POINT('',(2.746620206924,3.245411441463,
    -5.74402780202E-02));
#7084 = DIRECTION('',(-0.861281226009,-0.5,9.052430460832E-02));
#7085 = DIRECTION('',(0.502061340088,-0.864832013046,-8.904687115915E-18
    ));
#7086 = ADVANCED_FACE('',(#7087),#7098,.F.);
#7087 = FACE_BOUND('',#7088,.F.);
#7088 = EDGE_LOOP('',(#7089,#7090,#7091,#7097));
#7089 = ORIENTED_EDGE('',*,*,#6998,.F.);
#7090 = ORIENTED_EDGE('',*,*,#6444,.T.);
#7091 = ORIENTED_EDGE('',*,*,#7092,.T.);
#7092 = EDGE_CURVE('',#6445,#6874,#7093,.T.);
#7093 = LINE('',#7094,#7095);
#7094 = CARTESIAN_POINT('',(6.775525351033,-3.317004518232,
    1.784714136585));
#7095 = VECTOR('',#7096,1.);
#7096 = DIRECTION('',(-1.,-2.731847993664E-16,1.635277892997E-17));
#7097 = ORIENTED_EDGE('',*,*,#6881,.T.);
#7098 = CYLINDRICAL_SURFACE('',#7099,0.254);
#7099 = AXIS2_PLACEMENT_3D('',#7100,#7101,#7102);
#7100 = CARTESIAN_POINT('',(6.775525351033,-3.063004518232,
    1.784714136585));
#7101 = DIRECTION('',(-1.,-2.731847993664E-16,1.635277892997E-17));
#7102 = DIRECTION('',(2.731847993664E-16,-1.,-4.467330631067E-33));
#7103 = ADVANCED_FACE('',(#7104),#7115,.T.);
#7104 = FACE_BOUND('',#7105,.T.);
#7105 = EDGE_LOOP('',(#7106,#7107,#7113,#7114));
#7106 = ORIENTED_EDGE('',*,*,#6922,.T.);
#7107 = ORIENTED_EDGE('',*,*,#7108,.T.);
#7108 = EDGE_CURVE('',#6923,#6568,#7109,.T.);
#7109 = LINE('',#7110,#7111);
#7110 = CARTESIAN_POINT('',(6.572427324709,-5.444011109615,
    0.743314136585));
#7111 = VECTOR('',#7112,1.);
#7112 = DIRECTION('',(-2.731847993664E-16,1.,2.731847993664E-16));
#7113 = ORIENTED_EDGE('',*,*,#6567,.T.);
#7114 = ORIENTED_EDGE('',*,*,#7005,.T.);
#7115 = CYLINDRICAL_SURFACE('',#7116,0.7874);
#7116 = AXIS2_PLACEMENT_3D('',#7117,#7118,#7119);
#7117 = CARTESIAN_POINT('',(5.785027324709,-5.444011109615,
    0.743314136585));
#7118 = DIRECTION('',(-2.731847993664E-16,1.,2.731847993664E-16));
#7119 = DIRECTION('',(7.462993460487E-32,-2.731847993664E-16,1.));
#7120 = ADVANCED_FACE('',(#7121),#7133,.T.);
#7121 = FACE_BOUND('',#7122,.T.);
#7122 = EDGE_LOOP('',(#7123,#7124,#7125,#7126,#7132));
#7123 = ORIENTED_EDGE('',*,*,#7012,.T.);
#7124 = ORIENTED_EDGE('',*,*,#6550,.T.);
#7125 = ORIENTED_EDGE('',*,*,#7075,.T.);
#7126 = ORIENTED_EDGE('',*,*,#7127,.T.);
#7127 = EDGE_CURVE('',#7068,#6711,#7128,.T.);
#7128 = LINE('',#7129,#7130);
#7129 = CARTESIAN_POINT('',(2.578521612732,-2.974594792939,
    -3.977240382847E-02));
#7130 = VECTOR('',#7131,1.);
#7131 = DIRECTION('',(2.731847993664E-16,-1.,-2.731847993664E-16));
#7132 = ORIENTED_EDGE('',*,*,#6710,.T.);
#7133 = CYLINDRICAL_SURFACE('',#7134,0.7874);
#7134 = AXIS2_PLACEMENT_3D('',#7135,#7136,#7137);
#7135 = CARTESIAN_POINT('',(2.660827324709,-2.974594792939,
    0.743314136585));
#7136 = DIRECTION('',(-2.731847993664E-16,1.,2.731847993664E-16));
#7137 = DIRECTION('',(7.462993460487E-32,-2.731847993664E-16,1.));
#7138 = ADVANCED_FACE('',(#7139),#7182,.T.);
#7139 = FACE_BOUND('',#7140,.T.);
#7140 = EDGE_LOOP('',(#7141,#7151,#7159,#7165,#7166,#7167,#7168,#7176));
#7141 = ORIENTED_EDGE('',*,*,#7142,.T.);
#7142 = EDGE_CURVE('',#7143,#7145,#7147,.T.);
#7143 = VERTEX_POINT('',#7144);
#7144 = CARTESIAN_POINT('',(3.383117494479,2.925371441463,0.284299726137
    ));
#7145 = VERTEX_POINT('',#7146);
#7146 = CARTESIAN_POINT('',(3.383117494479,1.797611441463,0.284299726137
    ));
#7147 = LINE('',#7148,#7149);
#7148 = CARTESIAN_POINT('',(3.383117494479,4.159811441463,0.284299726137
    ));
#7149 = VECTOR('',#7150,1.);
#7150 = DIRECTION('',(-2.541428511639E-17,-1.,-2.418007709408E-16));
#7151 = ORIENTED_EDGE('',*,*,#7152,.T.);
#7152 = EDGE_CURVE('',#7145,#7153,#7155,.T.);
#7153 = VERTEX_POINT('',#7154);
#7154 = CARTESIAN_POINT('',(2.789100574396,1.797611441463,0.346733420257
    ));
#7155 = LINE('',#7156,#7157);
#7156 = CARTESIAN_POINT('',(4.949290575305,1.797611441463,0.119688302183
    ));
#7157 = VECTOR('',#7158,1.);
#7158 = DIRECTION('',(-0.994521895368,-0.,0.104528463268));
#7159 = ORIENTED_EDGE('',*,*,#7160,.T.);
#7160 = EDGE_CURVE('',#7153,#7052,#7161,.T.);
#7161 = LINE('',#7162,#7163);
#7162 = CARTESIAN_POINT('',(2.789100574396,4.159811441463,0.346733420257
    ));
#7163 = VECTOR('',#7164,1.);
#7164 = DIRECTION('',(2.541428511639E-17,1.,2.418007709408E-16));
#7165 = ORIENTED_EDGE('',*,*,#7051,.T.);
#7166 = ORIENTED_EDGE('',*,*,#6670,.T.);
#7167 = ORIENTED_EDGE('',*,*,#6735,.T.);
#7168 = ORIENTED_EDGE('',*,*,#7169,.T.);
#7169 = EDGE_CURVE('',#6728,#7170,#7172,.T.);
#7170 = VERTEX_POINT('',#7171);
#7171 = CARTESIAN_POINT('',(4.949290575305,2.925371441463,0.119688302183
    ));
#7172 = LINE('',#7173,#7174);
#7173 = CARTESIAN_POINT('',(4.949290575305,4.159811441463,0.119688302183
    ));
#7174 = VECTOR('',#7175,1.);
#7175 = DIRECTION('',(2.541428511639E-17,1.,2.418007709408E-16));
#7176 = ORIENTED_EDGE('',*,*,#7177,.T.);
#7177 = EDGE_CURVE('',#7170,#7143,#7178,.T.);
#7178 = LINE('',#7179,#7180);
#7179 = CARTESIAN_POINT('',(4.949290575305,2.925371441463,0.119688302183
    ));
#7180 = VECTOR('',#7181,1.);
#7181 = DIRECTION('',(-0.994521895368,-0.,0.104528463268));
#7182 = PLANE('',#7183);
#7183 = AXIS2_PLACEMENT_3D('',#7184,#7185,#7186);
#7184 = CARTESIAN_POINT('',(4.949290575305,4.159811441463,0.119688302183
    ));
#7185 = DIRECTION('',(0.104528463268,-2.431326771858E-16,0.994521895368)
  );
#7186 = DIRECTION('',(0.994521895368,4.666802348502E-33,-0.104528463268)
  );
#7187 = ADVANCED_FACE('',(#7188),#7262,.T.);
#7188 = FACE_BOUND('',#7189,.T.);
#7189 = EDGE_LOOP('',(#7190,#7200,#7208,#7216,#7222,#7223,#7224,#7232,
    #7238,#7239,#7248,#7256));
#7190 = ORIENTED_EDGE('',*,*,#7191,.T.);
#7191 = EDGE_CURVE('',#7192,#7194,#7196,.T.);
#7192 = VERTEX_POINT('',#7193);
#7193 = CARTESIAN_POINT('',(3.295827324709,-2.190188558537,
    -1.872885863415));
#7194 = VERTEX_POINT('',#7195);
#7195 = CARTESIAN_POINT('',(4.210227324709,-2.190188558537,
    -1.872885863415));
#7196 = LINE('',#7197,#7198);
#7197 = CARTESIAN_POINT('',(5.785027324709,-2.190188558537,
    -1.872885863415));
#7198 = VECTOR('',#7199,1.);
#7199 = DIRECTION('',(1.,-7.137609884543E-32,2.612740496944E-16));
#7200 = ORIENTED_EDGE('',*,*,#7201,.T.);
#7201 = EDGE_CURVE('',#7194,#7202,#7204,.T.);
#7202 = VERTEX_POINT('',#7203);
#7203 = CARTESIAN_POINT('',(4.210227324709,-3.063004518232,
    -1.872885863415));
#7204 = LINE('',#7205,#7206);
#7205 = CARTESIAN_POINT('',(4.210227324709,4.159811441463,
    -1.872885863415));
#7206 = VECTOR('',#7207,1.);
#7207 = DIRECTION('',(0.,-1.,-2.731847993664E-16));
#7208 = ORIENTED_EDGE('',*,*,#7209,.T.);
#7209 = EDGE_CURVE('',#7202,#7210,#7212,.T.);
#7210 = VERTEX_POINT('',#7211);
#7211 = CARTESIAN_POINT('',(5.785027324709,-3.063004518232,
    -1.872885863415));
#7212 = LINE('',#7213,#7214);
#7213 = CARTESIAN_POINT('',(5.785027324709,-3.063004518232,
    -1.872885863415));
#7214 = VECTOR('',#7215,1.);
#7215 = DIRECTION('',(1.,-7.137609884543E-32,2.612740496944E-16));
#7216 = ORIENTED_EDGE('',*,*,#7217,.T.);
#7217 = EDGE_CURVE('',#7210,#6942,#7218,.T.);
#7218 = LINE('',#7219,#7220);
#7219 = CARTESIAN_POINT('',(5.785027324709,4.159811441463,
    -1.872885863415));
#7220 = VECTOR('',#7221,1.);
#7221 = DIRECTION('',(-0.,1.,2.731847993664E-16));
#7222 = ORIENTED_EDGE('',*,*,#7035,.T.);
#7223 = ORIENTED_EDGE('',*,*,#6627,.T.);
#7224 = ORIENTED_EDGE('',*,*,#7225,.T.);
#7225 = EDGE_CURVE('',#6619,#7226,#7228,.T.);
#7226 = VERTEX_POINT('',#7227);
#7227 = CARTESIAN_POINT('',(2.660827324709,-0.361388558537,
    -1.872885863415));
#7228 = LINE('',#7229,#7230);
#7229 = CARTESIAN_POINT('',(2.660827324709,4.159811441463,
    -1.872885863415));
#7230 = VECTOR('',#7231,1.);
#7231 = DIRECTION('',(0.,-1.,-2.731847993664E-16));
#7232 = ORIENTED_EDGE('',*,*,#7233,.T.);
#7233 = EDGE_CURVE('',#7226,#6298,#7234,.T.);
#7234 = LINE('',#7235,#7236);
#7235 = CARTESIAN_POINT('',(5.785027324709,-0.361388558537,
    -1.872885863415));
#7236 = VECTOR('',#7237,1.);
#7237 = DIRECTION('',(1.,-7.137609884543E-32,2.612740496944E-16));
#7238 = ORIENTED_EDGE('',*,*,#6305,.T.);
#7239 = ORIENTED_EDGE('',*,*,#7240,.T.);
#7240 = EDGE_CURVE('',#6306,#7241,#7243,.T.);
#7241 = VERTEX_POINT('',#7242);
#7242 = CARTESIAN_POINT('',(4.997627324709,-1.174188558537,
    -1.872885863415));
#7243 = CIRCLE('',#7244,0.4064);
#7244 = AXIS2_PLACEMENT_3D('',#7245,#7246,#7247);
#7245 = CARTESIAN_POINT('',(4.997627324709,-0.767788558537,
    -1.872885863415));
#7246 = DIRECTION('',(-1.402716173986E-14,2.731847993664E-16,-1.));
#7247 = DIRECTION('',(1.,4.220599893091E-32,-1.402716173986E-14));
#7248 = ORIENTED_EDGE('',*,*,#7249,.T.);
#7249 = EDGE_CURVE('',#7241,#7250,#7252,.T.);
#7250 = VERTEX_POINT('',#7251);
#7251 = CARTESIAN_POINT('',(3.295827324709,-1.174188558537,
    -1.872885863415));
#7252 = LINE('',#7253,#7254);
#7253 = CARTESIAN_POINT('',(5.785027324709,-1.174188558537,
    -1.872885863415));
#7254 = VECTOR('',#7255,1.);
#7255 = DIRECTION('',(-1.,7.137609884543E-32,-2.612740496944E-16));
#7256 = ORIENTED_EDGE('',*,*,#7257,.T.);
#7257 = EDGE_CURVE('',#7250,#7192,#7258,.T.);
#7258 = LINE('',#7259,#7260);
#7259 = CARTESIAN_POINT('',(3.295827324709,4.159811441463,
    -1.872885863415));
#7260 = VECTOR('',#7261,1.);
#7261 = DIRECTION('',(0.,-1.,-2.731847993664E-16));
#7262 = PLANE('',#7263);
#7263 = AXIS2_PLACEMENT_3D('',#7264,#7265,#7266);
#7264 = CARTESIAN_POINT('',(5.785027324709,4.159811441463,
    -1.872885863415));
#7265 = DIRECTION('',(-2.612740496944E-16,-2.731847993664E-16,1.));
#7266 = DIRECTION('',(1.743113391516E-48,-1.,-2.731847993664E-16));
#7267 = ADVANCED_FACE('',(#7268,#7279),#7369,.F.);
#7268 = FACE_BOUND('',#7269,.T.);
#7269 = EDGE_LOOP('',(#7270,#7271,#7277,#7278));
#7270 = ORIENTED_EDGE('',*,*,#6967,.T.);
#7271 = ORIENTED_EDGE('',*,*,#7272,.F.);
#7272 = EDGE_CURVE('',#6577,#6959,#7273,.T.);
#7273 = LINE('',#7274,#7275);
#7274 = CARTESIAN_POINT('',(6.572427324709,4.159811441463,
    -1.491885863415));
#7275 = VECTOR('',#7276,1.);
#7276 = DIRECTION('',(2.731847993664E-16,-1.,0.));
#7277 = ORIENTED_EDGE('',*,*,#6576,.F.);
#7278 = ORIENTED_EDGE('',*,*,#7108,.F.);
#7279 = FACE_BOUND('',#7280,.T.);
#7280 = EDGE_LOOP('',(#7281,#7291,#7299,#7307,#7315,#7323,#7331,#7339,
    #7347,#7355,#7363));
#7281 = ORIENTED_EDGE('',*,*,#7282,.F.);
#7282 = EDGE_CURVE('',#7283,#7285,#7287,.T.);
#7283 = VERTEX_POINT('',#7284);
#7284 = CARTESIAN_POINT('',(6.572427324709,-0.239856614092,
    6.714136584522E-03));
#7285 = VERTEX_POINT('',#7286);
#7286 = CARTESIAN_POINT('',(6.572427324709,-0.239856614092,
    0.260714136585));
#7287 = LINE('',#7288,#7289);
#7288 = CARTESIAN_POINT('',(6.572427324709,-0.239856614092,
    -1.491885863415));
#7289 = VECTOR('',#7290,1.);
#7290 = DIRECTION('',(-1.224606353822E-16,-3.345438410718E-32,1.));
#7291 = ORIENTED_EDGE('',*,*,#7292,.F.);
#7292 = EDGE_CURVE('',#7293,#7283,#7295,.T.);
#7293 = VERTEX_POINT('',#7294);
#7294 = CARTESIAN_POINT('',(6.572427324709,-0.730514375173,
    6.714136584522E-03));
#7295 = LINE('',#7296,#7297);
#7296 = CARTESIAN_POINT('',(6.572427324709,4.159811441463,
    6.714136584522E-03));
#7297 = VECTOR('',#7298,1.);
#7298 = DIRECTION('',(-2.731847993664E-16,1.,-0.));
#7299 = ORIENTED_EDGE('',*,*,#7300,.F.);
#7300 = EDGE_CURVE('',#7301,#7293,#7303,.T.);
#7301 = VERTEX_POINT('',#7302);
#7302 = CARTESIAN_POINT('',(6.572427324709,-0.239856614092,
    -0.564785863415));
#7303 = LINE('',#7304,#7305);
#7304 = CARTESIAN_POINT('',(6.572427324709,-0.239856614092,
    -0.564785863415));
#7305 = VECTOR('',#7306,1.);
#7306 = DIRECTION('',(1.151521208108E-15,-0.651403898813,0.758731151734)
  );
#7307 = ORIENTED_EDGE('',*,*,#7308,.F.);
#7308 = EDGE_CURVE('',#7309,#7301,#7311,.T.);
#7309 = VERTEX_POINT('',#7310);
#7310 = CARTESIAN_POINT('',(6.572427324709,-0.239856614092,
    -0.958485863415));
#7311 = LINE('',#7312,#7313);
#7312 = CARTESIAN_POINT('',(6.572427324709,-0.239856614092,
    -1.491885863415));
#7313 = VECTOR('',#7314,1.);
#7314 = DIRECTION('',(-1.224606353822E-16,-3.345438410718E-32,1.));
#7315 = ORIENTED_EDGE('',*,*,#7316,.F.);
#7316 = EDGE_CURVE('',#7317,#7309,#7319,.T.);
#7317 = VERTEX_POINT('',#7318);
#7318 = CARTESIAN_POINT('',(6.572427324709,-0.849456614092,
    -0.248446345783));
#7319 = LINE('',#7320,#7321);
#7320 = CARTESIAN_POINT('',(6.572427324709,-0.849456614092,
    -0.248446345783));
#7321 = VECTOR('',#7322,1.);
#7322 = DIRECTION('',(-9.268418927279E-16,0.651403898813,-0.758731151734
    ));
#7323 = ORIENTED_EDGE('',*,*,#7324,.F.);
#7324 = EDGE_CURVE('',#7325,#7317,#7327,.T.);
#7325 = VERTEX_POINT('',#7326);
#7326 = CARTESIAN_POINT('',(6.572427324709,-1.610945961767,
    -1.161685863415));
#7327 = LINE('',#7328,#7329);
#7328 = CARTESIAN_POINT('',(6.572427324709,-1.610945961767,
    -1.161685863415));
#7329 = VECTOR('',#7330,1.);
#7330 = DIRECTION('',(0.,0.640410903389,0.7680324699));
#7331 = ORIENTED_EDGE('',*,*,#7332,.F.);
#7332 = EDGE_CURVE('',#7333,#7325,#7335,.T.);
#7333 = VERTEX_POINT('',#7334);
#7334 = CARTESIAN_POINT('',(6.572427324709,-1.966545961767,
    -1.161685863415));
#7335 = LINE('',#7336,#7337);
#7336 = CARTESIAN_POINT('',(6.572427324709,4.159811441463,
    -1.161685863415));
#7337 = VECTOR('',#7338,1.);
#7338 = DIRECTION('',(-2.731847993664E-16,1.,-0.));
#7339 = ORIENTED_EDGE('',*,*,#7340,.F.);
#7340 = EDGE_CURVE('',#7341,#7333,#7343,.T.);
#7341 = VERTEX_POINT('',#7342);
#7342 = CARTESIAN_POINT('',(6.572427324709,-0.992295355387,
    6.714136584521E-03));
#7343 = LINE('',#7344,#7345);
#7344 = CARTESIAN_POINT('',(6.572427324709,-0.992295355387,
    6.714136584522E-03));
#7345 = VECTOR('',#7346,1.);
#7346 = DIRECTION('',(0.,-0.640410903389,-0.7680324699));
#7347 = ORIENTED_EDGE('',*,*,#7348,.F.);
#7348 = EDGE_CURVE('',#7349,#7341,#7351,.T.);
#7349 = VERTEX_POINT('',#7350);
#7350 = CARTESIAN_POINT('',(6.572427324709,-1.459056614092,
    6.714136584522E-03));
#7351 = LINE('',#7352,#7353);
#7352 = CARTESIAN_POINT('',(6.572427324709,4.159811441463,
    6.714136584522E-03));
#7353 = VECTOR('',#7354,1.);
#7354 = DIRECTION('',(-2.731847993664E-16,1.,-0.));
#7355 = ORIENTED_EDGE('',*,*,#7356,.F.);
#7356 = EDGE_CURVE('',#7357,#7349,#7359,.T.);
#7357 = VERTEX_POINT('',#7358);
#7358 = CARTESIAN_POINT('',(6.572427324709,-1.459056614092,
    0.260714136585));
#7359 = LINE('',#7360,#7361);
#7360 = CARTESIAN_POINT('',(6.572427324709,-1.459056614092,
    -1.491885863415));
#7361 = VECTOR('',#7362,1.);
#7362 = DIRECTION('',(1.224606353822E-16,3.345438410718E-32,-1.));
#7363 = ORIENTED_EDGE('',*,*,#7364,.F.);
#7364 = EDGE_CURVE('',#7285,#7357,#7365,.T.);
#7365 = LINE('',#7366,#7367);
#7366 = CARTESIAN_POINT('',(6.572427324709,4.159811441463,0.260714136585
    ));
#7367 = VECTOR('',#7368,1.);
#7368 = DIRECTION('',(2.731847993664E-16,-1.,0.));
#7369 = PLANE('',#7370);
#7370 = AXIS2_PLACEMENT_3D('',#7371,#7372,#7373);
#7371 = CARTESIAN_POINT('',(6.572427324709,4.159811441463,
    -1.491885863415));
#7372 = DIRECTION('',(-1.,-2.731847993664E-16,-1.224606353822E-16));
#7373 = DIRECTION('',(2.731847993664E-16,-1.,0.));
#7374 = ADVANCED_FACE('',(#7375),#7402,.F.);
#7375 = FACE_BOUND('',#7376,.T.);
#7376 = EDGE_LOOP('',(#7377,#7378,#7386,#7394,#7400,#7401));
#7377 = ORIENTED_EDGE('',*,*,#6873,.F.);
#7378 = ORIENTED_EDGE('',*,*,#7379,.F.);
#7379 = EDGE_CURVE('',#7380,#6866,#7382,.T.);
#7380 = VERTEX_POINT('',#7381);
#7381 = CARTESIAN_POINT('',(4.591227324709,-3.317004518232,
    4.003730096279));
#7382 = LINE('',#7383,#7384);
#7383 = CARTESIAN_POINT('',(4.591227324709,-3.317004518232,
    4.003730096279));
#7384 = VECTOR('',#7385,1.);
#7385 = DIRECTION('',(-0.707106781187,-1.609756867909E-15,
    -0.707106781187));
#7386 = ORIENTED_EDGE('',*,*,#7387,.F.);
#7387 = EDGE_CURVE('',#7388,#7380,#7390,.T.);
#7388 = VERTEX_POINT('',#7389);
#7389 = CARTESIAN_POINT('',(5.404027324709,-3.317004518232,
    4.003730096279));
#7390 = LINE('',#7391,#7392);
#7391 = CARTESIAN_POINT('',(5.785027324709,-3.317004518232,
    4.003730096279));
#7392 = VECTOR('',#7393,1.);
#7393 = DIRECTION('',(-1.,-2.731847993664E-16,8.791896944386E-31));
#7394 = ORIENTED_EDGE('',*,*,#7395,.F.);
#7395 = EDGE_CURVE('',#6454,#7388,#7396,.T.);
#7396 = LINE('',#7397,#7398);
#7397 = CARTESIAN_POINT('',(5.785027324709,-3.317004518232,
    3.622730096279));
#7398 = VECTOR('',#7399,1.);
#7399 = DIRECTION('',(-0.707106781187,1.609756867909E-15,0.707106781187)
  );
#7400 = ORIENTED_EDGE('',*,*,#6453,.F.);
#7401 = ORIENTED_EDGE('',*,*,#7092,.T.);
#7402 = PLANE('',#7403);
#7403 = AXIS2_PLACEMENT_3D('',#7404,#7405,#7406);
#7404 = CARTESIAN_POINT('',(5.785027324709,-3.317004518232,
    -6.156269903721));
#7405 = DIRECTION('',(2.731847993664E-16,-1.,3.218296539477E-15));
#7406 = DIRECTION('',(0.,-3.218296539477E-15,-1.));
#7407 = ADVANCED_FACE('',(#7408),#7433,.F.);
#7408 = FACE_BOUND('',#7409,.T.);
#7409 = EDGE_LOOP('',(#7410,#7418,#7426,#7432));
#7410 = ORIENTED_EDGE('',*,*,#7411,.F.);
#7411 = EDGE_CURVE('',#7412,#7145,#7414,.T.);
#7412 = VERTEX_POINT('',#7413);
#7413 = CARTESIAN_POINT('',(3.340637127007,1.797611441463,-0.11987397214
    ));
#7414 = LINE('',#7415,#7416);
#7415 = CARTESIAN_POINT('',(3.340637127007,1.797611441463,-0.11987397214
    ));
#7416 = VECTOR('',#7417,1.);
#7417 = DIRECTION('',(0.104528463268,-5.335640612626E-16,0.994521895368)
  );
#7418 = ORIENTED_EDGE('',*,*,#7419,.F.);
#7419 = EDGE_CURVE('',#7420,#7412,#7422,.T.);
#7420 = VERTEX_POINT('',#7421);
#7421 = CARTESIAN_POINT('',(2.746620206924,1.797611441463,
    -5.744027802021E-02));
#7422 = LINE('',#7423,#7424);
#7423 = CARTESIAN_POINT('',(2.746620206924,1.797611441463,
    -5.74402780202E-02));
#7424 = VECTOR('',#7425,1.);
#7425 = DIRECTION('',(0.994521895368,3.630411064361E-16,-0.104528463268)
  );
#7426 = ORIENTED_EDGE('',*,*,#7427,.F.);
#7427 = EDGE_CURVE('',#7153,#7420,#7428,.T.);
#7428 = LINE('',#7429,#7430);
#7429 = CARTESIAN_POINT('',(2.789100574396,1.797611441463,0.346733420257
    ));
#7430 = VECTOR('',#7431,1.);
#7431 = DIRECTION('',(-0.104528463268,5.335640612626E-16,-0.994521895368
    ));
#7432 = ORIENTED_EDGE('',*,*,#7152,.F.);
#7433 = PLANE('',#7434);
#7434 = AXIS2_PLACEMENT_3D('',#7435,#7436,#7437);
#7435 = CARTESIAN_POINT('',(5.029421012257,1.797611441463,
    -0.297372310929));
#7436 = DIRECTION('',(2.731847993664E-16,-1.,-2.731847993664E-16));
#7437 = DIRECTION('',(0.,2.731847993664E-16,-1.));
#7438 = ADVANCED_FACE('',(#7439),#7491,.T.);
#7439 = FACE_BOUND('',#7440,.T.);
#7440 = EDGE_LOOP('',(#7441,#7449,#7450,#7451,#7460,#7468,#7476,#7484));
#7441 = ORIENTED_EDGE('',*,*,#7442,.T.);
#7442 = EDGE_CURVE('',#7443,#7412,#7445,.T.);
#7443 = VERTEX_POINT('',#7444);
#7444 = CARTESIAN_POINT('',(3.340637127007,2.925371441463,-0.11987397214
    ));
#7445 = LINE('',#7446,#7447);
#7446 = CARTESIAN_POINT('',(3.340637127007,2.925371441463,-0.11987397214
    ));
#7447 = VECTOR('',#7448,1.);
#7448 = DIRECTION('',(2.985990844828E-16,-1.,-3.138402842559E-17));
#7449 = ORIENTED_EDGE('',*,*,#7411,.T.);
#7450 = ORIENTED_EDGE('',*,*,#7142,.F.);
#7451 = ORIENTED_EDGE('',*,*,#7452,.T.);
#7452 = EDGE_CURVE('',#7143,#7453,#7455,.T.);
#7453 = VERTEX_POINT('',#7454);
#7454 = CARTESIAN_POINT('',(3.426791285261,3.522076255662,0.699828088738
    ));
#7455 = CIRCLE('',#7456,0.635);
#7456 = AXIS2_PLACEMENT_3D('',#7457,#7458,#7459);
#7457 = CARTESIAN_POINT('',(3.449493068654,2.925371441463,0.915821129696
    ));
#7458 = DIRECTION('',(0.994521895368,3.002438517176E-16,-0.104528463268)
  );
#7459 = DIRECTION('',(0.104528463268,6.829619984161E-16,0.994521895368)
  );
#7460 = ORIENTED_EDGE('',*,*,#7461,.F.);
#7461 = EDGE_CURVE('',#7462,#7453,#7464,.T.);
#7462 = VERTEX_POINT('',#7463);
#7463 = CARTESIAN_POINT('',(3.456467715888,3.625410190456,0.982180465421
    ));
#7464 = LINE('',#7465,#7466);
#7465 = CARTESIAN_POINT('',(3.456467715888,3.625410190456,0.982180465421
    ));
#7466 = VECTOR('',#7467,1.);
#7467 = DIRECTION('',(-9.822462559469E-02,-0.342020143326,
    -0.934544886288));
#7468 = ORIENTED_EDGE('',*,*,#7469,.F.);
#7469 = EDGE_CURVE('',#7470,#7462,#7472,.T.);
#7470 = VERTEX_POINT('',#7471);
#7471 = CARTESIAN_POINT('',(3.441938574516,4.007301271544,0.843944919208
    ));
#7472 = LINE('',#7473,#7474);
#7473 = CARTESIAN_POINT('',(3.441938574516,4.007301271544,0.843944919208
    ));
#7474 = VECTOR('',#7475,1.);
#7475 = DIRECTION('',(3.575083998841E-02,-0.939692620786,0.340146521194)
  );
#7476 = ORIENTED_EDGE('',*,*,#7477,.F.);
#7477 = EDGE_CURVE('',#7478,#7470,#7480,.T.);
#7478 = VERTEX_POINT('',#7479);
#7479 = CARTESIAN_POINT('',(3.41226214389,3.90396733675,0.561592542524)
  );
#7480 = LINE('',#7481,#7482);
#7481 = CARTESIAN_POINT('',(3.41226214389,3.90396733675,0.561592542524)
  );
#7482 = VECTOR('',#7483,1.);
#7483 = DIRECTION('',(9.822462559469E-02,0.342020143326,0.934544886288)
  );
#7484 = ORIENTED_EDGE('',*,*,#7485,.F.);
#7485 = EDGE_CURVE('',#7443,#7478,#7486,.T.);
#7486 = CIRCLE('',#7487,1.0414);
#7487 = AXIS2_PLACEMENT_3D('',#7488,#7489,#7490);
#7488 = CARTESIAN_POINT('',(3.449493068654,2.925371441463,0.915821129696
    ));
#7489 = DIRECTION('',(0.994521895368,3.002438517176E-16,-0.104528463268)
  );
#7490 = DIRECTION('',(0.104528463268,-3.976458083287E-32,0.994521895368)
  );
#7491 = PLANE('',#7492);
#7492 = AXIS2_PLACEMENT_3D('',#7493,#7494,#7495);
#7493 = CARTESIAN_POINT('',(3.383117494479,2.925371441463,0.284299726137
    ));
#7494 = DIRECTION('',(-0.994521895368,-3.002438517175E-16,0.104528463268
    ));
#7495 = DIRECTION('',(0.104528463268,1.356737120192E-33,0.994521895368)
  );
#7496 = ADVANCED_FACE('',(#7497),#7516,.F.);
#7497 = FACE_BOUND('',#7498,.F.);
#7498 = EDGE_LOOP('',(#7499,#7500,#7501,#7509));
#7499 = ORIENTED_EDGE('',*,*,#7177,.T.);
#7500 = ORIENTED_EDGE('',*,*,#7452,.T.);
#7501 = ORIENTED_EDGE('',*,*,#7502,.T.);
#7502 = EDGE_CURVE('',#7453,#7503,#7505,.T.);
#7503 = VERTEX_POINT('',#7504);
#7504 = CARTESIAN_POINT('',(4.992964366087,3.522076255662,0.535216664784
    ));
#7505 = LINE('',#7506,#7507);
#7506 = CARTESIAN_POINT('',(3.426791285261,3.522076255662,0.699828088738
    ));
#7507 = VECTOR('',#7508,1.);
#7508 = DIRECTION('',(0.994521895368,3.002438517176E-16,-0.104528463268)
  );
#7509 = ORIENTED_EDGE('',*,*,#7510,.T.);
#7510 = EDGE_CURVE('',#7503,#7170,#7511,.T.);
#7511 = CIRCLE('',#7512,0.635);
#7512 = AXIS2_PLACEMENT_3D('',#7513,#7514,#7515);
#7513 = CARTESIAN_POINT('',(5.01566614948,2.925371441463,0.751209705742)
  );
#7514 = DIRECTION('',(-0.994521895368,-3.002438517176E-16,0.104528463268
    ));
#7515 = DIRECTION('',(0.104528463268,-1.445351698075E-31,0.994521895368)
  );
#7516 = CYLINDRICAL_SURFACE('',#7517,0.635);
#7517 = AXIS2_PLACEMENT_3D('',#7518,#7519,#7520);
#7518 = CARTESIAN_POINT('',(3.449493068654,2.925371441463,0.915821129696
    ));
#7519 = DIRECTION('',(-0.994521895368,-3.002438517176E-16,0.104528463268
    ));
#7520 = DIRECTION('',(0.104528463268,5.268005649772E-32,0.994521895368)
  );
#7521 = ADVANCED_FACE('',(#7522),#7566,.T.);
#7522 = FACE_BOUND('',#7523,.T.);
#7523 = EDGE_LOOP('',(#7524,#7525,#7526,#7534,#7543,#7551,#7559,#7565));
#7524 = ORIENTED_EDGE('',*,*,#7169,.F.);
#7525 = ORIENTED_EDGE('',*,*,#6727,.T.);
#7526 = ORIENTED_EDGE('',*,*,#7527,.T.);
#7527 = EDGE_CURVE('',#6720,#7528,#7530,.T.);
#7528 = VERTEX_POINT('',#7529);
#7529 = CARTESIAN_POINT('',(4.906810207833,2.925371441463,
    -0.284485396094));
#7530 = LINE('',#7531,#7532);
#7531 = CARTESIAN_POINT('',(4.906810207833,4.159811441463,
    -0.284485396094));
#7532 = VECTOR('',#7533,1.);
#7533 = DIRECTION('',(-2.985990844828E-16,1.,3.13840284256E-17));
#7534 = ORIENTED_EDGE('',*,*,#7535,.T.);
#7535 = EDGE_CURVE('',#7528,#7536,#7538,.T.);
#7536 = VERTEX_POINT('',#7537);
#7537 = CARTESIAN_POINT('',(4.978435224716,3.90396733675,0.39698111857)
  );
#7538 = CIRCLE('',#7539,1.0414);
#7539 = AXIS2_PLACEMENT_3D('',#7540,#7541,#7542);
#7540 = CARTESIAN_POINT('',(5.01566614948,2.925371441463,0.751209705742)
  );
#7541 = DIRECTION('',(0.994521895368,3.002438517176E-16,-0.104528463268)
  );
#7542 = DIRECTION('',(0.104528463268,8.965791142995E-32,0.994521895368)
  );
#7543 = ORIENTED_EDGE('',*,*,#7544,.F.);
#7544 = EDGE_CURVE('',#7545,#7536,#7547,.T.);
#7545 = VERTEX_POINT('',#7546);
#7546 = CARTESIAN_POINT('',(5.008111655342,4.007301271544,0.679333495254
    ));
#7547 = LINE('',#7548,#7549);
#7548 = CARTESIAN_POINT('',(5.008111655342,4.007301271544,0.679333495254
    ));
#7549 = VECTOR('',#7550,1.);
#7550 = DIRECTION('',(-9.822462559469E-02,-0.342020143326,
    -0.934544886288));
#7551 = ORIENTED_EDGE('',*,*,#7552,.F.);
#7552 = EDGE_CURVE('',#7553,#7545,#7555,.T.);
#7553 = VERTEX_POINT('',#7554);
#7554 = CARTESIAN_POINT('',(5.022640796714,3.625410190456,0.817569041468
    ));
#7555 = LINE('',#7556,#7557);
#7556 = CARTESIAN_POINT('',(5.022640796714,3.625410190456,0.817569041468
    ));
#7557 = VECTOR('',#7558,1.);
#7558 = DIRECTION('',(-3.575083998841E-02,0.939692620786,-0.340146521194
    ));
#7559 = ORIENTED_EDGE('',*,*,#7560,.F.);
#7560 = EDGE_CURVE('',#7503,#7553,#7561,.T.);
#7561 = LINE('',#7562,#7563);
#7562 = CARTESIAN_POINT('',(4.992964366087,3.522076255662,0.535216664784
    ));
#7563 = VECTOR('',#7564,1.);
#7564 = DIRECTION('',(9.822462559471E-02,0.342020143326,0.934544886288)
  );
#7565 = ORIENTED_EDGE('',*,*,#7510,.T.);
#7566 = PLANE('',#7567);
#7567 = AXIS2_PLACEMENT_3D('',#7568,#7569,#7570);
#7568 = CARTESIAN_POINT('',(4.906810207833,4.159811441463,
    -0.284485396094));
#7569 = DIRECTION('',(0.994521895368,3.002438517176E-16,-0.104528463268)
  );
#7570 = DIRECTION('',(-0.104528463268,2.964924381309E-33,-0.994521895368
    ));
#7571 = ADVANCED_FACE('',(#7572),#7583,.F.);
#7572 = FACE_BOUND('',#7573,.T.);
#7573 = EDGE_LOOP('',(#7574,#7575,#7576,#7577));
#7574 = ORIENTED_EDGE('',*,*,#7059,.F.);
#7575 = ORIENTED_EDGE('',*,*,#7160,.F.);
#7576 = ORIENTED_EDGE('',*,*,#7427,.T.);
#7577 = ORIENTED_EDGE('',*,*,#7578,.F.);
#7578 = EDGE_CURVE('',#7060,#7420,#7579,.T.);
#7579 = LINE('',#7580,#7581);
#7580 = CARTESIAN_POINT('',(2.746620206924,1.797611441463,
    -5.744027802023E-02));
#7581 = VECTOR('',#7582,1.);
#7582 = DIRECTION('',(-6.657331397378E-17,-1.,6.997137254315E-18));
#7583 = PLANE('',#7584);
#7584 = AXIS2_PLACEMENT_3D('',#7585,#7586,#7587);
#7585 = CARTESIAN_POINT('',(2.746620206924,1.797611441463,
    -5.74402780202E-02));
#7586 = DIRECTION('',(-0.994521895368,6.694001839861E-17,0.104528463268)
  );
#7587 = DIRECTION('',(0.104528463268,7.66051568088E-34,0.994521895368));
#7588 = ADVANCED_FACE('',(#7589),#7648,.F.);
#7589 = FACE_BOUND('',#7590,.T.);
#7590 = EDGE_LOOP('',(#7591,#7601,#7610,#7618,#7626,#7634,#7641,#7642));
#7591 = ORIENTED_EDGE('',*,*,#7592,.T.);
#7592 = EDGE_CURVE('',#7593,#7595,#7597,.T.);
#7593 = VERTEX_POINT('',#7594);
#7594 = CARTESIAN_POINT('',(4.210227324709,-2.190188558537,
    -2.279285863415));
#7595 = VERTEX_POINT('',#7596);
#7596 = CARTESIAN_POINT('',(4.210227324709,-3.063004518232,
    -2.279285863415));
#7597 = LINE('',#7598,#7599);
#7598 = CARTESIAN_POINT('',(4.210227324709,4.159811441463,
    -2.279285863415));
#7599 = VECTOR('',#7600,1.);
#7600 = DIRECTION('',(0.,-1.,-2.731847993664E-16));
#7601 = ORIENTED_EDGE('',*,*,#7602,.T.);
#7602 = EDGE_CURVE('',#7595,#7603,#7605,.T.);
#7603 = VERTEX_POINT('',#7604);
#7604 = CARTESIAN_POINT('',(4.210227324709,-3.317004518232,
    -2.533285863415));
#7605 = CIRCLE('',#7606,0.254);
#7606 = AXIS2_PLACEMENT_3D('',#7607,#7608,#7609);
#7607 = CARTESIAN_POINT('',(4.210227324709,-3.063004518232,
    -2.533285863415));
#7608 = DIRECTION('',(1.,-2.203103220697E-18,2.612740496944E-16));
#7609 = DIRECTION('',(2.612740496944E-16,-5.756137003664E-34,-1.));
#7610 = ORIENTED_EDGE('',*,*,#7611,.F.);
#7611 = EDGE_CURVE('',#7612,#7603,#7614,.T.);
#7612 = VERTEX_POINT('',#7613);
#7613 = CARTESIAN_POINT('',(4.210227324709,-3.317004518232,
    -4.37130182311));
#7614 = LINE('',#7615,#7616);
#7615 = CARTESIAN_POINT('',(4.210227324709,-3.317004518232,
    -0.94230182311));
#7616 = VECTOR('',#7617,1.);
#7617 = DIRECTION('',(-5.366619522816E-16,-7.666877524199E-30,1.));
#7618 = ORIENTED_EDGE('',*,*,#7619,.F.);
#7619 = EDGE_CURVE('',#7620,#7612,#7622,.T.);
#7620 = VERTEX_POINT('',#7621);
#7621 = CARTESIAN_POINT('',(4.210227324709,-3.723404518232,
    -4.37130182311));
#7622 = LINE('',#7623,#7624);
#7623 = CARTESIAN_POINT('',(4.210227324709,-3.317004518232,
    -4.37130182311));
#7624 = VECTOR('',#7625,1.);
#7625 = DIRECTION('',(-5.260783274063E-15,1.,-5.260783274063E-15));
#7626 = ORIENTED_EDGE('',*,*,#7627,.F.);
#7627 = EDGE_CURVE('',#7628,#7620,#7630,.T.);
#7628 = VERTEX_POINT('',#7629);
#7629 = CARTESIAN_POINT('',(4.210227324709,-3.723404518232,
    -2.533285863415));
#7630 = LINE('',#7631,#7632);
#7631 = CARTESIAN_POINT('',(4.210227324709,-3.723404518232,5.40769817689
    ));
#7632 = VECTOR('',#7633,1.);
#7633 = DIRECTION('',(0.,3.76466613821E-15,-1.));
#7634 = ORIENTED_EDGE('',*,*,#7635,.F.);
#7635 = EDGE_CURVE('',#7202,#7628,#7636,.T.);
#7636 = CIRCLE('',#7637,0.6604);
#7637 = AXIS2_PLACEMENT_3D('',#7638,#7639,#7640);
#7638 = CARTESIAN_POINT('',(4.210227324709,-3.063004518232,
    -2.533285863415));
#7639 = DIRECTION('',(1.,-2.203103220697E-18,2.612740496944E-16));
#7640 = DIRECTION('',(2.612740496944E-16,-5.756137003664E-34,-1.));
#7641 = ORIENTED_EDGE('',*,*,#7201,.F.);
#7642 = ORIENTED_EDGE('',*,*,#7643,.F.);
#7643 = EDGE_CURVE('',#7593,#7194,#7644,.T.);
#7644 = LINE('',#7645,#7646);
#7645 = CARTESIAN_POINT('',(4.210227324709,-2.190188558537,
    -2.279285863415));
#7646 = VECTOR('',#7647,1.);
#7647 = DIRECTION('',(1.402716173986E-14,-0.,1.));
#7648 = PLANE('',#7649);
#7649 = AXIS2_PLACEMENT_3D('',#7650,#7651,#7652);
#7650 = CARTESIAN_POINT('',(4.210227324709,-2.190188558537,
    -2.279285863415));
#7651 = DIRECTION('',(1.,2.731847993664E-16,-1.402716173986E-14));
#7652 = DIRECTION('',(-1.402716173986E-14,-1.168344686597E-46,-1.));
#7653 = ADVANCED_FACE('',(#7654),#7672,.F.);
#7654 = FACE_BOUND('',#7655,.T.);
#7655 = EDGE_LOOP('',(#7656,#7664,#7670,#7671));
#7656 = ORIENTED_EDGE('',*,*,#7657,.F.);
#7657 = EDGE_CURVE('',#7658,#7192,#7660,.T.);
#7658 = VERTEX_POINT('',#7659);
#7659 = CARTESIAN_POINT('',(3.295827324709,-2.190188558537,
    -2.279285863415));
#7660 = LINE('',#7661,#7662);
#7661 = CARTESIAN_POINT('',(3.295827324709,-2.190188558537,
    -2.279285863415));
#7662 = VECTOR('',#7663,1.);
#7663 = DIRECTION('',(0.,-2.731847993664E-16,1.));
#7664 = ORIENTED_EDGE('',*,*,#7665,.T.);
#7665 = EDGE_CURVE('',#7658,#7593,#7666,.T.);
#7666 = LINE('',#7667,#7668);
#7667 = CARTESIAN_POINT('',(5.785027324709,-2.190188558537,
    -2.279285863415));
#7668 = VECTOR('',#7669,1.);
#7669 = DIRECTION('',(1.,-7.137609884543E-32,2.612740496944E-16));
#7670 = ORIENTED_EDGE('',*,*,#7643,.T.);
#7671 = ORIENTED_EDGE('',*,*,#7191,.F.);
#7672 = PLANE('',#7673);
#7673 = AXIS2_PLACEMENT_3D('',#7674,#7675,#7676);
#7674 = CARTESIAN_POINT('',(3.295827324709,-2.190188558537,
    -2.279285863415));
#7675 = DIRECTION('',(-2.731847993664E-16,1.,2.731847993664E-16));
#7676 = DIRECTION('',(0.,-2.731847993664E-16,1.));
#7677 = ADVANCED_FACE('',(#7678),#7696,.F.);
#7678 = FACE_BOUND('',#7679,.T.);
#7679 = EDGE_LOOP('',(#7680,#7688,#7694,#7695));
#7680 = ORIENTED_EDGE('',*,*,#7681,.F.);
#7681 = EDGE_CURVE('',#7682,#7250,#7684,.T.);
#7682 = VERTEX_POINT('',#7683);
#7683 = CARTESIAN_POINT('',(3.295827324709,-1.174188558537,
    -2.279285863415));
#7684 = LINE('',#7685,#7686);
#7685 = CARTESIAN_POINT('',(3.295827324709,-1.174188558537,
    -2.279285863415));
#7686 = VECTOR('',#7687,1.);
#7687 = DIRECTION('',(1.402716173986E-14,-0.,1.));
#7688 = ORIENTED_EDGE('',*,*,#7689,.T.);
#7689 = EDGE_CURVE('',#7682,#7658,#7690,.T.);
#7690 = LINE('',#7691,#7692);
#7691 = CARTESIAN_POINT('',(3.295827324709,4.159811441463,
    -2.279285863415));
#7692 = VECTOR('',#7693,1.);
#7693 = DIRECTION('',(0.,-1.,-2.731847993664E-16));
#7694 = ORIENTED_EDGE('',*,*,#7657,.T.);
#7695 = ORIENTED_EDGE('',*,*,#7257,.F.);
#7696 = PLANE('',#7697);
#7697 = AXIS2_PLACEMENT_3D('',#7698,#7699,#7700);
#7698 = CARTESIAN_POINT('',(3.295827324709,-2.190188558537,
    -2.279285863415));
#7699 = DIRECTION('',(1.,2.731847993664E-16,-1.402716173986E-14));
#7700 = DIRECTION('',(-1.402716173986E-14,-1.168344686597E-46,-1.));
#7701 = ADVANCED_FACE('',(#7702),#7720,.F.);
#7702 = FACE_BOUND('',#7703,.T.);
#7703 = EDGE_LOOP('',(#7704,#7712,#7718,#7719));
#7704 = ORIENTED_EDGE('',*,*,#7705,.F.);
#7705 = EDGE_CURVE('',#7706,#7241,#7708,.T.);
#7706 = VERTEX_POINT('',#7707);
#7707 = CARTESIAN_POINT('',(4.997627324709,-1.174188558537,
    -2.279285863415));
#7708 = LINE('',#7709,#7710);
#7709 = CARTESIAN_POINT('',(4.997627324709,-1.174188558537,
    -2.279285863415));
#7710 = VECTOR('',#7711,1.);
#7711 = DIRECTION('',(-0.,-2.731847993664E-16,1.));
#7712 = ORIENTED_EDGE('',*,*,#7713,.T.);
#7713 = EDGE_CURVE('',#7706,#7682,#7714,.T.);
#7714 = LINE('',#7715,#7716);
#7715 = CARTESIAN_POINT('',(5.785027324709,-1.174188558537,
    -2.279285863415));
#7716 = VECTOR('',#7717,1.);
#7717 = DIRECTION('',(-1.,7.137609884543E-32,-2.612740496944E-16));
#7718 = ORIENTED_EDGE('',*,*,#7681,.T.);
#7719 = ORIENTED_EDGE('',*,*,#7249,.F.);
#7720 = PLANE('',#7721);
#7721 = AXIS2_PLACEMENT_3D('',#7722,#7723,#7724);
#7722 = CARTESIAN_POINT('',(3.295827324709,-1.174188558537,
    -2.279285863415));
#7723 = DIRECTION('',(-2.364883337799E-16,-1.,-2.731847993664E-16));
#7724 = DIRECTION('',(0.,2.731847993664E-16,-1.));
#7725 = ADVANCED_FACE('',(#7726),#7738,.F.);
#7726 = FACE_BOUND('',#7727,.F.);
#7727 = EDGE_LOOP('',(#7728,#7729,#7730,#7737));
#7728 = ORIENTED_EDGE('',*,*,#7240,.T.);
#7729 = ORIENTED_EDGE('',*,*,#7705,.F.);
#7730 = ORIENTED_EDGE('',*,*,#7731,.F.);
#7731 = EDGE_CURVE('',#6315,#7706,#7732,.T.);
#7732 = CIRCLE('',#7733,0.4064);
#7733 = AXIS2_PLACEMENT_3D('',#7734,#7735,#7736);
#7734 = CARTESIAN_POINT('',(4.997627324709,-0.767788558537,
    -2.279285863415));
#7735 = DIRECTION('',(-1.402716173986E-14,2.731847993664E-16,-1.));
#7736 = DIRECTION('',(1.,4.220599893091E-32,-1.402716173986E-14));
#7737 = ORIENTED_EDGE('',*,*,#6314,.T.);
#7738 = CYLINDRICAL_SURFACE('',#7739,0.4064);
#7739 = AXIS2_PLACEMENT_3D('',#7740,#7741,#7742);
#7740 = CARTESIAN_POINT('',(4.997627324709,-0.767788558537,
    -2.279285863415));
#7741 = DIRECTION('',(1.402716173986E-14,-2.731847993664E-16,1.));
#7742 = DIRECTION('',(1.,4.220599893091E-32,-1.402716173986E-14));
#7743 = ADVANCED_FACE('',(#7744),#7796,.F.);
#7744 = FACE_BOUND('',#7745,.T.);
#7745 = EDGE_LOOP('',(#7746,#7754,#7755,#7756,#7765,#7773,#7781,#7789));
#7746 = ORIENTED_EDGE('',*,*,#7747,.F.);
#7747 = EDGE_CURVE('',#6296,#7748,#7750,.T.);
#7748 = VERTEX_POINT('',#7749);
#7749 = CARTESIAN_POINT('',(2.660827324709,-0.361388558537,
    -2.279285863415));
#7750 = LINE('',#7751,#7752);
#7751 = CARTESIAN_POINT('',(4.997627324709,-0.361388558537,
    -2.279285863415));
#7752 = VECTOR('',#7753,1.);
#7753 = DIRECTION('',(-1.,-2.731847993664E-16,-7.462993460487E-32));
#7754 = ORIENTED_EDGE('',*,*,#6295,.T.);
#7755 = ORIENTED_EDGE('',*,*,#7233,.F.);
#7756 = ORIENTED_EDGE('',*,*,#7757,.F.);
#7757 = EDGE_CURVE('',#7758,#7226,#7760,.T.);
#7758 = VERTEX_POINT('',#7759);
#7759 = CARTESIAN_POINT('',(2.621001980204,-0.361388558537,
    -1.11297302128));
#7760 = CIRCLE('',#7761,0.381);
#7761 = AXIS2_PLACEMENT_3D('',#7762,#7763,#7764);
#7762 = CARTESIAN_POINT('',(2.660827324709,-0.361388558537,
    -1.491885863415));
#7763 = DIRECTION('',(2.731847993664E-16,-1.,-2.731847993664E-16));
#7764 = DIRECTION('',(3.109580608536E-33,2.731847993664E-16,-1.));
#7765 = ORIENTED_EDGE('',*,*,#7766,.F.);
#7766 = EDGE_CURVE('',#7767,#7758,#7769,.T.);
#7767 = VERTEX_POINT('',#7768);
#7768 = CARTESIAN_POINT('',(4.949290575305,-0.361388558537,
    -0.868260029014));
#7769 = LINE('',#7770,#7771);
#7770 = CARTESIAN_POINT('',(4.949290575305,-0.361388558537,
    -0.868260029014));
#7771 = VECTOR('',#7772,1.);
#7772 = DIRECTION('',(-0.994521895368,0.,-0.104528463268));
#7773 = ORIENTED_EDGE('',*,*,#7774,.F.);
#7774 = EDGE_CURVE('',#7775,#7767,#7777,.T.);
#7775 = VERTEX_POINT('',#7776);
#7776 = CARTESIAN_POINT('',(4.906810207833,-0.361388558537,
    -0.464086330737));
#7777 = LINE('',#7778,#7779);
#7778 = CARTESIAN_POINT('',(4.906810207833,-0.361388558537,
    -0.464086330737));
#7779 = VECTOR('',#7780,1.);
#7780 = DIRECTION('',(0.104528463268,4.001730459468E-16,-0.994521895368)
  );
#7781 = ORIENTED_EDGE('',*,*,#7782,.F.);
#7782 = EDGE_CURVE('',#7783,#7775,#7785,.T.);
#7783 = VERTEX_POINT('',#7784);
#7784 = CARTESIAN_POINT('',(2.578521612732,-0.361388558537,
    -0.708799323002));
#7785 = LINE('',#7786,#7787);
#7786 = CARTESIAN_POINT('',(2.578521612732,-0.361388558537,
    -0.708799323002));
#7787 = VECTOR('',#7788,1.);
#7788 = DIRECTION('',(0.994521895368,2.315569474101E-16,0.104528463268)
  );
#7789 = ORIENTED_EDGE('',*,*,#7790,.F.);
#7790 = EDGE_CURVE('',#7748,#7783,#7791,.T.);
#7791 = CIRCLE('',#7792,0.7874);
#7792 = AXIS2_PLACEMENT_3D('',#7793,#7794,#7795);
#7793 = CARTESIAN_POINT('',(2.660827324709,-0.361388558537,
    -1.491885863415));
#7794 = DIRECTION('',(-2.731847993664E-16,1.,2.731847993664E-16));
#7795 = DIRECTION('',(6.018543113295E-34,2.731847993664E-16,-1.));
#7796 = PLANE('',#7797);
#7797 = AXIS2_PLACEMENT_3D('',#7798,#7799,#7800);
#7798 = CARTESIAN_POINT('',(4.997627324709,-0.361388558537,
    -2.279285863415));
#7799 = DIRECTION('',(-2.731847993664E-16,1.,2.731847993664E-16));
#7800 = DIRECTION('',(0.,-2.731847993664E-16,1.));
#7801 = ADVANCED_FACE('',(#7802),#7822,.F.);
#7802 = FACE_BOUND('',#7803,.F.);
#7803 = EDGE_LOOP('',(#7804,#7805,#7806,#7807,#7815));
#7804 = ORIENTED_EDGE('',*,*,#6618,.F.);
#7805 = ORIENTED_EDGE('',*,*,#7225,.T.);
#7806 = ORIENTED_EDGE('',*,*,#7757,.F.);
#7807 = ORIENTED_EDGE('',*,*,#7808,.T.);
#7808 = EDGE_CURVE('',#7758,#7809,#7811,.T.);
#7809 = VERTEX_POINT('',#7810);
#7810 = CARTESIAN_POINT('',(2.621001980204,3.538170512106,-1.11297302128
    ));
#7811 = LINE('',#7812,#7813);
#7812 = CARTESIAN_POINT('',(2.621001980204,6.773017675865,-1.11297302128
    ));
#7813 = VECTOR('',#7814,1.);
#7814 = DIRECTION('',(-2.731847993664E-16,1.,2.731847993664E-16));
#7815 = ORIENTED_EDGE('',*,*,#7816,.T.);
#7816 = EDGE_CURVE('',#7809,#6611,#7817,.T.);
#7817 = ( BOUNDED_CURVE() B_SPLINE_CURVE(3,(#7818,#7819,#7820,#7821),
.UNSPECIFIED.,.F.,.F.) B_SPLINE_CURVE_WITH_KNOTS((4,4),(1.570796326795,
2.799356896112),.PIECEWISE_BEZIER_KNOTS.) CURVE() 
GEOMETRIC_REPRESENTATION_ITEM() RATIONAL_B_SPLINE_CURVE((1.,
0.87812565415,0.87812565415,1.)) REPRESENTATION_ITEM('') );
#7818 = CARTESIAN_POINT('',(2.621001980204,3.538170512106,-1.11297302128
    ));
#7819 = CARTESIAN_POINT('',(2.455198681587,3.82693211565,-1.130399650186
    ));
#7820 = CARTESIAN_POINT('',(2.329750331121,4.062904771887,
    -1.240204625449));
#7821 = CARTESIAN_POINT('',(2.290523735759,4.159811441463,
    -1.402240718476));
#7822 = CYLINDRICAL_SURFACE('',#7823,0.381);
#7823 = AXIS2_PLACEMENT_3D('',#7824,#7825,#7826);
#7824 = CARTESIAN_POINT('',(2.660827324709,6.773017675865,
    -1.491885863415));
#7825 = DIRECTION('',(2.731847993664E-16,-1.,-2.731847993664E-16));
#7826 = DIRECTION('',(-7.462993460487E-32,2.731847993664E-16,-1.));
#7827 = ADVANCED_FACE('',(#7828),#7880,.F.);
#7828 = FACE_BOUND('',#7829,.T.);
#7829 = EDGE_LOOP('',(#7830,#7831,#7840,#7848,#7856,#7864,#7873,#7879));
#7830 = ORIENTED_EDGE('',*,*,#7217,.F.);
#7831 = ORIENTED_EDGE('',*,*,#7832,.F.);
#7832 = EDGE_CURVE('',#7833,#7210,#7835,.T.);
#7833 = VERTEX_POINT('',#7834);
#7834 = CARTESIAN_POINT('',(5.785027324709,-3.723404518232,
    -2.533285863415));
#7835 = CIRCLE('',#7836,0.6604);
#7836 = AXIS2_PLACEMENT_3D('',#7837,#7838,#7839);
#7837 = CARTESIAN_POINT('',(5.785027324709,-3.063004518232,
    -2.533285863415));
#7838 = DIRECTION('',(-1.,2.203103220697E-18,-2.612740496944E-16));
#7839 = DIRECTION('',(2.612740496944E-16,-5.756137003664E-34,-1.));
#7840 = ORIENTED_EDGE('',*,*,#7841,.F.);
#7841 = EDGE_CURVE('',#7842,#7833,#7844,.T.);
#7842 = VERTEX_POINT('',#7843);
#7843 = CARTESIAN_POINT('',(5.785027324709,-3.723404518232,
    -4.37130182311));
#7844 = LINE('',#7845,#7846);
#7845 = CARTESIAN_POINT('',(5.785027324709,-3.723404518232,5.40769817689
    ));
#7846 = VECTOR('',#7847,1.);
#7847 = DIRECTION('',(-0.,-3.76466613821E-15,1.));
#7848 = ORIENTED_EDGE('',*,*,#7849,.F.);
#7849 = EDGE_CURVE('',#7850,#7842,#7852,.T.);
#7850 = VERTEX_POINT('',#7851);
#7851 = CARTESIAN_POINT('',(5.785027324709,-3.317004518232,
    -4.37130182311));
#7852 = LINE('',#7853,#7854);
#7853 = CARTESIAN_POINT('',(5.785027324709,-4.104404518232,
    -4.37130182311));
#7854 = VECTOR('',#7855,1.);
#7855 = DIRECTION('',(9.025449412273E-15,-1.,-9.025449412273E-15));
#7856 = ORIENTED_EDGE('',*,*,#7857,.F.);
#7857 = EDGE_CURVE('',#7858,#7850,#7860,.T.);
#7858 = VERTEX_POINT('',#7859);
#7859 = CARTESIAN_POINT('',(5.785027324709,-3.317004518232,
    -2.533285863415));
#7860 = LINE('',#7861,#7862);
#7861 = CARTESIAN_POINT('',(5.785027324709,-3.317004518232,
    -0.94230182311));
#7862 = VECTOR('',#7863,1.);
#7863 = DIRECTION('',(6.504889520176E-16,9.293036528415E-30,-1.));
#7864 = ORIENTED_EDGE('',*,*,#7865,.T.);
#7865 = EDGE_CURVE('',#7858,#7866,#7868,.T.);
#7866 = VERTEX_POINT('',#7867);
#7867 = CARTESIAN_POINT('',(5.785027324709,-3.063004518232,
    -2.279285863415));
#7868 = CIRCLE('',#7869,0.254);
#7869 = AXIS2_PLACEMENT_3D('',#7870,#7871,#7872);
#7870 = CARTESIAN_POINT('',(5.785027324709,-3.063004518232,
    -2.533285863415));
#7871 = DIRECTION('',(-1.,2.203103220697E-18,-2.612740496944E-16));
#7872 = DIRECTION('',(2.612740496944E-16,-5.756137003664E-34,-1.));
#7873 = ORIENTED_EDGE('',*,*,#7874,.F.);
#7874 = EDGE_CURVE('',#6951,#7866,#7875,.T.);
#7875 = LINE('',#7876,#7877);
#7876 = CARTESIAN_POINT('',(5.785027324709,-2.190188558537,
    -2.279285863415));
#7877 = VECTOR('',#7878,1.);
#7878 = DIRECTION('',(3.870117991024E-16,-1.,-5.428677101245E-30));
#7879 = ORIENTED_EDGE('',*,*,#6950,.T.);
#7880 = PLANE('',#7881);
#7881 = AXIS2_PLACEMENT_3D('',#7882,#7883,#7884);
#7882 = CARTESIAN_POINT('',(5.785027324709,-2.190188558537,
    -2.279285863415));
#7883 = DIRECTION('',(-1.,-3.870117991024E-16,1.402716173986E-14));
#7884 = DIRECTION('',(1.402716173986E-14,-2.157907039152E-47,1.));
#7885 = ADVANCED_FACE('',(#7886),#7897,.T.);
#7886 = FACE_BOUND('',#7887,.T.);
#7887 = EDGE_LOOP('',(#7888,#7894,#7895,#7896));
#7888 = ORIENTED_EDGE('',*,*,#7889,.T.);
#7889 = EDGE_CURVE('',#7628,#7833,#7890,.T.);
#7890 = LINE('',#7891,#7892);
#7891 = CARTESIAN_POINT('',(3.219729298385,-3.723404518232,
    -2.533285863415));
#7892 = VECTOR('',#7893,1.);
#7893 = DIRECTION('',(1.,-2.203103220697E-18,2.612740496944E-16));
#7894 = ORIENTED_EDGE('',*,*,#7832,.T.);
#7895 = ORIENTED_EDGE('',*,*,#7209,.F.);
#7896 = ORIENTED_EDGE('',*,*,#7635,.T.);
#7897 = CYLINDRICAL_SURFACE('',#7898,0.6604);
#7898 = AXIS2_PLACEMENT_3D('',#7899,#7900,#7901);
#7899 = CARTESIAN_POINT('',(3.219729298385,-3.063004518232,
    -2.533285863415));
#7900 = DIRECTION('',(1.,-2.203103220697E-18,2.612740496944E-16));
#7901 = DIRECTION('',(2.612740496944E-16,-5.756137003664E-34,-1.));
#7902 = ADVANCED_FACE('',(#7903),#7914,.T.);
#7903 = FACE_BOUND('',#7904,.T.);
#7904 = EDGE_LOOP('',(#7905,#7906,#7912,#7913));
#7905 = ORIENTED_EDGE('',*,*,#6958,.T.);
#7906 = ORIENTED_EDGE('',*,*,#7907,.T.);
#7907 = EDGE_CURVE('',#6951,#6585,#7908,.T.);
#7908 = LINE('',#7909,#7910);
#7909 = CARTESIAN_POINT('',(5.785027324709,7.413633992541,
    -2.279285863415));
#7910 = VECTOR('',#7911,1.);
#7911 = DIRECTION('',(-2.731847993664E-16,1.,2.731847993664E-16));
#7912 = ORIENTED_EDGE('',*,*,#6584,.T.);
#7913 = ORIENTED_EDGE('',*,*,#7272,.T.);
#7914 = CYLINDRICAL_SURFACE('',#7915,0.7874);
#7915 = AXIS2_PLACEMENT_3D('',#7916,#7917,#7918);
#7916 = CARTESIAN_POINT('',(5.785027324709,7.413633992541,
    -1.491885863415));
#7917 = DIRECTION('',(2.731847993664E-16,-1.,-2.731847993664E-16));
#7918 = DIRECTION('',(-7.462993460487E-32,2.731847993664E-16,-1.));
#7919 = ADVANCED_FACE('',(#7920),#7945,.F.);
#7920 = FACE_BOUND('',#7921,.T.);
#7921 = EDGE_LOOP('',(#7922,#7930,#7938,#7944));
#7922 = ORIENTED_EDGE('',*,*,#7923,.F.);
#7923 = EDGE_CURVE('',#7924,#7357,#7926,.T.);
#7924 = VERTEX_POINT('',#7925);
#7925 = CARTESIAN_POINT('',(6.521627324709,-1.459056614092,
    0.260714136585));
#7926 = LINE('',#7927,#7928);
#7927 = CARTESIAN_POINT('',(6.521627324709,-1.459056614092,
    0.260714136585));
#7928 = VECTOR('',#7929,1.);
#7929 = DIRECTION('',(1.,-5.523458209363E-32,1.224606353822E-16));
#7930 = ORIENTED_EDGE('',*,*,#7931,.F.);
#7931 = EDGE_CURVE('',#7932,#7924,#7934,.T.);
#7932 = VERTEX_POINT('',#7933);
#7933 = CARTESIAN_POINT('',(6.521627324709,-0.239856614092,
    0.260714136585));
#7934 = LINE('',#7935,#7936);
#7935 = CARTESIAN_POINT('',(6.521627324709,-0.239856614092,
    0.260714136585));
#7936 = VECTOR('',#7937,1.);
#7937 = DIRECTION('',(0.,-1.,-4.510394864539E-16));
#7938 = ORIENTED_EDGE('',*,*,#7939,.F.);
#7939 = EDGE_CURVE('',#7285,#7932,#7940,.T.);
#7940 = LINE('',#7941,#7942);
#7941 = CARTESIAN_POINT('',(6.521627324709,-0.239856614092,
    0.260714136585));
#7942 = VECTOR('',#7943,1.);
#7943 = DIRECTION('',(-1.,5.523458209363E-32,-1.224606353822E-16));
#7944 = ORIENTED_EDGE('',*,*,#7364,.T.);
#7945 = PLANE('',#7946);
#7946 = AXIS2_PLACEMENT_3D('',#7947,#7948,#7949);
#7947 = CARTESIAN_POINT('',(6.521627324709,-0.239856614092,
    0.260714136585));
#7948 = DIRECTION('',(-1.224606353822E-16,-4.510394864539E-16,1.));
#7949 = DIRECTION('',(3.403418609344E-48,-1.,-4.510394864539E-16));
#7950 = ADVANCED_FACE('',(#7951),#7969,.F.);
#7951 = FACE_BOUND('',#7952,.T.);
#7952 = EDGE_LOOP('',(#7953,#7954,#7962,#7968));
#7953 = ORIENTED_EDGE('',*,*,#7939,.T.);
#7954 = ORIENTED_EDGE('',*,*,#7955,.F.);
#7955 = EDGE_CURVE('',#7956,#7932,#7958,.T.);
#7956 = VERTEX_POINT('',#7957);
#7957 = CARTESIAN_POINT('',(6.521627324709,-0.239856614092,
    6.714136584522E-03));
#7958 = LINE('',#7959,#7960);
#7959 = CARTESIAN_POINT('',(6.521627324709,-0.239856614092,
    0.260714136585));
#7960 = VECTOR('',#7961,1.);
#7961 = DIRECTION('',(0.,-2.731847993664E-16,1.));
#7962 = ORIENTED_EDGE('',*,*,#7963,.F.);
#7963 = EDGE_CURVE('',#7283,#7956,#7964,.T.);
#7964 = LINE('',#7965,#7966);
#7965 = CARTESIAN_POINT('',(6.521627324709,-0.239856614092,
    6.714136584522E-03));
#7966 = VECTOR('',#7967,1.);
#7967 = DIRECTION('',(-1.,-2.731847993664E-16,-7.462993460487E-32));
#7968 = ORIENTED_EDGE('',*,*,#7282,.T.);
#7969 = PLANE('',#7970);
#7970 = AXIS2_PLACEMENT_3D('',#7971,#7972,#7973);
#7971 = CARTESIAN_POINT('',(6.521627324709,-0.239856614092,
    0.260714136585));
#7972 = DIRECTION('',(-2.731847993664E-16,1.,2.731847993664E-16));
#7973 = DIRECTION('',(0.,-2.731847993664E-16,1.));
#7974 = ADVANCED_FACE('',(#7975),#7993,.F.);
#7975 = FACE_BOUND('',#7976,.T.);
#7976 = EDGE_LOOP('',(#7977,#7978,#7986,#7992));
#7977 = ORIENTED_EDGE('',*,*,#7963,.T.);
#7978 = ORIENTED_EDGE('',*,*,#7979,.F.);
#7979 = EDGE_CURVE('',#7980,#7956,#7982,.T.);
#7980 = VERTEX_POINT('',#7981);
#7981 = CARTESIAN_POINT('',(6.521627324709,-0.730514375173,
    6.714136584522E-03));
#7982 = LINE('',#7983,#7984);
#7983 = CARTESIAN_POINT('',(6.521627324709,-0.239856614092,
    6.714136584522E-03));
#7984 = VECTOR('',#7985,1.);
#7985 = DIRECTION('',(0.,1.,2.731847993664E-16));
#7986 = ORIENTED_EDGE('',*,*,#7987,.F.);
#7987 = EDGE_CURVE('',#7293,#7980,#7988,.T.);
#7988 = LINE('',#7989,#7990);
#7989 = CARTESIAN_POINT('',(6.521627324709,-0.730514375173,
    6.714136584522E-03));
#7990 = VECTOR('',#7991,1.);
#7991 = DIRECTION('',(-1.,3.345438410718E-32,-1.224606353822E-16));
#7992 = ORIENTED_EDGE('',*,*,#7292,.T.);
#7993 = PLANE('',#7994);
#7994 = AXIS2_PLACEMENT_3D('',#7995,#7996,#7997);
#7995 = CARTESIAN_POINT('',(6.521627324709,-0.239856614092,
    6.714136584522E-03));
#7996 = DIRECTION('',(1.224606353822E-16,2.731847993664E-16,-1.));
#7997 = DIRECTION('',(1.749966387194E-48,1.,2.731847993664E-16));
#7998 = ADVANCED_FACE('',(#7999),#8017,.F.);
#7999 = FACE_BOUND('',#8000,.T.);
#8000 = EDGE_LOOP('',(#8001,#8002,#8010,#8016));
#8001 = ORIENTED_EDGE('',*,*,#7987,.T.);
#8002 = ORIENTED_EDGE('',*,*,#8003,.F.);
#8003 = EDGE_CURVE('',#8004,#7980,#8006,.T.);
#8004 = VERTEX_POINT('',#8005);
#8005 = CARTESIAN_POINT('',(6.521627324709,-0.239856614092,
    -0.564785863415));
#8006 = LINE('',#8007,#8008);
#8007 = CARTESIAN_POINT('',(6.521627324709,-0.730514375173,
    6.714136584522E-03));
#8008 = VECTOR('',#8009,1.);
#8009 = DIRECTION('',(0.,-0.651403898813,0.758731151734));
#8010 = ORIENTED_EDGE('',*,*,#8011,.F.);
#8011 = EDGE_CURVE('',#7301,#8004,#8012,.T.);
#8012 = LINE('',#8013,#8014);
#8013 = CARTESIAN_POINT('',(6.521627324709,-0.239856614092,
    -0.564785863415));
#8014 = VECTOR('',#8015,1.);
#8015 = DIRECTION('',(-1.,-2.177900993824E-16,-1.869823316684E-16));
#8016 = ORIENTED_EDGE('',*,*,#7300,.T.);
#8017 = PLANE('',#8018);
#8018 = AXIS2_PLACEMENT_3D('',#8019,#8020,#8021);
#8019 = CARTESIAN_POINT('',(6.521627324709,-0.730514375173,
    6.714136584522E-03));
#8020 = DIRECTION('',(-2.870451527985E-16,0.758731151734,0.651403898813)
  );
#8021 = DIRECTION('',(8.203531614531E-33,-0.651403898813,0.758731151734)
  );
#8022 = ADVANCED_FACE('',(#8023),#8041,.F.);
#8023 = FACE_BOUND('',#8024,.T.);
#8024 = EDGE_LOOP('',(#8025,#8026,#8034,#8040));
#8025 = ORIENTED_EDGE('',*,*,#8011,.T.);
#8026 = ORIENTED_EDGE('',*,*,#8027,.F.);
#8027 = EDGE_CURVE('',#8028,#8004,#8030,.T.);
#8028 = VERTEX_POINT('',#8029);
#8029 = CARTESIAN_POINT('',(6.521627324709,-0.239856614092,
    -0.958485863415));
#8030 = LINE('',#8031,#8032);
#8031 = CARTESIAN_POINT('',(6.521627324709,-0.239856614092,
    -0.564785863415));
#8032 = VECTOR('',#8033,1.);
#8033 = DIRECTION('',(0.,-2.731847993664E-16,1.));
#8034 = ORIENTED_EDGE('',*,*,#8035,.F.);
#8035 = EDGE_CURVE('',#7309,#8028,#8036,.T.);
#8036 = LINE('',#8037,#8038);
#8037 = CARTESIAN_POINT('',(6.521627324709,-0.239856614092,
    -0.958485863415));
#8038 = VECTOR('',#8039,1.);
#8039 = DIRECTION('',(-1.,-2.731847993664E-16,-7.462993460487E-32));
#8040 = ORIENTED_EDGE('',*,*,#7308,.T.);
#8041 = PLANE('',#8042);
#8042 = AXIS2_PLACEMENT_3D('',#8043,#8044,#8045);
#8043 = CARTESIAN_POINT('',(6.521627324709,-0.239856614092,
    -0.564785863415));
#8044 = DIRECTION('',(-2.731847993664E-16,1.,2.731847993664E-16));
#8045 = DIRECTION('',(0.,-2.731847993664E-16,1.));
#8046 = ADVANCED_FACE('',(#8047),#8065,.F.);
#8047 = FACE_BOUND('',#8048,.T.);
#8048 = EDGE_LOOP('',(#8049,#8050,#8058,#8064));
#8049 = ORIENTED_EDGE('',*,*,#8035,.T.);
#8050 = ORIENTED_EDGE('',*,*,#8051,.F.);
#8051 = EDGE_CURVE('',#8052,#8028,#8054,.T.);
#8052 = VERTEX_POINT('',#8053);
#8053 = CARTESIAN_POINT('',(6.521627324709,-0.849456614092,
    -0.248446345783));
#8054 = LINE('',#8055,#8056);
#8055 = CARTESIAN_POINT('',(6.521627324709,-0.239856614092,
    -0.958485863415));
#8056 = VECTOR('',#8057,1.);
#8057 = DIRECTION('',(0.,0.651403898813,-0.758731151734));
#8058 = ORIENTED_EDGE('',*,*,#8059,.F.);
#8059 = EDGE_CURVE('',#7317,#8052,#8060,.T.);
#8060 = LINE('',#8061,#8062);
#8061 = CARTESIAN_POINT('',(6.521627324709,-0.849456614092,
    -0.248446345783));
#8062 = VECTOR('',#8063,1.);
#8063 = DIRECTION('',(-1.,-2.177900993824E-16,-1.869823316684E-16));
#8064 = ORIENTED_EDGE('',*,*,#7316,.T.);
#8065 = PLANE('',#8066);
#8066 = AXIS2_PLACEMENT_3D('',#8067,#8068,#8069);
#8067 = CARTESIAN_POINT('',(6.521627324709,-0.239856614092,
    -0.958485863415));
#8068 = DIRECTION('',(2.870451527985E-16,-0.758731151734,-0.651403898813
    ));
#8069 = DIRECTION('',(1.071802506795E-32,0.651403898813,-0.758731151734)
  );
#8070 = ADVANCED_FACE('',(#8071),#8089,.F.);
#8071 = FACE_BOUND('',#8072,.T.);
#8072 = EDGE_LOOP('',(#8073,#8074,#8082,#8088));
#8073 = ORIENTED_EDGE('',*,*,#8059,.T.);
#8074 = ORIENTED_EDGE('',*,*,#8075,.F.);
#8075 = EDGE_CURVE('',#8076,#8052,#8078,.T.);
#8076 = VERTEX_POINT('',#8077);
#8077 = CARTESIAN_POINT('',(6.521627324709,-1.610945961767,
    -1.161685863415));
#8078 = LINE('',#8079,#8080);
#8079 = CARTESIAN_POINT('',(6.521627324709,-1.610945961767,
    -1.161685863415));
#8080 = VECTOR('',#8081,1.);
#8081 = DIRECTION('',(0.,0.640410903389,0.7680324699));
#8082 = ORIENTED_EDGE('',*,*,#8083,.F.);
#8083 = EDGE_CURVE('',#7325,#8076,#8084,.T.);
#8084 = LINE('',#8085,#8086);
#8085 = CARTESIAN_POINT('',(6.521627324709,-1.610945961767,
    -1.161685863415));
#8086 = VECTOR('',#8087,1.);
#8087 = DIRECTION('',(-1.,-1.009115328169E-16,8.414337730024E-17));
#8088 = ORIENTED_EDGE('',*,*,#7324,.T.);
#8089 = PLANE('',#8090);
#8090 = AXIS2_PLACEMENT_3D('',#8091,#8092,#8093);
#8091 = CARTESIAN_POINT('',(6.521627324709,-1.610945961767,
    -1.161685863415));
#8092 = DIRECTION('',(-1.313896700618E-16,0.7680324699,-0.640410903389)
  );
#8093 = DIRECTION('',(-4.750258584157E-33,0.640410903389,0.7680324699));
#8094 = ADVANCED_FACE('',(#8095),#8113,.F.);
#8095 = FACE_BOUND('',#8096,.T.);
#8096 = EDGE_LOOP('',(#8097,#8098,#8106,#8112));
#8097 = ORIENTED_EDGE('',*,*,#8083,.T.);
#8098 = ORIENTED_EDGE('',*,*,#8099,.F.);
#8099 = EDGE_CURVE('',#8100,#8076,#8102,.T.);
#8100 = VERTEX_POINT('',#8101);
#8101 = CARTESIAN_POINT('',(6.521627324709,-1.966545961767,
    -1.161685863415));
#8102 = LINE('',#8103,#8104);
#8103 = CARTESIAN_POINT('',(6.521627324709,-1.610945961767,
    -1.161685863415));
#8104 = VECTOR('',#8105,1.);
#8105 = DIRECTION('',(0.,1.,8.829722979522E-16));
#8106 = ORIENTED_EDGE('',*,*,#8107,.F.);
#8107 = EDGE_CURVE('',#7333,#8100,#8108,.T.);
#8108 = LINE('',#8109,#8110);
#8109 = CARTESIAN_POINT('',(6.521627324709,-1.966545961767,
    -1.161685863415));
#8110 = VECTOR('',#8111,1.);
#8111 = DIRECTION('',(-1.,1.081293486321E-31,-1.224606353822E-16));
#8112 = ORIENTED_EDGE('',*,*,#7332,.T.);
#8113 = PLANE('',#8114);
#8114 = AXIS2_PLACEMENT_3D('',#8115,#8116,#8117);
#8115 = CARTESIAN_POINT('',(6.521627324709,-1.610945961767,
    -1.161685863415));
#8116 = DIRECTION('',(1.224606353822E-16,8.829722979522E-16,-1.));
#8117 = DIRECTION('',(2.661544509982E-48,1.,8.829722979522E-16));
#8118 = ADVANCED_FACE('',(#8119),#8137,.F.);
#8119 = FACE_BOUND('',#8120,.T.);
#8120 = EDGE_LOOP('',(#8121,#8122,#8130,#8136));
#8121 = ORIENTED_EDGE('',*,*,#8107,.T.);
#8122 = ORIENTED_EDGE('',*,*,#8123,.F.);
#8123 = EDGE_CURVE('',#8124,#8100,#8126,.T.);
#8124 = VERTEX_POINT('',#8125);
#8125 = CARTESIAN_POINT('',(6.521627324709,-0.992295355387,
    6.714136584522E-03));
#8126 = LINE('',#8127,#8128);
#8127 = CARTESIAN_POINT('',(6.521627324709,-1.966545961767,
    -1.161685863415));
#8128 = VECTOR('',#8129,1.);
#8129 = DIRECTION('',(0.,-0.640410903389,-0.7680324699));
#8130 = ORIENTED_EDGE('',*,*,#8131,.F.);
#8131 = EDGE_CURVE('',#7341,#8124,#8132,.T.);
#8132 = LINE('',#8133,#8134);
#8133 = CARTESIAN_POINT('',(6.521627324709,-0.992295355387,
    6.714136584522E-03));
#8134 = VECTOR('',#8135,1.);
#8135 = DIRECTION('',(-1.,-1.009115328169E-16,8.414337730024E-17));
#8136 = ORIENTED_EDGE('',*,*,#7340,.T.);
#8137 = PLANE('',#8138);
#8138 = AXIS2_PLACEMENT_3D('',#8139,#8140,#8141);
#8139 = CARTESIAN_POINT('',(6.521627324709,-1.966545961767,
    -1.161685863415));
#8140 = DIRECTION('',(1.313896700618E-16,-0.7680324699,0.640410903389));
#8141 = DIRECTION('',(-4.539319264956E-34,-0.640410903389,-0.7680324699)
  );
#8142 = ADVANCED_FACE('',(#8143),#8161,.F.);
#8143 = FACE_BOUND('',#8144,.T.);
#8144 = EDGE_LOOP('',(#8145,#8146,#8154,#8160));
#8145 = ORIENTED_EDGE('',*,*,#8131,.T.);
#8146 = ORIENTED_EDGE('',*,*,#8147,.F.);
#8147 = EDGE_CURVE('',#8148,#8124,#8150,.T.);
#8148 = VERTEX_POINT('',#8149);
#8149 = CARTESIAN_POINT('',(6.521627324709,-1.459056614092,
    6.714136584522E-03));
#8150 = LINE('',#8151,#8152);
#8151 = CARTESIAN_POINT('',(6.521627324709,-0.992295355387,
    6.714136584522E-03));
#8152 = VECTOR('',#8153,1.);
#8153 = DIRECTION('',(0.,1.,-1.913791087407E-16));
#8154 = ORIENTED_EDGE('',*,*,#8155,.F.);
#8155 = EDGE_CURVE('',#7349,#8148,#8156,.T.);
#8156 = LINE('',#8157,#8158);
#8157 = CARTESIAN_POINT('',(6.521627324709,-1.459056614092,
    6.714136584522E-03));
#8158 = VECTOR('',#8159,1.);
#8159 = DIRECTION('',(-1.,-2.343640725527E-32,-1.224606353822E-16));
#8160 = ORIENTED_EDGE('',*,*,#7348,.T.);
#8161 = PLANE('',#8162);
#8162 = AXIS2_PLACEMENT_3D('',#8163,#8164,#8165);
#8163 = CARTESIAN_POINT('',(6.521627324709,-0.992295355387,
    6.714136584522E-03));
#8164 = DIRECTION('',(1.224606353822E-16,-1.913791087407E-16,-1.));
#8165 = DIRECTION('',(3.198249495918E-49,1.,-1.913791087407E-16));
#8166 = ADVANCED_FACE('',(#8167),#8178,.F.);
#8167 = FACE_BOUND('',#8168,.T.);
#8168 = EDGE_LOOP('',(#8169,#8170,#8176,#8177));
#8169 = ORIENTED_EDGE('',*,*,#8155,.T.);
#8170 = ORIENTED_EDGE('',*,*,#8171,.F.);
#8171 = EDGE_CURVE('',#7924,#8148,#8172,.T.);
#8172 = LINE('',#8173,#8174);
#8173 = CARTESIAN_POINT('',(6.521627324709,-1.459056614092,
    6.714136584522E-03));
#8174 = VECTOR('',#8175,1.);
#8175 = DIRECTION('',(0.,2.731847993664E-16,-1.));
#8176 = ORIENTED_EDGE('',*,*,#7923,.T.);
#8177 = ORIENTED_EDGE('',*,*,#7356,.T.);
#8178 = PLANE('',#8179);
#8179 = AXIS2_PLACEMENT_3D('',#8180,#8181,#8182);
#8180 = CARTESIAN_POINT('',(6.521627324709,-1.459056614092,
    6.714136584522E-03));
#8181 = DIRECTION('',(2.731847993664E-16,-1.,-2.731847993664E-16));
#8182 = DIRECTION('',(0.,2.731847993664E-16,-1.));
#8183 = ADVANCED_FACE('',(#8184),#8202,.T.);
#8184 = FACE_BOUND('',#8185,.T.);
#8185 = EDGE_LOOP('',(#8186,#8194,#8200,#8201));
#8186 = ORIENTED_EDGE('',*,*,#8187,.T.);
#8187 = EDGE_CURVE('',#6858,#8188,#8190,.T.);
#8188 = VERTEX_POINT('',#8189);
#8189 = CARTESIAN_POINT('',(4.591227324709,-3.723404518232,
    4.003730096279));
#8190 = LINE('',#8191,#8192);
#8191 = CARTESIAN_POINT('',(4.591227324709,-3.723404518232,
    4.003730096279));
#8192 = VECTOR('',#8193,1.);
#8193 = DIRECTION('',(0.707106781187,0.,0.707106781187));
#8194 = ORIENTED_EDGE('',*,*,#8195,.T.);
#8195 = EDGE_CURVE('',#8188,#7380,#8196,.T.);
#8196 = LINE('',#8197,#8198);
#8197 = CARTESIAN_POINT('',(4.591227324709,-4.483317360367,
    4.003730096279));
#8198 = VECTOR('',#8199,1.);
#8199 = DIRECTION('',(-5.671662024723E-15,1.,5.671662024723E-15));
#8200 = ORIENTED_EDGE('',*,*,#7379,.T.);
#8201 = ORIENTED_EDGE('',*,*,#6865,.T.);
#8202 = PLANE('',#8203);
#8203 = AXIS2_PLACEMENT_3D('',#8204,#8205,#8206);
#8204 = CARTESIAN_POINT('',(4.591227324709,-4.483317360367,
    4.003730096279));
#8205 = DIRECTION('',(-0.707106781187,-8.02094135656E-15,0.707106781187)
  );
#8206 = DIRECTION('',(0.707106781187,-5.808820866435E-32,0.707106781187)
  );
#8207 = ADVANCED_FACE('',(#8208),#8226,.T.);
#8208 = FACE_BOUND('',#8209,.T.);
#8209 = EDGE_LOOP('',(#8210,#8211,#8212,#8220));
#8210 = ORIENTED_EDGE('',*,*,#7387,.T.);
#8211 = ORIENTED_EDGE('',*,*,#8195,.F.);
#8212 = ORIENTED_EDGE('',*,*,#8213,.T.);
#8213 = EDGE_CURVE('',#8188,#8214,#8216,.T.);
#8214 = VERTEX_POINT('',#8215);
#8215 = CARTESIAN_POINT('',(5.404027324709,-3.723404518232,
    4.003730096279));
#8216 = LINE('',#8217,#8218);
#8217 = CARTESIAN_POINT('',(2.621001980204,-3.723404518232,
    4.003730096279));
#8218 = VECTOR('',#8219,1.);
#8219 = DIRECTION('',(1.,-5.262809184115E-32,-1.635277892997E-17));
#8220 = ORIENTED_EDGE('',*,*,#8221,.T.);
#8221 = EDGE_CURVE('',#8214,#7388,#8222,.T.);
#8222 = LINE('',#8223,#8224);
#8223 = CARTESIAN_POINT('',(5.404027324709,-4.483317360367,
    4.003730096279));
#8224 = VECTOR('',#8225,1.);
#8225 = DIRECTION('',(-0.,1.,-3.218296539477E-15));
#8226 = PLANE('',#8227);
#8227 = AXIS2_PLACEMENT_3D('',#8228,#8229,#8230);
#8228 = CARTESIAN_POINT('',(2.621001980204,-4.483317360367,
    4.003730096279));
#8229 = DIRECTION('',(1.635277892997E-17,3.218296539477E-15,1.));
#8230 = DIRECTION('',(3.189584325912E-48,-1.,3.218296539477E-15));
#8231 = ADVANCED_FACE('',(#8232),#8243,.T.);
#8232 = FACE_BOUND('',#8233,.T.);
#8233 = EDGE_LOOP('',(#8234,#8235,#8236,#8242));
#8234 = ORIENTED_EDGE('',*,*,#7395,.T.);
#8235 = ORIENTED_EDGE('',*,*,#8221,.F.);
#8236 = ORIENTED_EDGE('',*,*,#8237,.T.);
#8237 = EDGE_CURVE('',#8214,#6462,#8238,.T.);
#8238 = LINE('',#8239,#8240);
#8239 = CARTESIAN_POINT('',(5.404027324709,-3.723404518232,
    4.003730096279));
#8240 = VECTOR('',#8241,1.);
#8241 = DIRECTION('',(0.707106781187,0.,-0.707106781187));
#8242 = ORIENTED_EDGE('',*,*,#6461,.T.);
#8243 = PLANE('',#8244);
#8244 = AXIS2_PLACEMENT_3D('',#8245,#8246,#8247);
#8245 = CARTESIAN_POINT('',(5.404027324709,-4.483317360367,
    4.003730096279));
#8246 = DIRECTION('',(0.707106781187,1.257229997043E-14,0.707106781187)
  );
#8247 = DIRECTION('',(0.707106781187,2.965586658939E-31,-0.707106781187)
  );
#8248 = ADVANCED_FACE('',(#8249),#8264,.F.);
#8249 = FACE_BOUND('',#8250,.T.);
#8250 = EDGE_LOOP('',(#8251,#8252,#8253,#8254,#8255,#8261,#8262,#8263));
#8251 = ORIENTED_EDGE('',*,*,#7067,.F.);
#8252 = ORIENTED_EDGE('',*,*,#7578,.T.);
#8253 = ORIENTED_EDGE('',*,*,#7419,.T.);
#8254 = ORIENTED_EDGE('',*,*,#7442,.F.);
#8255 = ORIENTED_EDGE('',*,*,#8256,.F.);
#8256 = EDGE_CURVE('',#7528,#7443,#8257,.T.);
#8257 = LINE('',#8258,#8259);
#8258 = CARTESIAN_POINT('',(4.906810207833,2.925371441463,
    -0.284485396094));
#8259 = VECTOR('',#8260,1.);
#8260 = DIRECTION('',(-0.994521895368,-0.,0.104528463268));
#8261 = ORIENTED_EDGE('',*,*,#7527,.F.);
#8262 = ORIENTED_EDGE('',*,*,#6719,.T.);
#8263 = ORIENTED_EDGE('',*,*,#7127,.F.);
#8264 = PLANE('',#8265);
#8265 = AXIS2_PLACEMENT_3D('',#8266,#8267,#8268);
#8266 = CARTESIAN_POINT('',(4.906810207833,4.159811441463,
    -0.284485396094));
#8267 = DIRECTION('',(0.104528463268,-2.431326771858E-16,0.994521895368)
  );
#8268 = DIRECTION('',(0.994521895368,4.666802348502E-33,-0.104528463268)
  );
#8269 = ADVANCED_FACE('',(#8270),#8281,.T.);
#8270 = FACE_BOUND('',#8271,.T.);
#8271 = EDGE_LOOP('',(#8272,#8273,#8279,#8280));
#8272 = ORIENTED_EDGE('',*,*,#7560,.T.);
#8273 = ORIENTED_EDGE('',*,*,#8274,.T.);
#8274 = EDGE_CURVE('',#7553,#7462,#8275,.T.);
#8275 = LINE('',#8276,#8277);
#8276 = CARTESIAN_POINT('',(5.022640796714,3.625410190456,0.817569041468
    ));
#8277 = VECTOR('',#8278,1.);
#8278 = DIRECTION('',(-0.994521895368,-5.507758051742E-16,0.104528463268
    ));
#8279 = ORIENTED_EDGE('',*,*,#7461,.T.);
#8280 = ORIENTED_EDGE('',*,*,#7502,.T.);
#8281 = PLANE('',#8282);
#8282 = AXIS2_PLACEMENT_3D('',#8283,#8284,#8285);
#8283 = CARTESIAN_POINT('',(6.314394206109,2.354472331433,
    -2.829306995039));
#8284 = DIRECTION('',(3.575083998841E-02,-0.939692620786,0.340146521194)
  );
#8285 = DIRECTION('',(4.745354427079E-20,-0.340364104261,-0.940293718223
    ));
#8286 = ADVANCED_FACE('',(#8287),#8311,.F.);
#8287 = FACE_BOUND('',#8288,.T.);
#8288 = EDGE_LOOP('',(#8289,#8295,#8296,#8297,#8298,#8299,#8300,#8301,
    #8302,#8308,#8309,#8310));
#8289 = ORIENTED_EDGE('',*,*,#8290,.F.);
#8290 = EDGE_CURVE('',#7595,#7866,#8291,.T.);
#8291 = LINE('',#8292,#8293);
#8292 = CARTESIAN_POINT('',(5.785027324709,-3.063004518232,
    -2.279285863415));
#8293 = VECTOR('',#8294,1.);
#8294 = DIRECTION('',(1.,-7.137609884543E-32,2.612740496944E-16));
#8295 = ORIENTED_EDGE('',*,*,#7592,.F.);
#8296 = ORIENTED_EDGE('',*,*,#7665,.F.);
#8297 = ORIENTED_EDGE('',*,*,#7689,.F.);
#8298 = ORIENTED_EDGE('',*,*,#7713,.F.);
#8299 = ORIENTED_EDGE('',*,*,#7731,.F.);
#8300 = ORIENTED_EDGE('',*,*,#6322,.F.);
#8301 = ORIENTED_EDGE('',*,*,#7747,.T.);
#8302 = ORIENTED_EDGE('',*,*,#8303,.F.);
#8303 = EDGE_CURVE('',#6594,#7748,#8304,.T.);
#8304 = LINE('',#8305,#8306);
#8305 = CARTESIAN_POINT('',(2.660827324709,4.159811441463,
    -2.279285863415));
#8306 = VECTOR('',#8307,1.);
#8307 = DIRECTION('',(0.,-1.,-2.731847993664E-16));
#8308 = ORIENTED_EDGE('',*,*,#6593,.F.);
#8309 = ORIENTED_EDGE('',*,*,#7907,.F.);
#8310 = ORIENTED_EDGE('',*,*,#7874,.T.);
#8311 = PLANE('',#8312);
#8312 = AXIS2_PLACEMENT_3D('',#8313,#8314,#8315);
#8313 = CARTESIAN_POINT('',(5.785027324709,4.159811441463,
    -2.279285863415));
#8314 = DIRECTION('',(-2.612740496944E-16,-2.731847993664E-16,1.));
#8315 = DIRECTION('',(1.743113391516E-48,-1.,-2.731847993664E-16));
#8316 = ADVANCED_FACE('',(#8317),#8352,.F.);
#8317 = FACE_BOUND('',#8318,.T.);
#8318 = EDGE_LOOP('',(#8319,#8329,#8335,#8336,#8337,#8346));
#8319 = ORIENTED_EDGE('',*,*,#8320,.T.);
#8320 = EDGE_CURVE('',#8321,#8323,#8325,.T.);
#8321 = VERTEX_POINT('',#8322);
#8322 = CARTESIAN_POINT('',(2.746620206924,3.245411441463,
    -0.691131448811));
#8323 = VERTEX_POINT('',#8324);
#8324 = CARTESIAN_POINT('',(2.789100574396,3.245411441463,
    -1.095305147088));
#8325 = LINE('',#8326,#8327);
#8326 = CARTESIAN_POINT('',(2.746620206924,3.245411441463,
    -0.691131448811));
#8327 = VECTOR('',#8328,1.);
#8328 = DIRECTION('',(0.104528463268,-0.,-0.994521895368));
#8329 = ORIENTED_EDGE('',*,*,#8330,.F.);
#8330 = EDGE_CURVE('',#7809,#8323,#8331,.T.);
#8331 = LINE('',#8332,#8333);
#8332 = CARTESIAN_POINT('',(2.621001980204,3.538170512106,-1.11297302128
    ));
#8333 = VECTOR('',#8334,1.);
#8334 = DIRECTION('',(0.497260947684,-0.866025403784,5.226423163361E-02)
  );
#8335 = ORIENTED_EDGE('',*,*,#7816,.T.);
#8336 = ORIENTED_EDGE('',*,*,#6610,.T.);
#8337 = ORIENTED_EDGE('',*,*,#8338,.F.);
#8338 = EDGE_CURVE('',#8339,#6602,#8341,.T.);
#8339 = VERTEX_POINT('',#8340);
#8340 = CARTESIAN_POINT('',(2.578521612732,3.538170512106,
    -0.708799323002));
#8341 = ( BOUNDED_CURVE() B_SPLINE_CURVE(3,(#8342,#8343,#8344,#8345),
.UNSPECIFIED.,.F.,.F.) B_SPLINE_CURVE_WITH_KNOTS((4,4),(1.570796326795,
2.044078025748),.PIECEWISE_BEZIER_KNOTS.) CURVE() 
GEOMETRIC_REPRESENTATION_ITEM() RATIONAL_B_SPLINE_CURVE((1.,
0.981420648014,0.981420648014,1.)) REPRESENTATION_ITEM('') );
#8342 = CARTESIAN_POINT('',(2.578521612732,3.538170512106,
    -0.708799323002));
#8343 = CARTESIAN_POINT('',(2.453814249376,3.755359787089,-0.72190659506
    ));
#8344 = CARTESIAN_POINT('',(2.335655207184,3.966496208091,
    -0.763884777537));
#8345 = CARTESIAN_POINT('',(2.23063044146,4.159811441463,-0.83239408815)
  );
#8346 = ORIENTED_EDGE('',*,*,#8347,.T.);
#8347 = EDGE_CURVE('',#8339,#8321,#8348,.T.);
#8348 = LINE('',#8349,#8350);
#8349 = CARTESIAN_POINT('',(2.578521612732,3.538170512106,
    -0.708799323002));
#8350 = VECTOR('',#8351,1.);
#8351 = DIRECTION('',(0.497260947684,-0.866025403784,5.226423163383E-02)
  );
#8352 = PLANE('',#8353);
#8353 = AXIS2_PLACEMENT_3D('',#8354,#8355,#8356);
#8354 = CARTESIAN_POINT('',(2.303888883526,4.159811441463,
    -1.529401605313));
#8355 = DIRECTION('',(-0.861281226009,-0.5,-9.052430460832E-02));
#8356 = DIRECTION('',(0.502061340088,-0.864832013046,-5.015595424048E-18
    ));
#8357 = ADVANCED_FACE('',(#8358),#8401,.T.);
#8358 = FACE_BOUND('',#8359,.T.);
#8359 = EDGE_LOOP('',(#8360,#8368,#8369,#8370,#8371,#8379,#8387,#8395));
#8360 = ORIENTED_EDGE('',*,*,#8361,.T.);
#8361 = EDGE_CURVE('',#8362,#7767,#8364,.T.);
#8362 = VERTEX_POINT('',#8363);
#8363 = CARTESIAN_POINT('',(4.949290575305,2.925371441463,
    -0.868260029014));
#8364 = LINE('',#8365,#8366);
#8365 = CARTESIAN_POINT('',(4.949290575305,4.159811441463,
    -0.868260029014));
#8366 = VECTOR('',#8367,1.);
#8367 = DIRECTION('',(3.13840284256E-17,-1.,-2.985990844828E-16));
#8368 = ORIENTED_EDGE('',*,*,#7766,.T.);
#8369 = ORIENTED_EDGE('',*,*,#7808,.T.);
#8370 = ORIENTED_EDGE('',*,*,#8330,.T.);
#8371 = ORIENTED_EDGE('',*,*,#8372,.T.);
#8372 = EDGE_CURVE('',#8323,#8373,#8375,.T.);
#8373 = VERTEX_POINT('',#8374);
#8374 = CARTESIAN_POINT('',(2.789100574396,1.797611441463,
    -1.095305147088));
#8375 = LINE('',#8376,#8377);
#8376 = CARTESIAN_POINT('',(2.789100574396,4.159811441463,
    -1.095305147088));
#8377 = VECTOR('',#8378,1.);
#8378 = DIRECTION('',(3.13840284256E-17,-1.,-2.985990844828E-16));
#8379 = ORIENTED_EDGE('',*,*,#8380,.T.);
#8380 = EDGE_CURVE('',#8373,#8381,#8383,.T.);
#8381 = VERTEX_POINT('',#8382);
#8382 = CARTESIAN_POINT('',(3.383117494479,1.797611441463,
    -1.032871452968));
#8383 = LINE('',#8384,#8385);
#8384 = CARTESIAN_POINT('',(4.949290575305,1.797611441463,
    -0.868260029014));
#8385 = VECTOR('',#8386,1.);
#8386 = DIRECTION('',(0.994521895368,-0.,0.104528463268));
#8387 = ORIENTED_EDGE('',*,*,#8388,.T.);
#8388 = EDGE_CURVE('',#8381,#8389,#8391,.T.);
#8389 = VERTEX_POINT('',#8390);
#8390 = CARTESIAN_POINT('',(3.383117494479,2.925371441463,
    -1.032871452968));
#8391 = LINE('',#8392,#8393);
#8392 = CARTESIAN_POINT('',(3.383117494479,4.159811441463,
    -1.032871452968));
#8393 = VECTOR('',#8394,1.);
#8394 = DIRECTION('',(-3.13840284256E-17,1.,2.985990844828E-16));
#8395 = ORIENTED_EDGE('',*,*,#8396,.T.);
#8396 = EDGE_CURVE('',#8389,#8362,#8397,.T.);
#8397 = LINE('',#8398,#8399);
#8398 = CARTESIAN_POINT('',(4.949290575305,2.925371441463,
    -0.868260029014));
#8399 = VECTOR('',#8400,1.);
#8400 = DIRECTION('',(0.994521895368,-0.,0.104528463268));
#8401 = PLANE('',#8402);
#8402 = AXIS2_PLACEMENT_3D('',#8403,#8404,#8405);
#8403 = CARTESIAN_POINT('',(4.949290575305,4.159811441463,
    -0.868260029014));
#8404 = DIRECTION('',(0.104528463268,3.002438517176E-16,-0.994521895368)
  );
#8405 = DIRECTION('',(-0.994521895368,-1.086761050173E-32,
    -0.104528463268));
#8406 = ADVANCED_FACE('',(#8407),#8434,.T.);
#8407 = FACE_BOUND('',#8408,.T.);
#8408 = EDGE_LOOP('',(#8409,#8419,#8425,#8426,#8427,#8428));
#8409 = ORIENTED_EDGE('',*,*,#8410,.T.);
#8410 = EDGE_CURVE('',#8411,#8413,#8415,.T.);
#8411 = VERTEX_POINT('',#8412);
#8412 = CARTESIAN_POINT('',(4.591227324709,-3.723404518232,
    -4.75230182311));
#8413 = VERTEX_POINT('',#8414);
#8414 = CARTESIAN_POINT('',(5.404027324709,-3.723404518232,
    -4.75230182311));
#8415 = LINE('',#8416,#8417);
#8416 = CARTESIAN_POINT('',(5.785027324709,-3.723404518232,
    -4.75230182311));
#8417 = VECTOR('',#8418,1.);
#8418 = DIRECTION('',(1.,-2.203103220696E-18,-8.293948093934E-33));
#8419 = ORIENTED_EDGE('',*,*,#8420,.T.);
#8420 = EDGE_CURVE('',#8413,#7842,#8421,.T.);
#8421 = LINE('',#8422,#8423);
#8422 = CARTESIAN_POINT('',(5.404027324709,-3.723404518232,
    -4.75230182311));
#8423 = VECTOR('',#8424,1.);
#8424 = DIRECTION('',(0.707106781187,-2.414635301864E-15,0.707106781187)
  );
#8425 = ORIENTED_EDGE('',*,*,#7841,.T.);
#8426 = ORIENTED_EDGE('',*,*,#7889,.F.);
#8427 = ORIENTED_EDGE('',*,*,#7627,.T.);
#8428 = ORIENTED_EDGE('',*,*,#8429,.T.);
#8429 = EDGE_CURVE('',#7620,#8411,#8430,.T.);
#8430 = LINE('',#8431,#8432);
#8431 = CARTESIAN_POINT('',(4.210227324709,-3.723404518232,
    -4.37130182311));
#8432 = VECTOR('',#8433,1.);
#8433 = DIRECTION('',(0.707106781187,2.414635301864E-15,-0.707106781187)
  );
#8434 = PLANE('',#8435);
#8435 = AXIS2_PLACEMENT_3D('',#8436,#8437,#8438);
#8436 = CARTESIAN_POINT('',(5.785027324709,-3.723404518232,5.40769817689
    ));
#8437 = DIRECTION('',(-2.203103220696E-18,-1.,-3.76466613821E-15));
#8438 = DIRECTION('',(0.,3.76466613821E-15,-1.));
#8439 = ADVANCED_FACE('',(#8440),#8453,.F.);
#8440 = FACE_BOUND('',#8441,.T.);
#8441 = EDGE_LOOP('',(#8442,#8443,#8444,#8445,#8446,#8447,#8448,#8449,
    #8450,#8451,#8452));
#8442 = ORIENTED_EDGE('',*,*,#7931,.T.);
#8443 = ORIENTED_EDGE('',*,*,#8171,.T.);
#8444 = ORIENTED_EDGE('',*,*,#8147,.T.);
#8445 = ORIENTED_EDGE('',*,*,#8123,.T.);
#8446 = ORIENTED_EDGE('',*,*,#8099,.T.);
#8447 = ORIENTED_EDGE('',*,*,#8075,.T.);
#8448 = ORIENTED_EDGE('',*,*,#8051,.T.);
#8449 = ORIENTED_EDGE('',*,*,#8027,.T.);
#8450 = ORIENTED_EDGE('',*,*,#8003,.T.);
#8451 = ORIENTED_EDGE('',*,*,#7979,.T.);
#8452 = ORIENTED_EDGE('',*,*,#7955,.T.);
#8453 = PLANE('',#8454);
#8454 = AXIS2_PLACEMENT_3D('',#8455,#8456,#8457);
#8455 = CARTESIAN_POINT('',(6.521627324709,-0.239856614092,
    6.714136584522E-03));
#8456 = DIRECTION('',(-1.,-2.731847993664E-16,-1.224606353822E-16));
#8457 = DIRECTION('',(2.731847993664E-16,-1.,0.));
#8458 = ADVANCED_FACE('',(#8459),#8467,.T.);
#8459 = FACE_BOUND('',#8460,.T.);
#8460 = EDGE_LOOP('',(#8461,#8462,#8463,#8464,#8465,#8466));
#8461 = ORIENTED_EDGE('',*,*,#8213,.F.);
#8462 = ORIENTED_EDGE('',*,*,#8187,.F.);
#8463 = ORIENTED_EDGE('',*,*,#6857,.T.);
#8464 = ORIENTED_EDGE('',*,*,#6905,.T.);
#8465 = ORIENTED_EDGE('',*,*,#6469,.T.);
#8466 = ORIENTED_EDGE('',*,*,#8237,.F.);
#8467 = PLANE('',#8468);
#8468 = AXIS2_PLACEMENT_3D('',#8469,#8470,#8471);
#8469 = CARTESIAN_POINT('',(5.785027324709,-3.723404518232,
    -6.156269903721));
#8470 = DIRECTION('',(2.731847993664E-16,-1.,3.218296539477E-15));
#8471 = DIRECTION('',(0.,-3.218296539477E-15,-1.));
#8472 = ADVANCED_FACE('',(#8473),#8484,.T.);
#8473 = FACE_BOUND('',#8474,.T.);
#8474 = EDGE_LOOP('',(#8475,#8481,#8482,#8483));
#8475 = ORIENTED_EDGE('',*,*,#8476,.T.);
#8476 = EDGE_CURVE('',#7478,#7536,#8477,.T.);
#8477 = LINE('',#8478,#8479);
#8478 = CARTESIAN_POINT('',(3.41226214389,3.90396733675,0.561592542524)
  );
#8479 = VECTOR('',#8480,1.);
#8480 = DIRECTION('',(0.994521895368,3.002438517176E-16,-0.104528463268)
  );
#8481 = ORIENTED_EDGE('',*,*,#7535,.F.);
#8482 = ORIENTED_EDGE('',*,*,#8256,.T.);
#8483 = ORIENTED_EDGE('',*,*,#7485,.T.);
#8484 = CYLINDRICAL_SURFACE('',#8485,1.0414);
#8485 = AXIS2_PLACEMENT_3D('',#8486,#8487,#8488);
#8486 = CARTESIAN_POINT('',(3.449493068654,2.925371441463,0.915821129696
    ));
#8487 = DIRECTION('',(-0.994521895368,-3.002438517176E-16,0.104528463268
    ));
#8488 = DIRECTION('',(0.104528463268,-3.976458083287E-32,0.994521895368)
  );
#8489 = ADVANCED_FACE('',(#8490),#8501,.F.);
#8490 = FACE_BOUND('',#8491,.T.);
#8491 = EDGE_LOOP('',(#8492,#8493,#8499,#8500));
#8492 = ORIENTED_EDGE('',*,*,#7552,.T.);
#8493 = ORIENTED_EDGE('',*,*,#8494,.F.);
#8494 = EDGE_CURVE('',#7470,#7545,#8495,.T.);
#8495 = LINE('',#8496,#8497);
#8496 = CARTESIAN_POINT('',(3.441938574516,4.007301271544,0.843944919208
    ));
#8497 = VECTOR('',#8498,1.);
#8498 = DIRECTION('',(0.994521895368,0.,-0.104528463268));
#8499 = ORIENTED_EDGE('',*,*,#7469,.T.);
#8500 = ORIENTED_EDGE('',*,*,#8274,.F.);
#8501 = PLANE('',#8502);
#8502 = AXIS2_PLACEMENT_3D('',#8503,#8504,#8505);
#8503 = CARTESIAN_POINT('',(5.008111655342,4.007301271544,0.679333495254
    ));
#8504 = DIRECTION('',(-9.822462559469E-02,-0.342020143326,
    -0.934544886288));
#8505 = DIRECTION('',(1.320609019019E-17,0.93908605353,-0.343682097389)
  );
#8506 = ADVANCED_FACE('',(#8507),#8518,.F.);
#8507 = FACE_BOUND('',#8508,.F.);
#8508 = EDGE_LOOP('',(#8509,#8510,#8511,#8517));
#8509 = ORIENTED_EDGE('',*,*,#8290,.F.);
#8510 = ORIENTED_EDGE('',*,*,#7602,.T.);
#8511 = ORIENTED_EDGE('',*,*,#8512,.F.);
#8512 = EDGE_CURVE('',#7858,#7603,#8513,.T.);
#8513 = LINE('',#8514,#8515);
#8514 = CARTESIAN_POINT('',(5.785027324709,-3.317004518232,
    -2.533285863415));
#8515 = VECTOR('',#8516,1.);
#8516 = DIRECTION('',(-1.,2.203103220696E-18,8.293948093934E-33));
#8517 = ORIENTED_EDGE('',*,*,#7865,.T.);
#8518 = CYLINDRICAL_SURFACE('',#8519,0.254);
#8519 = AXIS2_PLACEMENT_3D('',#8520,#8521,#8522);
#8520 = CARTESIAN_POINT('',(3.219729298385,-3.063004518232,
    -2.533285863415));
#8521 = DIRECTION('',(1.,-2.203103220697E-18,2.612740496944E-16));
#8522 = DIRECTION('',(2.612740496944E-16,-5.756137003664E-34,-1.));
#8523 = ADVANCED_FACE('',(#8524),#8536,.T.);
#8524 = FACE_BOUND('',#8525,.T.);
#8525 = EDGE_LOOP('',(#8526,#8527,#8528,#8534,#8535));
#8526 = ORIENTED_EDGE('',*,*,#8303,.T.);
#8527 = ORIENTED_EDGE('',*,*,#7790,.T.);
#8528 = ORIENTED_EDGE('',*,*,#8529,.T.);
#8529 = EDGE_CURVE('',#7783,#8339,#8530,.T.);
#8530 = LINE('',#8531,#8532);
#8531 = CARTESIAN_POINT('',(2.578521612732,6.773017675865,
    -0.708799323002));
#8532 = VECTOR('',#8533,1.);
#8533 = DIRECTION('',(-2.731847993664E-16,1.,2.731847993664E-16));
#8534 = ORIENTED_EDGE('',*,*,#8338,.T.);
#8535 = ORIENTED_EDGE('',*,*,#6601,.T.);
#8536 = CYLINDRICAL_SURFACE('',#8537,0.7874);
#8537 = AXIS2_PLACEMENT_3D('',#8538,#8539,#8540);
#8538 = CARTESIAN_POINT('',(2.660827324709,6.773017675865,
    -1.491885863415));
#8539 = DIRECTION('',(2.731847993664E-16,-1.,-2.731847993664E-16));
#8540 = DIRECTION('',(-7.462993460487E-32,2.731847993664E-16,-1.));
#8541 = ADVANCED_FACE('',(#8542),#8594,.T.);
#8542 = FACE_BOUND('',#8543,.T.);
#8543 = EDGE_LOOP('',(#8544,#8545,#8554,#8562,#8570,#8578,#8587,#8593));
#8544 = ORIENTED_EDGE('',*,*,#8361,.F.);
#8545 = ORIENTED_EDGE('',*,*,#8546,.T.);
#8546 = EDGE_CURVE('',#8362,#8547,#8549,.T.);
#8547 = VERTEX_POINT('',#8548);
#8548 = CARTESIAN_POINT('',(4.992964366087,3.522076255662,
    -1.283788391615));
#8549 = CIRCLE('',#8550,0.635);
#8550 = AXIS2_PLACEMENT_3D('',#8551,#8552,#8553);
#8551 = CARTESIAN_POINT('',(5.01566614948,2.925371441463,-1.499781432573
    ));
#8552 = DIRECTION('',(-0.994521895368,-2.431326771859E-16,
    -0.104528463268));
#8553 = DIRECTION('',(0.104528463268,2.048885995248E-15,-0.994521895368)
  );
#8554 = ORIENTED_EDGE('',*,*,#8555,.F.);
#8555 = EDGE_CURVE('',#8556,#8547,#8558,.T.);
#8556 = VERTEX_POINT('',#8557);
#8557 = CARTESIAN_POINT('',(5.022640796714,3.625410190456,
    -1.566140768299));
#8558 = LINE('',#8559,#8560);
#8559 = CARTESIAN_POINT('',(5.022640796714,3.625410190456,
    -1.566140768299));
#8560 = VECTOR('',#8561,1.);
#8561 = DIRECTION('',(-9.822462559469E-02,-0.342020143326,0.934544886288
    ));
#8562 = ORIENTED_EDGE('',*,*,#8563,.T.);
#8563 = EDGE_CURVE('',#8556,#8564,#8566,.T.);
#8564 = VERTEX_POINT('',#8565);
#8565 = CARTESIAN_POINT('',(5.008111655342,4.007301271544,
    -1.427905222085));
#8566 = LINE('',#8567,#8568);
#8567 = CARTESIAN_POINT('',(5.022640796714,3.625410190456,
    -1.566140768299));
#8568 = VECTOR('',#8569,1.);
#8569 = DIRECTION('',(-3.575083998841E-02,0.939692620786,0.340146521194)
  );
#8570 = ORIENTED_EDGE('',*,*,#8571,.T.);
#8571 = EDGE_CURVE('',#8564,#8572,#8574,.T.);
#8572 = VERTEX_POINT('',#8573);
#8573 = CARTESIAN_POINT('',(4.978435224716,3.90396733675,-1.145552845401
    ));
#8574 = LINE('',#8575,#8576);
#8575 = CARTESIAN_POINT('',(5.008111655342,4.007301271544,
    -1.427905222085));
#8576 = VECTOR('',#8577,1.);
#8577 = DIRECTION('',(-9.822462559469E-02,-0.342020143326,0.934544886288
    ));
#8578 = ORIENTED_EDGE('',*,*,#8579,.F.);
#8579 = EDGE_CURVE('',#8580,#8572,#8582,.T.);
#8580 = VERTEX_POINT('',#8581);
#8581 = CARTESIAN_POINT('',(4.906810207833,2.925371441463,
    -0.464086330737));
#8582 = CIRCLE('',#8583,1.0414);
#8583 = AXIS2_PLACEMENT_3D('',#8584,#8585,#8586);
#8584 = CARTESIAN_POINT('',(5.01566614948,2.925371441463,-1.499781432573
    ));
#8585 = DIRECTION('',(-0.994521895368,-2.431326771859E-16,
    -0.104528463268));
#8586 = DIRECTION('',(0.104528463268,1.54429864834E-32,-0.994521895368)
  );
#8587 = ORIENTED_EDGE('',*,*,#8588,.T.);
#8588 = EDGE_CURVE('',#8580,#7775,#8589,.T.);
#8589 = LINE('',#8590,#8591);
#8590 = CARTESIAN_POINT('',(4.906810207833,4.159811441463,
    -0.464086330737));
#8591 = VECTOR('',#8592,1.);
#8592 = DIRECTION('',(2.418007709408E-16,-1.,2.541428511639E-17));
#8593 = ORIENTED_EDGE('',*,*,#7774,.T.);
#8594 = PLANE('',#8595);
#8595 = AXIS2_PLACEMENT_3D('',#8596,#8597,#8598);
#8596 = CARTESIAN_POINT('',(4.949290575305,4.159811441463,
    -0.868260029014));
#8597 = DIRECTION('',(0.994521895368,2.431326771858E-16,0.104528463268)
  );
#8598 = DIRECTION('',(0.104528463268,1.832681202972E-33,-0.994521895368)
  );
#8599 = ADVANCED_FACE('',(#8600),#8619,.F.);
#8600 = FACE_BOUND('',#8601,.F.);
#8601 = EDGE_LOOP('',(#8602,#8603,#8604,#8612));
#8602 = ORIENTED_EDGE('',*,*,#8396,.T.);
#8603 = ORIENTED_EDGE('',*,*,#8546,.T.);
#8604 = ORIENTED_EDGE('',*,*,#8605,.T.);
#8605 = EDGE_CURVE('',#8547,#8606,#8608,.T.);
#8606 = VERTEX_POINT('',#8607);
#8607 = CARTESIAN_POINT('',(3.426791285261,3.522076255662,
    -1.448399815569));
#8608 = LINE('',#8609,#8610);
#8609 = CARTESIAN_POINT('',(4.992964366087,3.522076255662,
    -1.283788391615));
#8610 = VECTOR('',#8611,1.);
#8611 = DIRECTION('',(-0.994521895368,-2.431326771859E-16,
    -0.104528463268));
#8612 = ORIENTED_EDGE('',*,*,#8613,.T.);
#8613 = EDGE_CURVE('',#8606,#8389,#8614,.T.);
#8614 = CIRCLE('',#8615,0.635);
#8615 = AXIS2_PLACEMENT_3D('',#8616,#8617,#8618);
#8616 = CARTESIAN_POINT('',(3.449493068654,2.925371441463,
    -1.664392856527));
#8617 = DIRECTION('',(0.994521895368,2.431326771859E-16,0.104528463268)
  );
#8618 = DIRECTION('',(0.104528463268,3.117034839318E-33,-0.994521895368)
  );
#8619 = CYLINDRICAL_SURFACE('',#8620,0.635);
#8620 = AXIS2_PLACEMENT_3D('',#8621,#8622,#8623);
#8621 = CARTESIAN_POINT('',(5.01566614948,2.925371441463,-1.499781432573
    ));
#8622 = DIRECTION('',(0.994521895368,2.431326771859E-16,0.104528463268)
  );
#8623 = DIRECTION('',(0.104528463268,9.280010661357E-33,-0.994521895368)
  );
#8624 = ADVANCED_FACE('',(#8625),#8676,.F.);
#8625 = FACE_BOUND('',#8626,.T.);
#8626 = EDGE_LOOP('',(#8627,#8637,#8646,#8654,#8662,#8668,#8669,#8670));
#8627 = ORIENTED_EDGE('',*,*,#8628,.F.);
#8628 = EDGE_CURVE('',#8629,#8631,#8633,.T.);
#8629 = VERTEX_POINT('',#8630);
#8630 = CARTESIAN_POINT('',(3.340637127007,2.925371441463,
    -0.628697754691));
#8631 = VERTEX_POINT('',#8632);
#8632 = CARTESIAN_POINT('',(3.340637127007,1.797611441463,
    -0.628697754691));
#8633 = LINE('',#8634,#8635);
#8634 = CARTESIAN_POINT('',(3.340637127007,2.925371441463,
    -0.628697754691));
#8635 = VECTOR('',#8636,1.);
#8636 = DIRECTION('',(2.418007709408E-16,-1.,2.541428511638E-17));
#8637 = ORIENTED_EDGE('',*,*,#8638,.T.);
#8638 = EDGE_CURVE('',#8629,#8639,#8641,.T.);
#8639 = VERTEX_POINT('',#8640);
#8640 = CARTESIAN_POINT('',(3.41226214389,3.90396733675,-1.310164269355)
  );
#8641 = CIRCLE('',#8642,1.0414);
#8642 = AXIS2_PLACEMENT_3D('',#8643,#8644,#8645);
#8643 = CARTESIAN_POINT('',(3.449493068654,2.925371441463,
    -1.664392856527));
#8644 = DIRECTION('',(-0.994521895368,-2.431326771859E-16,
    -0.104528463268));
#8645 = DIRECTION('',(0.104528463268,2.160596230544E-32,-0.994521895368)
  );
#8646 = ORIENTED_EDGE('',*,*,#8647,.T.);
#8647 = EDGE_CURVE('',#8639,#8648,#8650,.T.);
#8648 = VERTEX_POINT('',#8649);
#8649 = CARTESIAN_POINT('',(3.441938574516,4.007301271544,
    -1.592516646039));
#8650 = LINE('',#8651,#8652);
#8651 = CARTESIAN_POINT('',(3.41226214389,3.90396733675,-1.310164269355)
  );
#8652 = VECTOR('',#8653,1.);
#8653 = DIRECTION('',(9.822462559469E-02,0.342020143326,-0.934544886288)
  );
#8654 = ORIENTED_EDGE('',*,*,#8655,.T.);
#8655 = EDGE_CURVE('',#8648,#8656,#8658,.T.);
#8656 = VERTEX_POINT('',#8657);
#8657 = CARTESIAN_POINT('',(3.456467715888,3.625410190456,
    -1.730752192252));
#8658 = LINE('',#8659,#8660);
#8659 = CARTESIAN_POINT('',(3.441938574516,4.007301271544,
    -1.592516646039));
#8660 = VECTOR('',#8661,1.);
#8661 = DIRECTION('',(3.575083998841E-02,-0.939692620786,-0.340146521194
    ));
#8662 = ORIENTED_EDGE('',*,*,#8663,.F.);
#8663 = EDGE_CURVE('',#8606,#8656,#8664,.T.);
#8664 = LINE('',#8665,#8666);
#8665 = CARTESIAN_POINT('',(3.426791285261,3.522076255662,
    -1.448399815569));
#8666 = VECTOR('',#8667,1.);
#8667 = DIRECTION('',(9.822462559471E-02,0.342020143326,-0.934544886288)
  );
#8668 = ORIENTED_EDGE('',*,*,#8613,.T.);
#8669 = ORIENTED_EDGE('',*,*,#8388,.F.);
#8670 = ORIENTED_EDGE('',*,*,#8671,.F.);
#8671 = EDGE_CURVE('',#8631,#8381,#8672,.T.);
#8672 = LINE('',#8673,#8674);
#8673 = CARTESIAN_POINT('',(3.383117494479,1.797611441463,
    -1.032871452968));
#8674 = VECTOR('',#8675,1.);
#8675 = DIRECTION('',(0.104528463268,0.,-0.994521895368));
#8676 = PLANE('',#8677);
#8677 = AXIS2_PLACEMENT_3D('',#8678,#8679,#8680);
#8678 = CARTESIAN_POINT('',(3.383117494479,2.925371441463,
    -1.032871452968));
#8679 = DIRECTION('',(0.994521895368,2.431326771859E-16,0.104528463268)
  );
#8680 = DIRECTION('',(0.104528463268,-1.818058998221E-33,-0.994521895368
    ));
#8681 = ADVANCED_FACE('',(#8682),#8700,.F.);
#8682 = FACE_BOUND('',#8683,.T.);
#8683 = EDGE_LOOP('',(#8684,#8685,#8693,#8699));
#8684 = ORIENTED_EDGE('',*,*,#8380,.F.);
#8685 = ORIENTED_EDGE('',*,*,#8686,.F.);
#8686 = EDGE_CURVE('',#8687,#8373,#8689,.T.);
#8687 = VERTEX_POINT('',#8688);
#8688 = CARTESIAN_POINT('',(2.746620206924,1.797611441463,
    -0.691131448811));
#8689 = LINE('',#8690,#8691);
#8690 = CARTESIAN_POINT('',(2.746620206924,1.797611441463,
    -0.691131448811));
#8691 = VECTOR('',#8692,1.);
#8692 = DIRECTION('',(0.104528463268,5.335640612625E-16,-0.994521895368)
  );
#8693 = ORIENTED_EDGE('',*,*,#8694,.F.);
#8694 = EDGE_CURVE('',#8631,#8687,#8695,.T.);
#8695 = LINE('',#8696,#8697);
#8696 = CARTESIAN_POINT('',(3.340637127007,1.797611441463,
    -0.628697754691));
#8697 = VECTOR('',#8698,1.);
#8698 = DIRECTION('',(-0.994521895368,-3.630411064361E-16,
    -0.104528463267));
#8699 = ORIENTED_EDGE('',*,*,#8671,.T.);
#8700 = PLANE('',#8701);
#8701 = AXIS2_PLACEMENT_3D('',#8702,#8703,#8704);
#8702 = CARTESIAN_POINT('',(5.029421012257,1.797611441463,
    -0.451199415902));
#8703 = DIRECTION('',(2.731847993664E-16,-1.,-2.731847993664E-16));
#8704 = DIRECTION('',(1.,2.731847993664E-16,4.858021379284E-48));
#8705 = ADVANCED_FACE('',(#8706),#8717,.F.);
#8706 = FACE_BOUND('',#8707,.T.);
#8707 = EDGE_LOOP('',(#8708,#8709,#8715,#8716));
#8708 = ORIENTED_EDGE('',*,*,#8320,.F.);
#8709 = ORIENTED_EDGE('',*,*,#8710,.F.);
#8710 = EDGE_CURVE('',#8687,#8321,#8711,.T.);
#8711 = LINE('',#8712,#8713);
#8712 = CARTESIAN_POINT('',(2.746620206924,1.797611441463,
    -0.691131448811));
#8713 = VECTOR('',#8714,1.);
#8714 = DIRECTION('',(1.233716275158E-16,1.,1.296688056352E-17));
#8715 = ORIENTED_EDGE('',*,*,#8686,.T.);
#8716 = ORIENTED_EDGE('',*,*,#8372,.F.);
#8717 = PLANE('',#8718);
#8718 = AXIS2_PLACEMENT_3D('',#8719,#8720,#8721);
#8719 = CARTESIAN_POINT('',(2.746620206924,1.797611441463,
    -0.691131448811));
#8720 = DIRECTION('',(-0.994521895368,1.240511929303E-16,-0.104528463268
    ));
#8721 = DIRECTION('',(-0.104528463268,-2.494347538192E-34,0.994521895368
    ));
#8722 = ADVANCED_FACE('',(#8723),#8741,.T.);
#8723 = FACE_BOUND('',#8724,.T.);
#8724 = EDGE_LOOP('',(#8725,#8726,#8734,#8740));
#8725 = ORIENTED_EDGE('',*,*,#8420,.F.);
#8726 = ORIENTED_EDGE('',*,*,#8727,.T.);
#8727 = EDGE_CURVE('',#8413,#8728,#8730,.T.);
#8728 = VERTEX_POINT('',#8729);
#8729 = CARTESIAN_POINT('',(5.404027324709,-3.317004518232,
    -4.75230182311));
#8730 = LINE('',#8731,#8732);
#8731 = CARTESIAN_POINT('',(5.404027324709,-4.104404518232,
    -4.75230182311));
#8732 = VECTOR('',#8733,1.);
#8733 = DIRECTION('',(-9.025449412273E-15,1.,9.025449412273E-15));
#8734 = ORIENTED_EDGE('',*,*,#8735,.T.);
#8735 = EDGE_CURVE('',#8728,#7850,#8736,.T.);
#8736 = LINE('',#8737,#8738);
#8737 = CARTESIAN_POINT('',(5.404027324709,-3.317004518232,
    -4.75230182311));
#8738 = VECTOR('',#8739,1.);
#8739 = DIRECTION('',(0.707106781187,-2.414635301864E-15,0.707106781187)
  );
#8740 = ORIENTED_EDGE('',*,*,#7849,.T.);
#8741 = PLANE('',#8742);
#8742 = AXIS2_PLACEMENT_3D('',#8743,#8744,#8745);
#8743 = CARTESIAN_POINT('',(5.404027324709,-4.104404518232,
    -4.75230182311));
#8744 = DIRECTION('',(0.707106781187,1.276391296535E-14,-0.707106781187)
  );
#8745 = DIRECTION('',(-0.707106781187,-3.402019534614E-31,
    -0.707106781187));
#8746 = ADVANCED_FACE('',(#8747),#8765,.T.);
#8747 = FACE_BOUND('',#8748,.T.);
#8748 = EDGE_LOOP('',(#8749,#8750,#8758,#8764));
#8749 = ORIENTED_EDGE('',*,*,#8410,.F.);
#8750 = ORIENTED_EDGE('',*,*,#8751,.T.);
#8751 = EDGE_CURVE('',#8411,#8752,#8754,.T.);
#8752 = VERTEX_POINT('',#8753);
#8753 = CARTESIAN_POINT('',(4.591227324709,-3.317004518232,
    -4.75230182311));
#8754 = LINE('',#8755,#8756);
#8755 = CARTESIAN_POINT('',(4.591227324709,-4.104404518232,
    -4.75230182311));
#8756 = VECTOR('',#8757,1.);
#8757 = DIRECTION('',(0.,1.,3.76466613821E-15));
#8758 = ORIENTED_EDGE('',*,*,#8759,.T.);
#8759 = EDGE_CURVE('',#8752,#8728,#8760,.T.);
#8760 = LINE('',#8761,#8762);
#8761 = CARTESIAN_POINT('',(5.785027324709,-3.317004518232,
    -4.75230182311));
#8762 = VECTOR('',#8763,1.);
#8763 = DIRECTION('',(1.,-2.203103220696E-18,-8.293948093934E-33));
#8764 = ORIENTED_EDGE('',*,*,#8727,.F.);
#8765 = PLANE('',#8766);
#8766 = AXIS2_PLACEMENT_3D('',#8767,#8768,#8769);
#8767 = CARTESIAN_POINT('',(6.166027324709,-4.104404518232,
    -4.75230182311));
#8768 = DIRECTION('',(5.366619522816E-16,3.76466613821E-15,-1.));
#8769 = DIRECTION('',(1.136006741932E-47,1.,3.76466613821E-15));
#8770 = ADVANCED_FACE('',(#8771),#8782,.T.);
#8771 = FACE_BOUND('',#8772,.T.);
#8772 = EDGE_LOOP('',(#8773,#8774,#8775,#8781));
#8773 = ORIENTED_EDGE('',*,*,#8429,.F.);
#8774 = ORIENTED_EDGE('',*,*,#7619,.T.);
#8775 = ORIENTED_EDGE('',*,*,#8776,.T.);
#8776 = EDGE_CURVE('',#7612,#8752,#8777,.T.);
#8777 = LINE('',#8778,#8779);
#8778 = CARTESIAN_POINT('',(4.210227324709,-3.317004518232,
    -4.37130182311));
#8779 = VECTOR('',#8780,1.);
#8780 = DIRECTION('',(0.707106781187,2.414635301864E-15,-0.707106781187)
  );
#8781 = ORIENTED_EDGE('',*,*,#8751,.F.);
#8782 = PLANE('',#8783);
#8783 = AXIS2_PLACEMENT_3D('',#8784,#8785,#8786);
#8784 = CARTESIAN_POINT('',(4.210227324709,-3.317004518232,
    -4.37130182311));
#8785 = DIRECTION('',(-0.707106781187,-7.439871054886E-15,
    -0.707106781187));
#8786 = DIRECTION('',(-0.707106781187,1.485984170882E-31,0.707106781187)
  );
#8787 = ADVANCED_FACE('',(#8788),#8794,.F.);
#8788 = FACE_BOUND('',#8789,.T.);
#8789 = EDGE_LOOP('',(#8790,#8791,#8792,#8793));
#8790 = ORIENTED_EDGE('',*,*,#7477,.T.);
#8791 = ORIENTED_EDGE('',*,*,#8494,.T.);
#8792 = ORIENTED_EDGE('',*,*,#7544,.T.);
#8793 = ORIENTED_EDGE('',*,*,#8476,.F.);
#8794 = PLANE('',#8795);
#8795 = AXIS2_PLACEMENT_3D('',#8796,#8797,#8798);
#8796 = CARTESIAN_POINT('',(6.299865064737,2.736363412521,
    -2.967542541252));
#8797 = DIRECTION('',(3.575083998841E-02,-0.939692620786,0.340146521194)
  );
#8798 = DIRECTION('',(4.745354427079E-20,-0.340364104261,-0.940293718223
    ));
#8799 = ADVANCED_FACE('',(#8800),#8815,.F.);
#8800 = FACE_BOUND('',#8801,.T.);
#8801 = EDGE_LOOP('',(#8802,#8803,#8804,#8805,#8806,#8812,#8813,#8814));
#8802 = ORIENTED_EDGE('',*,*,#8347,.F.);
#8803 = ORIENTED_EDGE('',*,*,#8529,.F.);
#8804 = ORIENTED_EDGE('',*,*,#7782,.T.);
#8805 = ORIENTED_EDGE('',*,*,#8588,.F.);
#8806 = ORIENTED_EDGE('',*,*,#8807,.F.);
#8807 = EDGE_CURVE('',#8629,#8580,#8808,.T.);
#8808 = LINE('',#8809,#8810);
#8809 = CARTESIAN_POINT('',(4.906810207833,2.925371441463,
    -0.464086330737));
#8810 = VECTOR('',#8811,1.);
#8811 = DIRECTION('',(0.994521895368,-0.,0.104528463268));
#8812 = ORIENTED_EDGE('',*,*,#8628,.T.);
#8813 = ORIENTED_EDGE('',*,*,#8694,.T.);
#8814 = ORIENTED_EDGE('',*,*,#8710,.T.);
#8815 = PLANE('',#8816);
#8816 = AXIS2_PLACEMENT_3D('',#8817,#8818,#8819);
#8817 = CARTESIAN_POINT('',(4.906810207833,4.159811441463,
    -0.464086330737));
#8818 = DIRECTION('',(0.104528463268,3.002438517176E-16,-0.994521895368)
  );
#8819 = DIRECTION('',(-0.994521895368,-1.086761050173E-32,
    -0.104528463268));
#8820 = ADVANCED_FACE('',(#8821),#8832,.T.);
#8821 = FACE_BOUND('',#8822,.T.);
#8822 = EDGE_LOOP('',(#8823,#8824,#8830,#8831));
#8823 = ORIENTED_EDGE('',*,*,#8663,.T.);
#8824 = ORIENTED_EDGE('',*,*,#8825,.T.);
#8825 = EDGE_CURVE('',#8656,#8556,#8826,.T.);
#8826 = LINE('',#8827,#8828);
#8827 = CARTESIAN_POINT('',(3.456467715888,3.625410190456,
    -1.730752192252));
#8828 = VECTOR('',#8829,1.);
#8829 = DIRECTION('',(0.994521895368,5.507758051742E-16,0.104528463268)
  );
#8830 = ORIENTED_EDGE('',*,*,#8555,.T.);
#8831 = ORIENTED_EDGE('',*,*,#8605,.T.);
#8832 = PLANE('',#8833);
#8833 = AXIS2_PLACEMENT_3D('',#8834,#8835,#8836);
#8834 = CARTESIAN_POINT('',(6.314394206109,2.354472331433,2.080735268208
    ));
#8835 = DIRECTION('',(3.575083998841E-02,-0.939692620786,-0.340146521194
    ));
#8836 = DIRECTION('',(4.580318607864E-19,0.340364104261,-0.940293718223)
  );
#8837 = ADVANCED_FACE('',(#8838),#8846,.F.);
#8838 = FACE_BOUND('',#8839,.T.);
#8839 = EDGE_LOOP('',(#8840,#8841,#8842,#8843,#8844,#8845));
#8840 = ORIENTED_EDGE('',*,*,#7857,.T.);
#8841 = ORIENTED_EDGE('',*,*,#8735,.F.);
#8842 = ORIENTED_EDGE('',*,*,#8759,.F.);
#8843 = ORIENTED_EDGE('',*,*,#8776,.F.);
#8844 = ORIENTED_EDGE('',*,*,#7611,.T.);
#8845 = ORIENTED_EDGE('',*,*,#8512,.F.);
#8846 = PLANE('',#8847);
#8847 = AXIS2_PLACEMENT_3D('',#8848,#8849,#8850);
#8848 = CARTESIAN_POINT('',(5.785027324709,-3.317004518232,5.40769817689
    ));
#8849 = DIRECTION('',(-2.203103220696E-18,-1.,-3.76466613821E-15));
#8850 = DIRECTION('',(0.,3.76466613821E-15,-1.));
#8851 = ADVANCED_FACE('',(#8852),#8863,.T.);
#8852 = FACE_BOUND('',#8853,.T.);
#8853 = EDGE_LOOP('',(#8854,#8860,#8861,#8862));
#8854 = ORIENTED_EDGE('',*,*,#8855,.T.);
#8855 = EDGE_CURVE('',#8572,#8639,#8856,.T.);
#8856 = LINE('',#8857,#8858);
#8857 = CARTESIAN_POINT('',(4.978435224716,3.90396733675,-1.145552845401
    ));
#8858 = VECTOR('',#8859,1.);
#8859 = DIRECTION('',(-0.994521895368,-2.431326771859E-16,
    -0.104528463268));
#8860 = ORIENTED_EDGE('',*,*,#8638,.F.);
#8861 = ORIENTED_EDGE('',*,*,#8807,.T.);
#8862 = ORIENTED_EDGE('',*,*,#8579,.T.);
#8863 = CYLINDRICAL_SURFACE('',#8864,1.0414);
#8864 = AXIS2_PLACEMENT_3D('',#8865,#8866,#8867);
#8865 = CARTESIAN_POINT('',(5.01566614948,2.925371441463,-1.499781432573
    ));
#8866 = DIRECTION('',(0.994521895368,2.431326771859E-16,0.104528463268)
  );
#8867 = DIRECTION('',(0.104528463268,1.54429864834E-32,-0.994521895368)
  );
#8868 = ADVANCED_FACE('',(#8869),#8880,.T.);
#8869 = FACE_BOUND('',#8870,.T.);
#8870 = EDGE_LOOP('',(#8871,#8877,#8878,#8879));
#8871 = ORIENTED_EDGE('',*,*,#8872,.T.);
#8872 = EDGE_CURVE('',#8648,#8564,#8873,.T.);
#8873 = LINE('',#8874,#8875);
#8874 = CARTESIAN_POINT('',(3.441938574516,4.007301271544,
    -1.592516646039));
#8875 = VECTOR('',#8876,1.);
#8876 = DIRECTION('',(0.994521895368,0.,0.104528463268));
#8877 = ORIENTED_EDGE('',*,*,#8563,.F.);
#8878 = ORIENTED_EDGE('',*,*,#8825,.F.);
#8879 = ORIENTED_EDGE('',*,*,#8655,.F.);
#8880 = PLANE('',#8881);
#8881 = AXIS2_PLACEMENT_3D('',#8882,#8883,#8884);
#8882 = CARTESIAN_POINT('',(5.008111655342,4.007301271544,
    -1.427905222085));
#8883 = DIRECTION('',(9.822462559469E-02,0.342020143326,-0.934544886288)
  );
#8884 = DIRECTION('',(9.875337310396E-18,0.93908605353,0.343682097389));
#8885 = ADVANCED_FACE('',(#8886),#8892,.F.);
#8886 = FACE_BOUND('',#8887,.T.);
#8887 = EDGE_LOOP('',(#8888,#8889,#8890,#8891));
#8888 = ORIENTED_EDGE('',*,*,#8571,.F.);
#8889 = ORIENTED_EDGE('',*,*,#8872,.F.);
#8890 = ORIENTED_EDGE('',*,*,#8647,.F.);
#8891 = ORIENTED_EDGE('',*,*,#8855,.F.);
#8892 = PLANE('',#8893);
#8893 = AXIS2_PLACEMENT_3D('',#8894,#8895,#8896);
#8894 = CARTESIAN_POINT('',(6.299865064737,2.736363412521,2.218970814421
    ));
#8895 = DIRECTION('',(3.575083998841E-02,-0.939692620786,-0.340146521194
    ));
#8896 = DIRECTION('',(4.580318607864E-19,0.340364104261,-0.940293718223)
  );
#8897 = MANIFOLD_SOLID_BREP('',#8898);
#8898 = CLOSED_SHELL('',(#8899,#9111,#9142,#9214,#9238,#9255,#9286,#9317
    ,#9348,#9379,#9458,#9482,#9506,#9523,#9554,#9626,#9650,#9667,#9746,
    #9770,#9794,#9811,#9842,#9971,#9988,#10019,#10069,#10087,#10111,
    #10129,#10153,#10171,#10195,#10213,#10237,#10261,#10285,#10316,
    #10333,#10357,#10407,#10431,#10455,#10479,#10526,#10580,#10597,
    #10614,#10637,#10660,#10683,#10706,#10723,#10740,#10757,#10774,
    #10791,#10805,#10819,#10833));
#8899 = ADVANCED_FACE('',(#8900,#8934,#9004,#9038,#9072),#9106,.F.);
#8900 = FACE_BOUND('',#8901,.T.);
#8901 = EDGE_LOOP('',(#8902,#8912,#8920,#8928));
#8902 = ORIENTED_EDGE('',*,*,#8903,.F.);
#8903 = EDGE_CURVE('',#8904,#8906,#8908,.T.);
#8904 = VERTEX_POINT('',#8905);
#8905 = CARTESIAN_POINT('',(5.937427324709,-3.206188558537,
    1.657714136585));
#8906 = VERTEX_POINT('',#8907);
#8907 = CARTESIAN_POINT('',(4.184827324709,-3.206188558537,
    1.657714136585));
#8908 = LINE('',#8909,#8910);
#8909 = CARTESIAN_POINT('',(7.588427324709,-3.206188558537,
    1.657714136585));
#8910 = VECTOR('',#8911,1.);
#8911 = DIRECTION('',(-1.,-0.,0.));
#8912 = ORIENTED_EDGE('',*,*,#8913,.F.);
#8913 = EDGE_CURVE('',#8914,#8904,#8916,.T.);
#8914 = VERTEX_POINT('',#8915);
#8915 = CARTESIAN_POINT('',(5.937427324709,-3.206188558537,
    1.073514136585));
#8916 = LINE('',#8917,#8918);
#8917 = CARTESIAN_POINT('',(5.937427324709,-3.206188558537,
    -3.231785863415));
#8918 = VECTOR('',#8919,1.);
#8919 = DIRECTION('',(0.,-0.,1.));
#8920 = ORIENTED_EDGE('',*,*,#8921,.F.);
#8921 = EDGE_CURVE('',#8922,#8914,#8924,.T.);
#8922 = VERTEX_POINT('',#8923);
#8923 = CARTESIAN_POINT('',(4.184827324709,-3.206188558537,
    1.073514136585));
#8924 = LINE('',#8925,#8926);
#8925 = CARTESIAN_POINT('',(7.588427324709,-3.206188558537,
    1.073514136585));
#8926 = VECTOR('',#8927,1.);
#8927 = DIRECTION('',(1.,0.,-0.));
#8928 = ORIENTED_EDGE('',*,*,#8929,.F.);
#8929 = EDGE_CURVE('',#8906,#8922,#8930,.T.);
#8930 = LINE('',#8931,#8932);
#8931 = CARTESIAN_POINT('',(4.184827324709,-3.206188558537,
    -3.231785863415));
#8932 = VECTOR('',#8933,1.);
#8933 = DIRECTION('',(-0.,0.,-1.));
#8934 = FACE_BOUND('',#8935,.T.);
#8935 = EDGE_LOOP('',(#8936,#8946,#8955,#8963,#8972,#8980,#8989,#8997));
#8936 = ORIENTED_EDGE('',*,*,#8937,.F.);
#8937 = EDGE_CURVE('',#8938,#8940,#8942,.T.);
#8938 = VERTEX_POINT('',#8939);
#8939 = CARTESIAN_POINT('',(8.096427324709,-3.206188558537,
    2.483214136585));
#8940 = VERTEX_POINT('',#8941);
#8941 = CARTESIAN_POINT('',(8.096427324709,-3.206188558537,
    -3.231785863415));
#8942 = LINE('',#8943,#8944);
#8943 = CARTESIAN_POINT('',(8.096427324709,-3.206188558537,
    -3.231785863415));
#8944 = VECTOR('',#8945,1.);
#8945 = DIRECTION('',(-0.,0.,-1.));
#8946 = ORIENTED_EDGE('',*,*,#8947,.F.);
#8947 = EDGE_CURVE('',#8948,#8938,#8950,.T.);
#8948 = VERTEX_POINT('',#8949);
#8949 = CARTESIAN_POINT('',(7.588427324709,-3.206188558537,
    2.991214136585));
#8950 = CIRCLE('',#8951,0.508);
#8951 = AXIS2_PLACEMENT_3D('',#8952,#8953,#8954);
#8952 = CARTESIAN_POINT('',(7.588427324709,-3.206188558537,
    2.483214136585));
#8953 = DIRECTION('',(0.,1.,0.));
#8954 = DIRECTION('',(0.,0.,-1.));
#8955 = ORIENTED_EDGE('',*,*,#8956,.F.);
#8956 = EDGE_CURVE('',#8957,#8948,#8959,.T.);
#8957 = VERTEX_POINT('',#8958);
#8958 = CARTESIAN_POINT('',(-7.397572675291,-3.206188558537,
    2.991214136585));
#8959 = LINE('',#8960,#8961);
#8960 = CARTESIAN_POINT('',(7.588427324709,-3.206188558537,
    2.991214136585));
#8961 = VECTOR('',#8962,1.);
#8962 = DIRECTION('',(1.,0.,-0.));
#8963 = ORIENTED_EDGE('',*,*,#8964,.F.);
#8964 = EDGE_CURVE('',#8965,#8957,#8967,.T.);
#8965 = VERTEX_POINT('',#8966);
#8966 = CARTESIAN_POINT('',(-7.905572675291,-3.206188558537,
    2.483214136585));
#8967 = CIRCLE('',#8968,0.508);
#8968 = AXIS2_PLACEMENT_3D('',#8969,#8970,#8971);
#8969 = CARTESIAN_POINT('',(-7.397572675291,-3.206188558537,
    2.483214136585));
#8970 = DIRECTION('',(0.,1.,0.));
#8971 = DIRECTION('',(0.,0.,-1.));
#8972 = ORIENTED_EDGE('',*,*,#8973,.F.);
#8973 = EDGE_CURVE('',#8974,#8965,#8976,.T.);
#8974 = VERTEX_POINT('',#8975);
#8975 = CARTESIAN_POINT('',(-7.905572675291,-3.206188558537,
    -3.231785863415));
#8976 = LINE('',#8977,#8978);
#8977 = CARTESIAN_POINT('',(-7.905572675291,-3.206188558537,
    -3.231785863415));
#8978 = VECTOR('',#8979,1.);
#8979 = DIRECTION('',(0.,-0.,1.));
#8980 = ORIENTED_EDGE('',*,*,#8981,.F.);
#8981 = EDGE_CURVE('',#8982,#8974,#8984,.T.);
#8982 = VERTEX_POINT('',#8983);
#8983 = CARTESIAN_POINT('',(-7.397572675291,-3.206188558537,
    -3.739785863415));
#8984 = CIRCLE('',#8985,0.508);
#8985 = AXIS2_PLACEMENT_3D('',#8986,#8987,#8988);
#8986 = CARTESIAN_POINT('',(-7.397572675291,-3.206188558537,
    -3.231785863415));
#8987 = DIRECTION('',(0.,1.,0.));
#8988 = DIRECTION('',(0.,0.,-1.));
#8989 = ORIENTED_EDGE('',*,*,#8990,.F.);
#8990 = EDGE_CURVE('',#8991,#8982,#8993,.T.);
#8991 = VERTEX_POINT('',#8992);
#8992 = CARTESIAN_POINT('',(7.588427324709,-3.206188558537,
    -3.739785863415));
#8993 = LINE('',#8994,#8995);
#8994 = CARTESIAN_POINT('',(7.588427324709,-3.206188558537,
    -3.739785863415));
#8995 = VECTOR('',#8996,1.);
#8996 = DIRECTION('',(-1.,-0.,0.));
#8997 = ORIENTED_EDGE('',*,*,#8998,.F.);
#8998 = EDGE_CURVE('',#8940,#8991,#8999,.T.);
#8999 = CIRCLE('',#9000,0.508);
#9000 = AXIS2_PLACEMENT_3D('',#9001,#9002,#9003);
#9001 = CARTESIAN_POINT('',(7.588427324709,-3.206188558537,
    -3.231785863415));
#9002 = DIRECTION('',(0.,1.,0.));
#9003 = DIRECTION('',(5.12221498812E-15,0.,-1.));
#9004 = FACE_BOUND('',#9005,.T.);
#9005 = EDGE_LOOP('',(#9006,#9016,#9024,#9032));
#9006 = ORIENTED_EDGE('',*,*,#9007,.F.);
#9007 = EDGE_CURVE('',#9008,#9010,#9012,.T.);
#9008 = VERTEX_POINT('',#9009);
#9009 = CARTESIAN_POINT('',(4.184827324709,-3.206188558537,
    -1.822085863415));
#9010 = VERTEX_POINT('',#9011);
#9011 = CARTESIAN_POINT('',(4.184827324709,-3.206188558537,
    -2.406285863415));
#9012 = LINE('',#9013,#9014);
#9013 = CARTESIAN_POINT('',(4.184827324709,-3.206188558537,
    -3.231785863415));
#9014 = VECTOR('',#9015,1.);
#9015 = DIRECTION('',(-0.,0.,-1.));
#9016 = ORIENTED_EDGE('',*,*,#9017,.F.);
#9017 = EDGE_CURVE('',#9018,#9008,#9020,.T.);
#9018 = VERTEX_POINT('',#9019);
#9019 = CARTESIAN_POINT('',(5.937427324709,-3.206188558537,
    -1.822085863415));
#9020 = LINE('',#9021,#9022);
#9021 = CARTESIAN_POINT('',(7.588427324709,-3.206188558537,
    -1.822085863415));
#9022 = VECTOR('',#9023,1.);
#9023 = DIRECTION('',(-1.,-0.,0.));
#9024 = ORIENTED_EDGE('',*,*,#9025,.F.);
#9025 = EDGE_CURVE('',#9026,#9018,#9028,.T.);
#9026 = VERTEX_POINT('',#9027);
#9027 = CARTESIAN_POINT('',(5.937427324709,-3.206188558537,
    -2.406285863415));
#9028 = LINE('',#9029,#9030);
#9029 = CARTESIAN_POINT('',(5.937427324709,-3.206188558537,
    -3.231785863415));
#9030 = VECTOR('',#9031,1.);
#9031 = DIRECTION('',(0.,-0.,1.));
#9032 = ORIENTED_EDGE('',*,*,#9033,.F.);
#9033 = EDGE_CURVE('',#9010,#9026,#9034,.T.);
#9034 = LINE('',#9035,#9036);
#9035 = CARTESIAN_POINT('',(7.588427324709,-3.206188558537,
    -2.406285863415));
#9036 = VECTOR('',#9037,1.);
#9037 = DIRECTION('',(1.,0.,-0.));
#9038 = FACE_BOUND('',#9039,.T.);
#9039 = EDGE_LOOP('',(#9040,#9050,#9058,#9066));
#9040 = ORIENTED_EDGE('',*,*,#9041,.F.);
#9041 = EDGE_CURVE('',#9042,#9044,#9046,.T.);
#9042 = VERTEX_POINT('',#9043);
#9043 = CARTESIAN_POINT('',(-5.746572675291,-3.206188558537,
    -2.406285863415));
#9044 = VERTEX_POINT('',#9045);
#9045 = CARTESIAN_POINT('',(-3.993972675291,-3.206188558537,
    -2.406285863415));
#9046 = LINE('',#9047,#9048);
#9047 = CARTESIAN_POINT('',(7.588427324709,-3.206188558537,
    -2.406285863415));
#9048 = VECTOR('',#9049,1.);
#9049 = DIRECTION('',(1.,0.,-0.));
#9050 = ORIENTED_EDGE('',*,*,#9051,.F.);
#9051 = EDGE_CURVE('',#9052,#9042,#9054,.T.);
#9052 = VERTEX_POINT('',#9053);
#9053 = CARTESIAN_POINT('',(-5.746572675291,-3.206188558537,
    -1.822085863415));
#9054 = LINE('',#9055,#9056);
#9055 = CARTESIAN_POINT('',(-5.746572675291,-3.206188558537,
    -3.231785863415));
#9056 = VECTOR('',#9057,1.);
#9057 = DIRECTION('',(-0.,0.,-1.));
#9058 = ORIENTED_EDGE('',*,*,#9059,.F.);
#9059 = EDGE_CURVE('',#9060,#9052,#9062,.T.);
#9060 = VERTEX_POINT('',#9061);
#9061 = CARTESIAN_POINT('',(-3.993972675291,-3.206188558537,
    -1.822085863415));
#9062 = LINE('',#9063,#9064);
#9063 = CARTESIAN_POINT('',(7.588427324709,-3.206188558537,
    -1.822085863415));
#9064 = VECTOR('',#9065,1.);
#9065 = DIRECTION('',(-1.,-0.,0.));
#9066 = ORIENTED_EDGE('',*,*,#9067,.F.);
#9067 = EDGE_CURVE('',#9044,#9060,#9068,.T.);
#9068 = LINE('',#9069,#9070);
#9069 = CARTESIAN_POINT('',(-3.993972675291,-3.206188558537,
    -3.231785863415));
#9070 = VECTOR('',#9071,1.);
#9071 = DIRECTION('',(0.,-0.,1.));
#9072 = FACE_BOUND('',#9073,.T.);
#9073 = EDGE_LOOP('',(#9074,#9084,#9092,#9100));
#9074 = ORIENTED_EDGE('',*,*,#9075,.F.);
#9075 = EDGE_CURVE('',#9076,#9078,#9080,.T.);
#9076 = VERTEX_POINT('',#9077);
#9077 = CARTESIAN_POINT('',(-3.993972675291,-3.206188558537,
    1.073514136585));
#9078 = VERTEX_POINT('',#9079);
#9079 = CARTESIAN_POINT('',(-3.993972675291,-3.206188558537,
    1.657714136585));
#9080 = LINE('',#9081,#9082);
#9081 = CARTESIAN_POINT('',(-3.993972675291,-3.206188558537,
    -3.231785863415));
#9082 = VECTOR('',#9083,1.);
#9083 = DIRECTION('',(0.,-0.,1.));
#9084 = ORIENTED_EDGE('',*,*,#9085,.F.);
#9085 = EDGE_CURVE('',#9086,#9076,#9088,.T.);
#9086 = VERTEX_POINT('',#9087);
#9087 = CARTESIAN_POINT('',(-5.746572675291,-3.206188558537,
    1.073514136585));
#9088 = LINE('',#9089,#9090);
#9089 = CARTESIAN_POINT('',(7.588427324709,-3.206188558537,
    1.073514136585));
#9090 = VECTOR('',#9091,1.);
#9091 = DIRECTION('',(1.,0.,-0.));
#9092 = ORIENTED_EDGE('',*,*,#9093,.F.);
#9093 = EDGE_CURVE('',#9094,#9086,#9096,.T.);
#9094 = VERTEX_POINT('',#9095);
#9095 = CARTESIAN_POINT('',(-5.746572675291,-3.206188558537,
    1.657714136585));
#9096 = LINE('',#9097,#9098);
#9097 = CARTESIAN_POINT('',(-5.746572675291,-3.206188558537,
    -3.231785863415));
#9098 = VECTOR('',#9099,1.);
#9099 = DIRECTION('',(-0.,0.,-1.));
#9100 = ORIENTED_EDGE('',*,*,#9101,.F.);
#9101 = EDGE_CURVE('',#9078,#9094,#9102,.T.);
#9102 = LINE('',#9103,#9104);
#9103 = CARTESIAN_POINT('',(7.588427324709,-3.206188558537,
    1.657714136585));
#9104 = VECTOR('',#9105,1.);
#9105 = DIRECTION('',(-1.,-0.,0.));
#9106 = PLANE('',#9107);
#9107 = AXIS2_PLACEMENT_3D('',#9108,#9109,#9110);
#9108 = CARTESIAN_POINT('',(7.588427324709,-3.206188558537,
    -3.231785863415));
#9109 = DIRECTION('',(0.,1.,0.));
#9110 = DIRECTION('',(0.,-0.,1.));
#9111 = ADVANCED_FACE('',(#9112),#9137,.T.);
#9112 = FACE_BOUND('',#9113,.T.);
#9113 = EDGE_LOOP('',(#9114,#9124,#9130,#9131));
#9114 = ORIENTED_EDGE('',*,*,#9115,.F.);
#9115 = EDGE_CURVE('',#9116,#9118,#9120,.T.);
#9116 = VERTEX_POINT('',#9117);
#9117 = CARTESIAN_POINT('',(4.184827324709,-2.190188558537,
    1.657714136585));
#9118 = VERTEX_POINT('',#9119);
#9119 = CARTESIAN_POINT('',(4.184827324709,-2.190188558537,
    1.073514136585));
#9120 = LINE('',#9121,#9122);
#9121 = CARTESIAN_POINT('',(4.184827324709,-2.190188558537,
    1.657714136585));
#9122 = VECTOR('',#9123,1.);
#9123 = DIRECTION('',(-0.,-0.,-1.));
#9124 = ORIENTED_EDGE('',*,*,#9125,.T.);
#9125 = EDGE_CURVE('',#9116,#8906,#9126,.T.);
#9126 = LINE('',#9127,#9128);
#9127 = CARTESIAN_POINT('',(4.184827324709,-2.190188558537,
    1.657714136585));
#9128 = VECTOR('',#9129,1.);
#9129 = DIRECTION('',(-0.,-1.,-0.));
#9130 = ORIENTED_EDGE('',*,*,#8929,.T.);
#9131 = ORIENTED_EDGE('',*,*,#9132,.T.);
#9132 = EDGE_CURVE('',#8922,#9118,#9133,.T.);
#9133 = LINE('',#9134,#9135);
#9134 = CARTESIAN_POINT('',(4.184827324709,-2.190188558537,
    1.073514136585));
#9135 = VECTOR('',#9136,1.);
#9136 = DIRECTION('',(0.,1.,0.));
#9137 = PLANE('',#9138);
#9138 = AXIS2_PLACEMENT_3D('',#9139,#9140,#9141);
#9139 = CARTESIAN_POINT('',(4.184827324709,-2.190188558537,
    1.073514136585));
#9140 = DIRECTION('',(1.,0.,-2.969399993113E-15));
#9141 = DIRECTION('',(-2.969399993113E-15,0.,-1.));
#9142 = ADVANCED_FACE('',(#9143),#9209,.F.);
#9143 = FACE_BOUND('',#9144,.T.);
#9144 = EDGE_LOOP('',(#9145,#9155,#9163,#9171,#9179,#9185,#9186,#9187,
    #9195,#9203));
#9145 = ORIENTED_EDGE('',*,*,#9146,.F.);
#9146 = EDGE_CURVE('',#9147,#9149,#9151,.T.);
#9147 = VERTEX_POINT('',#9148);
#9148 = CARTESIAN_POINT('',(1.746427324709,4.159811441463,1.657714136585
    ));
#9149 = VERTEX_POINT('',#9150);
#9150 = CARTESIAN_POINT('',(1.746427324709,-0.539188558537,
    1.657714136585));
#9151 = LINE('',#9152,#9153);
#9152 = CARTESIAN_POINT('',(1.746427324709,4.159811441463,1.657714136585
    ));
#9153 = VECTOR('',#9154,1.);
#9154 = DIRECTION('',(0.,-1.,-0.));
#9155 = ORIENTED_EDGE('',*,*,#9156,.F.);
#9156 = EDGE_CURVE('',#9157,#9147,#9159,.T.);
#9157 = VERTEX_POINT('',#9158);
#9158 = CARTESIAN_POINT('',(6.572427324709,4.159811441463,1.657714136585
    ));
#9159 = LINE('',#9160,#9161);
#9160 = CARTESIAN_POINT('',(3.016427324709,4.159811441463,1.657714136585
    ));
#9161 = VECTOR('',#9162,1.);
#9162 = DIRECTION('',(-1.,-0.,0.));
#9163 = ORIENTED_EDGE('',*,*,#9164,.F.);
#9164 = EDGE_CURVE('',#9165,#9157,#9167,.T.);
#9165 = VERTEX_POINT('',#9166);
#9166 = CARTESIAN_POINT('',(6.572427324709,-2.190188558537,
    1.657714136585));
#9167 = LINE('',#9168,#9169);
#9168 = CARTESIAN_POINT('',(6.572427324709,4.159811441463,1.657714136585
    ));
#9169 = VECTOR('',#9170,1.);
#9170 = DIRECTION('',(-0.,1.,0.));
#9171 = ORIENTED_EDGE('',*,*,#9172,.F.);
#9172 = EDGE_CURVE('',#9173,#9165,#9175,.T.);
#9173 = VERTEX_POINT('',#9174);
#9174 = CARTESIAN_POINT('',(5.937427324709,-2.190188558537,
    1.657714136585));
#9175 = LINE('',#9176,#9177);
#9176 = CARTESIAN_POINT('',(6.572427324709,-2.190188558537,
    1.657714136585));
#9177 = VECTOR('',#9178,1.);
#9178 = DIRECTION('',(1.,1.219574997172E-16,-0.));
#9179 = ORIENTED_EDGE('',*,*,#9180,.F.);
#9180 = EDGE_CURVE('',#8904,#9173,#9181,.T.);
#9181 = LINE('',#9182,#9183);
#9182 = CARTESIAN_POINT('',(5.937427324709,4.159811441463,1.657714136585
    ));
#9183 = VECTOR('',#9184,1.);
#9184 = DIRECTION('',(-0.,1.,0.));
#9185 = ORIENTED_EDGE('',*,*,#8903,.T.);
#9186 = ORIENTED_EDGE('',*,*,#9125,.F.);
#9187 = ORIENTED_EDGE('',*,*,#9188,.F.);
#9188 = EDGE_CURVE('',#9189,#9116,#9191,.T.);
#9189 = VERTEX_POINT('',#9190);
#9190 = CARTESIAN_POINT('',(3.016427324709,-2.190188558537,
    1.657714136585));
#9191 = LINE('',#9192,#9193);
#9192 = CARTESIAN_POINT('',(6.572427324709,-2.190188558537,
    1.657714136585));
#9193 = VECTOR('',#9194,1.);
#9194 = DIRECTION('',(1.,1.219574997172E-16,-0.));
#9195 = ORIENTED_EDGE('',*,*,#9196,.F.);
#9196 = EDGE_CURVE('',#9197,#9189,#9199,.T.);
#9197 = VERTEX_POINT('',#9198);
#9198 = CARTESIAN_POINT('',(3.016427324709,-0.539188558537,
    1.657714136585));
#9199 = LINE('',#9200,#9201);
#9200 = CARTESIAN_POINT('',(3.016427324709,4.159811441463,1.657714136585
    ));
#9201 = VECTOR('',#9202,1.);
#9202 = DIRECTION('',(0.,-1.,-0.));
#9203 = ORIENTED_EDGE('',*,*,#9204,.F.);
#9204 = EDGE_CURVE('',#9149,#9197,#9205,.T.);
#9205 = LINE('',#9206,#9207);
#9206 = CARTESIAN_POINT('',(3.016427324709,-0.539188558537,
    1.657714136585));
#9207 = VECTOR('',#9208,1.);
#9208 = DIRECTION('',(1.,2.439149994343E-16,-0.));
#9209 = PLANE('',#9210);
#9210 = AXIS2_PLACEMENT_3D('',#9211,#9212,#9213);
#9211 = CARTESIAN_POINT('',(3.016427324709,4.159811441463,1.657714136585
    ));
#9212 = DIRECTION('',(0.,0.,1.));
#9213 = DIRECTION('',(1.,0.,-0.));
#9214 = ADVANCED_FACE('',(#9215),#9233,.T.);
#9215 = FACE_BOUND('',#9216,.T.);
#9216 = EDGE_LOOP('',(#9217,#9225,#9231,#9232));
#9217 = ORIENTED_EDGE('',*,*,#9218,.F.);
#9218 = EDGE_CURVE('',#9219,#9173,#9221,.T.);
#9219 = VERTEX_POINT('',#9220);
#9220 = CARTESIAN_POINT('',(5.937427324709,-2.190188558537,
    1.073514136585));
#9221 = LINE('',#9222,#9223);
#9222 = CARTESIAN_POINT('',(5.937427324709,-2.190188558537,
    1.657714136585));
#9223 = VECTOR('',#9224,1.);
#9224 = DIRECTION('',(0.,0.,1.));
#9225 = ORIENTED_EDGE('',*,*,#9226,.T.);
#9226 = EDGE_CURVE('',#9219,#8914,#9227,.T.);
#9227 = LINE('',#9228,#9229);
#9228 = CARTESIAN_POINT('',(5.937427324709,-2.190188558537,
    1.073514136585));
#9229 = VECTOR('',#9230,1.);
#9230 = DIRECTION('',(-0.,-1.,-0.));
#9231 = ORIENTED_EDGE('',*,*,#8913,.T.);
#9232 = ORIENTED_EDGE('',*,*,#9180,.T.);
#9233 = PLANE('',#9234);
#9234 = AXIS2_PLACEMENT_3D('',#9235,#9236,#9237);
#9235 = CARTESIAN_POINT('',(5.937427324709,-2.190188558537,
    1.657714136585));
#9236 = DIRECTION('',(-1.,0.,-2.969399993113E-15));
#9237 = DIRECTION('',(-2.969399993113E-15,0.,1.));
#9238 = ADVANCED_FACE('',(#9239),#9250,.T.);
#9239 = FACE_BOUND('',#9240,.T.);
#9240 = EDGE_LOOP('',(#9241,#9247,#9248,#9249));
#9241 = ORIENTED_EDGE('',*,*,#9242,.T.);
#9242 = EDGE_CURVE('',#9219,#9118,#9243,.T.);
#9243 = LINE('',#9244,#9245);
#9244 = CARTESIAN_POINT('',(5.937427324709,-2.190188558537,
    1.073514136585));
#9245 = VECTOR('',#9246,1.);
#9246 = DIRECTION('',(-1.,-0.,1.237249997131E-16));
#9247 = ORIENTED_EDGE('',*,*,#9132,.F.);
#9248 = ORIENTED_EDGE('',*,*,#8921,.T.);
#9249 = ORIENTED_EDGE('',*,*,#9226,.F.);
#9250 = PLANE('',#9251);
#9251 = AXIS2_PLACEMENT_3D('',#9252,#9253,#9254);
#9252 = CARTESIAN_POINT('',(5.937427324709,-2.190188558537,
    1.073514136585));
#9253 = DIRECTION('',(1.237249997131E-16,-0.,1.));
#9254 = DIRECTION('',(1.,0.,-1.237249997131E-16));
#9255 = ADVANCED_FACE('',(#9256),#9281,.F.);
#9256 = FACE_BOUND('',#9257,.T.);
#9257 = EDGE_LOOP('',(#9258,#9268,#9274,#9275));
#9258 = ORIENTED_EDGE('',*,*,#9259,.F.);
#9259 = EDGE_CURVE('',#9260,#9262,#9264,.T.);
#9260 = VERTEX_POINT('',#9261);
#9261 = CARTESIAN_POINT('',(8.096427324709,3.651811441463,2.483214136585
    ));
#9262 = VERTEX_POINT('',#9263);
#9263 = CARTESIAN_POINT('',(8.096427324709,3.651811441463,
    -3.231785863415));
#9264 = LINE('',#9265,#9266);
#9265 = CARTESIAN_POINT('',(8.096427324709,3.651811441463,2.483214136585
    ));
#9266 = VECTOR('',#9267,1.);
#9267 = DIRECTION('',(-0.,-0.,-1.));
#9268 = ORIENTED_EDGE('',*,*,#9269,.F.);
#9269 = EDGE_CURVE('',#8938,#9260,#9270,.T.);
#9270 = LINE('',#9271,#9272);
#9271 = CARTESIAN_POINT('',(8.096427324709,4.159811441463,2.483214136585
    ));
#9272 = VECTOR('',#9273,1.);
#9273 = DIRECTION('',(0.,1.,-0.));
#9274 = ORIENTED_EDGE('',*,*,#8937,.T.);
#9275 = ORIENTED_EDGE('',*,*,#9276,.F.);
#9276 = EDGE_CURVE('',#9262,#8940,#9277,.T.);
#9277 = LINE('',#9278,#9279);
#9278 = CARTESIAN_POINT('',(8.096427324709,4.159811441463,
    -3.231785863415));
#9279 = VECTOR('',#9280,1.);
#9280 = DIRECTION('',(-0.,-1.,0.));
#9281 = PLANE('',#9282);
#9282 = AXIS2_PLACEMENT_3D('',#9283,#9284,#9285);
#9283 = CARTESIAN_POINT('',(8.096427324709,4.159811441463,2.483214136585
    ));
#9284 = DIRECTION('',(-1.,0.,0.));
#9285 = DIRECTION('',(0.,0.,1.));
#9286 = ADVANCED_FACE('',(#9287),#9312,.F.);
#9287 = FACE_BOUND('',#9288,.T.);
#9288 = EDGE_LOOP('',(#9289,#9299,#9305,#9306));
#9289 = ORIENTED_EDGE('',*,*,#9290,.F.);
#9290 = EDGE_CURVE('',#9291,#9293,#9295,.T.);
#9291 = VERTEX_POINT('',#9292);
#9292 = CARTESIAN_POINT('',(-7.397572675291,3.651811441463,
    2.991214136585));
#9293 = VERTEX_POINT('',#9294);
#9294 = CARTESIAN_POINT('',(7.588427324709,3.651811441463,2.991214136585
    ));
#9295 = LINE('',#9296,#9297);
#9296 = CARTESIAN_POINT('',(7.588427324709,3.651811441463,2.991214136585
    ));
#9297 = VECTOR('',#9298,1.);
#9298 = DIRECTION('',(1.,-0.,1.446953386475E-16));
#9299 = ORIENTED_EDGE('',*,*,#9300,.F.);
#9300 = EDGE_CURVE('',#8957,#9291,#9301,.T.);
#9301 = LINE('',#9302,#9303);
#9302 = CARTESIAN_POINT('',(-7.397572675291,4.159811441463,
    2.991214136585));
#9303 = VECTOR('',#9304,1.);
#9304 = DIRECTION('',(0.,1.,0.));
#9305 = ORIENTED_EDGE('',*,*,#8956,.T.);
#9306 = ORIENTED_EDGE('',*,*,#9307,.F.);
#9307 = EDGE_CURVE('',#9293,#8948,#9308,.T.);
#9308 = LINE('',#9309,#9310);
#9309 = CARTESIAN_POINT('',(7.588427324709,4.159811441463,2.991214136585
    ));
#9310 = VECTOR('',#9311,1.);
#9311 = DIRECTION('',(-0.,-1.,-0.));
#9312 = PLANE('',#9313);
#9313 = AXIS2_PLACEMENT_3D('',#9314,#9315,#9316);
#9314 = CARTESIAN_POINT('',(7.588427324709,4.159811441463,2.991214136585
    ));
#9315 = DIRECTION('',(1.446953386475E-16,0.,-1.));
#9316 = DIRECTION('',(-1.,0.,-1.446953386475E-16));
#9317 = ADVANCED_FACE('',(#9318),#9343,.F.);
#9318 = FACE_BOUND('',#9319,.T.);
#9319 = EDGE_LOOP('',(#9320,#9330,#9336,#9337));
#9320 = ORIENTED_EDGE('',*,*,#9321,.F.);
#9321 = EDGE_CURVE('',#9322,#9324,#9326,.T.);
#9322 = VERTEX_POINT('',#9323);
#9323 = CARTESIAN_POINT('',(-7.905572675291,3.651811441463,
    -3.231785863415));
#9324 = VERTEX_POINT('',#9325);
#9325 = CARTESIAN_POINT('',(-7.905572675291,3.651811441463,
    2.483214136585));
#9326 = LINE('',#9327,#9328);
#9327 = CARTESIAN_POINT('',(-7.905572675291,3.651811441463,
    -3.231785863415));
#9328 = VECTOR('',#9329,1.);
#9329 = DIRECTION('',(-0.,-0.,1.));
#9330 = ORIENTED_EDGE('',*,*,#9331,.F.);
#9331 = EDGE_CURVE('',#8974,#9322,#9332,.T.);
#9332 = LINE('',#9333,#9334);
#9333 = CARTESIAN_POINT('',(-7.905572675291,4.159811441463,
    -3.231785863415));
#9334 = VECTOR('',#9335,1.);
#9335 = DIRECTION('',(0.,1.,0.));
#9336 = ORIENTED_EDGE('',*,*,#8973,.T.);
#9337 = ORIENTED_EDGE('',*,*,#9338,.F.);
#9338 = EDGE_CURVE('',#9324,#8965,#9339,.T.);
#9339 = LINE('',#9340,#9341);
#9340 = CARTESIAN_POINT('',(-7.905572675291,4.159811441463,
    2.483214136585));
#9341 = VECTOR('',#9342,1.);
#9342 = DIRECTION('',(-0.,-1.,-0.));
#9343 = PLANE('',#9344);
#9344 = AXIS2_PLACEMENT_3D('',#9345,#9346,#9347);
#9345 = CARTESIAN_POINT('',(-7.905572675291,4.159811441463,
    -3.231785863415));
#9346 = DIRECTION('',(1.,-0.,0.));
#9347 = DIRECTION('',(0.,0.,-1.));
#9348 = ADVANCED_FACE('',(#9349),#9374,.F.);
#9349 = FACE_BOUND('',#9350,.T.);
#9350 = EDGE_LOOP('',(#9351,#9361,#9367,#9368));
#9351 = ORIENTED_EDGE('',*,*,#9352,.F.);
#9352 = EDGE_CURVE('',#9353,#9355,#9357,.T.);
#9353 = VERTEX_POINT('',#9354);
#9354 = CARTESIAN_POINT('',(7.588427324709,3.651811441463,
    -3.739785863415));
#9355 = VERTEX_POINT('',#9356);
#9356 = CARTESIAN_POINT('',(-7.397572675291,3.651811441463,
    -3.739785863415));
#9357 = LINE('',#9358,#9359);
#9358 = CARTESIAN_POINT('',(7.588427324709,3.651811441463,
    -3.739785863415));
#9359 = VECTOR('',#9360,1.);
#9360 = DIRECTION('',(-1.,-0.,1.446953386475E-16));
#9361 = ORIENTED_EDGE('',*,*,#9362,.F.);
#9362 = EDGE_CURVE('',#8991,#9353,#9363,.T.);
#9363 = LINE('',#9364,#9365);
#9364 = CARTESIAN_POINT('',(7.588427324709,4.159811441463,
    -3.739785863415));
#9365 = VECTOR('',#9366,1.);
#9366 = DIRECTION('',(0.,1.,0.));
#9367 = ORIENTED_EDGE('',*,*,#8990,.T.);
#9368 = ORIENTED_EDGE('',*,*,#9369,.F.);
#9369 = EDGE_CURVE('',#9355,#8982,#9370,.T.);
#9370 = LINE('',#9371,#9372);
#9371 = CARTESIAN_POINT('',(-7.397572675291,4.159811441463,
    -3.739785863415));
#9372 = VECTOR('',#9373,1.);
#9373 = DIRECTION('',(-0.,-1.,-0.));
#9374 = PLANE('',#9375);
#9375 = AXIS2_PLACEMENT_3D('',#9376,#9377,#9378);
#9376 = CARTESIAN_POINT('',(7.588427324709,4.159811441463,
    -3.739785863415));
#9377 = DIRECTION('',(1.446953386475E-16,-0.,1.));
#9378 = DIRECTION('',(1.,0.,-1.446953386475E-16));
#9379 = ADVANCED_FACE('',(#9380),#9453,.T.);
#9380 = FACE_BOUND('',#9381,.T.);
#9381 = EDGE_LOOP('',(#9382,#9392,#9400,#9408,#9416,#9424,#9432,#9438,
    #9439,#9447));
#9382 = ORIENTED_EDGE('',*,*,#9383,.T.);
#9383 = EDGE_CURVE('',#9384,#9386,#9388,.T.);
#9384 = VERTEX_POINT('',#9385);
#9385 = CARTESIAN_POINT('',(6.572427324709,-2.190188558537,
    -2.406285863415));
#9386 = VERTEX_POINT('',#9387);
#9387 = CARTESIAN_POINT('',(6.572427324709,4.159811441463,
    -2.406285863415));
#9388 = LINE('',#9389,#9390);
#9389 = CARTESIAN_POINT('',(6.572427324709,4.159811441463,
    -2.406285863415));
#9390 = VECTOR('',#9391,1.);
#9391 = DIRECTION('',(-0.,1.,0.));
#9392 = ORIENTED_EDGE('',*,*,#9393,.T.);
#9393 = EDGE_CURVE('',#9386,#9394,#9396,.T.);
#9394 = VERTEX_POINT('',#9395);
#9395 = CARTESIAN_POINT('',(1.746427324709,4.159811441463,
    -2.406285863415));
#9396 = LINE('',#9397,#9398);
#9397 = CARTESIAN_POINT('',(3.016427324709,4.159811441463,
    -2.406285863415));
#9398 = VECTOR('',#9399,1.);
#9399 = DIRECTION('',(-1.,-0.,0.));
#9400 = ORIENTED_EDGE('',*,*,#9401,.T.);
#9401 = EDGE_CURVE('',#9394,#9402,#9404,.T.);
#9402 = VERTEX_POINT('',#9403);
#9403 = CARTESIAN_POINT('',(1.746427324709,-0.539188558537,
    -2.406285863415));
#9404 = LINE('',#9405,#9406);
#9405 = CARTESIAN_POINT('',(1.746427324709,4.159811441463,
    -2.406285863415));
#9406 = VECTOR('',#9407,1.);
#9407 = DIRECTION('',(0.,-1.,-0.));
#9408 = ORIENTED_EDGE('',*,*,#9409,.F.);
#9409 = EDGE_CURVE('',#9410,#9402,#9412,.T.);
#9410 = VERTEX_POINT('',#9411);
#9411 = CARTESIAN_POINT('',(3.016427324709,-0.539188558537,
    -2.406285863415));
#9412 = LINE('',#9413,#9414);
#9413 = CARTESIAN_POINT('',(3.016427324709,-0.539188558537,
    -2.406285863415));
#9414 = VECTOR('',#9415,1.);
#9415 = DIRECTION('',(-1.,-2.439149994343E-16,0.));
#9416 = ORIENTED_EDGE('',*,*,#9417,.T.);
#9417 = EDGE_CURVE('',#9410,#9418,#9420,.T.);
#9418 = VERTEX_POINT('',#9419);
#9419 = CARTESIAN_POINT('',(3.016427324709,-2.190188558537,
    -2.406285863415));
#9420 = LINE('',#9421,#9422);
#9421 = CARTESIAN_POINT('',(3.016427324709,4.159811441463,
    -2.406285863415));
#9422 = VECTOR('',#9423,1.);
#9423 = DIRECTION('',(0.,-1.,-0.));
#9424 = ORIENTED_EDGE('',*,*,#9425,.T.);
#9425 = EDGE_CURVE('',#9418,#9426,#9428,.T.);
#9426 = VERTEX_POINT('',#9427);
#9427 = CARTESIAN_POINT('',(4.184827324709,-2.190188558537,
    -2.406285863415));
#9428 = LINE('',#9429,#9430);
#9429 = CARTESIAN_POINT('',(3.016427324709,-2.190188558537,
    -2.406285863415));
#9430 = VECTOR('',#9431,1.);
#9431 = DIRECTION('',(1.,0.,-0.));
#9432 = ORIENTED_EDGE('',*,*,#9433,.T.);
#9433 = EDGE_CURVE('',#9426,#9010,#9434,.T.);
#9434 = LINE('',#9435,#9436);
#9435 = CARTESIAN_POINT('',(4.184827324709,4.159811441463,
    -2.406285863415));
#9436 = VECTOR('',#9437,1.);
#9437 = DIRECTION('',(0.,-1.,-0.));
#9438 = ORIENTED_EDGE('',*,*,#9033,.T.);
#9439 = ORIENTED_EDGE('',*,*,#9440,.T.);
#9440 = EDGE_CURVE('',#9026,#9441,#9443,.T.);
#9441 = VERTEX_POINT('',#9442);
#9442 = CARTESIAN_POINT('',(5.937427324709,-2.190188558537,
    -2.406285863415));
#9443 = LINE('',#9444,#9445);
#9444 = CARTESIAN_POINT('',(5.937427324709,4.159811441463,
    -2.406285863415));
#9445 = VECTOR('',#9446,1.);
#9446 = DIRECTION('',(-0.,1.,0.));
#9447 = ORIENTED_EDGE('',*,*,#9448,.T.);
#9448 = EDGE_CURVE('',#9441,#9384,#9449,.T.);
#9449 = LINE('',#9450,#9451);
#9450 = CARTESIAN_POINT('',(3.016427324709,-2.190188558537,
    -2.406285863415));
#9451 = VECTOR('',#9452,1.);
#9452 = DIRECTION('',(1.,0.,-0.));
#9453 = PLANE('',#9454);
#9454 = AXIS2_PLACEMENT_3D('',#9455,#9456,#9457);
#9455 = CARTESIAN_POINT('',(3.016427324709,4.159811441463,
    -2.406285863415));
#9456 = DIRECTION('',(0.,0.,1.));
#9457 = DIRECTION('',(1.,0.,-0.));
#9458 = ADVANCED_FACE('',(#9459),#9477,.T.);
#9459 = FACE_BOUND('',#9460,.T.);
#9460 = EDGE_LOOP('',(#9461,#9469,#9475,#9476));
#9461 = ORIENTED_EDGE('',*,*,#9462,.T.);
#9462 = EDGE_CURVE('',#9426,#9463,#9465,.T.);
#9463 = VERTEX_POINT('',#9464);
#9464 = CARTESIAN_POINT('',(4.184827324709,-2.190188558537,
    -1.822085863415));
#9465 = LINE('',#9466,#9467);
#9466 = CARTESIAN_POINT('',(4.184827324709,-2.190188558537,
    -1.822085863415));
#9467 = VECTOR('',#9468,1.);
#9468 = DIRECTION('',(-2.969399993113E-15,-0.,1.));
#9469 = ORIENTED_EDGE('',*,*,#9470,.T.);
#9470 = EDGE_CURVE('',#9463,#9008,#9471,.T.);
#9471 = LINE('',#9472,#9473);
#9472 = CARTESIAN_POINT('',(4.184827324709,-2.190188558537,
    -1.822085863415));
#9473 = VECTOR('',#9474,1.);
#9474 = DIRECTION('',(-0.,-1.,-0.));
#9475 = ORIENTED_EDGE('',*,*,#9007,.T.);
#9476 = ORIENTED_EDGE('',*,*,#9433,.F.);
#9477 = PLANE('',#9478);
#9478 = AXIS2_PLACEMENT_3D('',#9479,#9480,#9481);
#9479 = CARTESIAN_POINT('',(4.184827324709,-2.190188558537,
    -1.822085863415));
#9480 = DIRECTION('',(1.,-0.,2.969399993113E-15));
#9481 = DIRECTION('',(2.969399993113E-15,0.,-1.));
#9482 = ADVANCED_FACE('',(#9483),#9501,.T.);
#9483 = FACE_BOUND('',#9484,.T.);
#9484 = EDGE_LOOP('',(#9485,#9493,#9499,#9500));
#9485 = ORIENTED_EDGE('',*,*,#9486,.T.);
#9486 = EDGE_CURVE('',#9463,#9487,#9489,.T.);
#9487 = VERTEX_POINT('',#9488);
#9488 = CARTESIAN_POINT('',(5.937427324709,-2.190188558537,
    -1.822085863415));
#9489 = LINE('',#9490,#9491);
#9490 = CARTESIAN_POINT('',(5.937427324709,-2.190188558537,
    -1.822085863415));
#9491 = VECTOR('',#9492,1.);
#9492 = DIRECTION('',(1.,-0.,1.237249997131E-16));
#9493 = ORIENTED_EDGE('',*,*,#9494,.T.);
#9494 = EDGE_CURVE('',#9487,#9018,#9495,.T.);
#9495 = LINE('',#9496,#9497);
#9496 = CARTESIAN_POINT('',(5.937427324709,-2.190188558537,
    -1.822085863415));
#9497 = VECTOR('',#9498,1.);
#9498 = DIRECTION('',(-0.,-1.,-0.));
#9499 = ORIENTED_EDGE('',*,*,#9017,.T.);
#9500 = ORIENTED_EDGE('',*,*,#9470,.F.);
#9501 = PLANE('',#9502);
#9502 = AXIS2_PLACEMENT_3D('',#9503,#9504,#9505);
#9503 = CARTESIAN_POINT('',(5.937427324709,-2.190188558537,
    -1.822085863415));
#9504 = DIRECTION('',(1.237249997131E-16,0.,-1.));
#9505 = DIRECTION('',(-1.,0.,-1.237249997131E-16));
#9506 = ADVANCED_FACE('',(#9507),#9518,.T.);
#9507 = FACE_BOUND('',#9508,.T.);
#9508 = EDGE_LOOP('',(#9509,#9515,#9516,#9517));
#9509 = ORIENTED_EDGE('',*,*,#9510,.T.);
#9510 = EDGE_CURVE('',#9487,#9441,#9511,.T.);
#9511 = LINE('',#9512,#9513);
#9512 = CARTESIAN_POINT('',(5.937427324709,-2.190188558537,
    -2.406285863415));
#9513 = VECTOR('',#9514,1.);
#9514 = DIRECTION('',(-2.969399993113E-15,-0.,-1.));
#9515 = ORIENTED_EDGE('',*,*,#9440,.F.);
#9516 = ORIENTED_EDGE('',*,*,#9025,.T.);
#9517 = ORIENTED_EDGE('',*,*,#9494,.F.);
#9518 = PLANE('',#9519);
#9519 = AXIS2_PLACEMENT_3D('',#9520,#9521,#9522);
#9520 = CARTESIAN_POINT('',(5.937427324709,-2.190188558537,
    -2.406285863415));
#9521 = DIRECTION('',(-1.,0.,2.969399993113E-15));
#9522 = DIRECTION('',(2.969399993113E-15,0.,1.));
#9523 = ADVANCED_FACE('',(#9524),#9549,.F.);
#9524 = FACE_BOUND('',#9525,.T.);
#9525 = EDGE_LOOP('',(#9526,#9534,#9542,#9548));
#9526 = ORIENTED_EDGE('',*,*,#9527,.F.);
#9527 = EDGE_CURVE('',#9528,#9060,#9530,.T.);
#9528 = VERTEX_POINT('',#9529);
#9529 = CARTESIAN_POINT('',(-3.993972675291,-2.190188558537,
    -1.822085863415));
#9530 = LINE('',#9531,#9532);
#9531 = CARTESIAN_POINT('',(-3.993972675291,-2.190188558537,
    -1.822085863415));
#9532 = VECTOR('',#9533,1.);
#9533 = DIRECTION('',(-0.,-1.,-0.));
#9534 = ORIENTED_EDGE('',*,*,#9535,.T.);
#9535 = EDGE_CURVE('',#9528,#9536,#9538,.T.);
#9536 = VERTEX_POINT('',#9537);
#9537 = CARTESIAN_POINT('',(-3.993972675291,-2.190188558537,
    -2.406285863415));
#9538 = LINE('',#9539,#9540);
#9539 = CARTESIAN_POINT('',(-3.993972675291,-2.190188558537,
    1.657714136585));
#9540 = VECTOR('',#9541,1.);
#9541 = DIRECTION('',(-0.,-0.,-1.));
#9542 = ORIENTED_EDGE('',*,*,#9543,.F.);
#9543 = EDGE_CURVE('',#9044,#9536,#9544,.T.);
#9544 = LINE('',#9545,#9546);
#9545 = CARTESIAN_POINT('',(-3.993972675291,-2.190188558537,
    -2.406285863415));
#9546 = VECTOR('',#9547,1.);
#9547 = DIRECTION('',(0.,1.,0.));
#9548 = ORIENTED_EDGE('',*,*,#9067,.T.);
#9549 = PLANE('',#9550);
#9550 = AXIS2_PLACEMENT_3D('',#9551,#9552,#9553);
#9551 = CARTESIAN_POINT('',(-3.993972675291,-2.190188558537,
    -1.822085863415));
#9552 = DIRECTION('',(1.,0.,-2.969399993113E-15));
#9553 = DIRECTION('',(-2.969399993113E-15,0.,-1.));
#9554 = ADVANCED_FACE('',(#9555),#9621,.T.);
#9555 = FACE_BOUND('',#9556,.T.);
#9556 = EDGE_LOOP('',(#9557,#9565,#9573,#9581,#9589,#9597,#9605,#9613,
    #9619,#9620));
#9557 = ORIENTED_EDGE('',*,*,#9558,.T.);
#9558 = EDGE_CURVE('',#9536,#9559,#9561,.T.);
#9559 = VERTEX_POINT('',#9560);
#9560 = CARTESIAN_POINT('',(-2.825572675291,-2.190188558537,
    -2.406285863415));
#9561 = LINE('',#9562,#9563);
#9562 = CARTESIAN_POINT('',(-6.381572675291,-2.190188558537,
    -2.406285863415));
#9563 = VECTOR('',#9564,1.);
#9564 = DIRECTION('',(1.,-1.219574997172E-16,0.));
#9565 = ORIENTED_EDGE('',*,*,#9566,.T.);
#9566 = EDGE_CURVE('',#9559,#9567,#9569,.T.);
#9567 = VERTEX_POINT('',#9568);
#9568 = CARTESIAN_POINT('',(-2.825572675291,-0.539188558537,
    -2.406285863415));
#9569 = LINE('',#9570,#9571);
#9570 = CARTESIAN_POINT('',(-2.825572675291,4.159811441463,
    -2.406285863415));
#9571 = VECTOR('',#9572,1.);
#9572 = DIRECTION('',(-0.,1.,0.));
#9573 = ORIENTED_EDGE('',*,*,#9574,.T.);
#9574 = EDGE_CURVE('',#9567,#9575,#9577,.T.);
#9575 = VERTEX_POINT('',#9576);
#9576 = CARTESIAN_POINT('',(-1.555572675291,-0.539188558537,
    -2.406285863415));
#9577 = LINE('',#9578,#9579);
#9578 = CARTESIAN_POINT('',(-2.825572675291,-0.539188558537,
    -2.406285863415));
#9579 = VECTOR('',#9580,1.);
#9580 = DIRECTION('',(1.,-2.439149994343E-16,0.));
#9581 = ORIENTED_EDGE('',*,*,#9582,.T.);
#9582 = EDGE_CURVE('',#9575,#9583,#9585,.T.);
#9583 = VERTEX_POINT('',#9584);
#9584 = CARTESIAN_POINT('',(-1.555572675291,4.159811441463,
    -2.406285863415));
#9585 = LINE('',#9586,#9587);
#9586 = CARTESIAN_POINT('',(-1.555572675291,4.159811441463,
    -2.406285863415));
#9587 = VECTOR('',#9588,1.);
#9588 = DIRECTION('',(-0.,1.,0.));
#9589 = ORIENTED_EDGE('',*,*,#9590,.T.);
#9590 = EDGE_CURVE('',#9583,#9591,#9593,.T.);
#9591 = VERTEX_POINT('',#9592);
#9592 = CARTESIAN_POINT('',(-6.381572675291,4.159811441463,
    -2.406285863415));
#9593 = LINE('',#9594,#9595);
#9594 = CARTESIAN_POINT('',(-2.825572675291,4.159811441463,
    -2.406285863415));
#9595 = VECTOR('',#9596,1.);
#9596 = DIRECTION('',(-1.,-0.,0.));
#9597 = ORIENTED_EDGE('',*,*,#9598,.T.);
#9598 = EDGE_CURVE('',#9591,#9599,#9601,.T.);
#9599 = VERTEX_POINT('',#9600);
#9600 = CARTESIAN_POINT('',(-6.381572675291,-2.190188558537,
    -2.406285863415));
#9601 = LINE('',#9602,#9603);
#9602 = CARTESIAN_POINT('',(-6.381572675291,4.159811441463,
    -2.406285863415));
#9603 = VECTOR('',#9604,1.);
#9604 = DIRECTION('',(0.,-1.,-0.));
#9605 = ORIENTED_EDGE('',*,*,#9606,.T.);
#9606 = EDGE_CURVE('',#9599,#9607,#9609,.T.);
#9607 = VERTEX_POINT('',#9608);
#9608 = CARTESIAN_POINT('',(-5.746572675291,-2.190188558537,
    -2.406285863415));
#9609 = LINE('',#9610,#9611);
#9610 = CARTESIAN_POINT('',(-6.381572675291,-2.190188558537,
    -2.406285863415));
#9611 = VECTOR('',#9612,1.);
#9612 = DIRECTION('',(1.,-1.219574997172E-16,0.));
#9613 = ORIENTED_EDGE('',*,*,#9614,.T.);
#9614 = EDGE_CURVE('',#9607,#9042,#9615,.T.);
#9615 = LINE('',#9616,#9617);
#9616 = CARTESIAN_POINT('',(-5.746572675291,4.159811441463,
    -2.406285863415));
#9617 = VECTOR('',#9618,1.);
#9618 = DIRECTION('',(0.,-1.,-0.));
#9619 = ORIENTED_EDGE('',*,*,#9041,.T.);
#9620 = ORIENTED_EDGE('',*,*,#9543,.T.);
#9621 = PLANE('',#9622);
#9622 = AXIS2_PLACEMENT_3D('',#9623,#9624,#9625);
#9623 = CARTESIAN_POINT('',(-2.825572675291,4.159811441463,
    -2.406285863415));
#9624 = DIRECTION('',(0.,0.,1.));
#9625 = DIRECTION('',(1.,0.,-0.));
#9626 = ADVANCED_FACE('',(#9627),#9645,.F.);
#9627 = FACE_BOUND('',#9628,.T.);
#9628 = EDGE_LOOP('',(#9629,#9630,#9638,#9644));
#9629 = ORIENTED_EDGE('',*,*,#9614,.F.);
#9630 = ORIENTED_EDGE('',*,*,#9631,.T.);
#9631 = EDGE_CURVE('',#9607,#9632,#9634,.T.);
#9632 = VERTEX_POINT('',#9633);
#9633 = CARTESIAN_POINT('',(-5.746572675291,-2.190188558537,
    -1.822085863415));
#9634 = LINE('',#9635,#9636);
#9635 = CARTESIAN_POINT('',(-5.746572675291,-2.190188558537,
    1.657714136585));
#9636 = VECTOR('',#9637,1.);
#9637 = DIRECTION('',(0.,0.,1.));
#9638 = ORIENTED_EDGE('',*,*,#9639,.F.);
#9639 = EDGE_CURVE('',#9052,#9632,#9640,.T.);
#9640 = LINE('',#9641,#9642);
#9641 = CARTESIAN_POINT('',(-5.746572675291,-2.190188558537,
    -1.822085863415));
#9642 = VECTOR('',#9643,1.);
#9643 = DIRECTION('',(0.,1.,0.));
#9644 = ORIENTED_EDGE('',*,*,#9051,.T.);
#9645 = PLANE('',#9646);
#9646 = AXIS2_PLACEMENT_3D('',#9647,#9648,#9649);
#9647 = CARTESIAN_POINT('',(-5.746572675291,-2.190188558537,
    -2.406285863415));
#9648 = DIRECTION('',(-1.,0.,-2.969399993113E-15));
#9649 = DIRECTION('',(-2.969399993113E-15,0.,1.));
#9650 = ADVANCED_FACE('',(#9651),#9662,.F.);
#9651 = FACE_BOUND('',#9652,.T.);
#9652 = EDGE_LOOP('',(#9653,#9654,#9660,#9661));
#9653 = ORIENTED_EDGE('',*,*,#9639,.T.);
#9654 = ORIENTED_EDGE('',*,*,#9655,.F.);
#9655 = EDGE_CURVE('',#9528,#9632,#9656,.T.);
#9656 = LINE('',#9657,#9658);
#9657 = CARTESIAN_POINT('',(-5.746572675291,-2.190188558537,
    -1.822085863415));
#9658 = VECTOR('',#9659,1.);
#9659 = DIRECTION('',(-1.,-0.,1.237249997131E-16));
#9660 = ORIENTED_EDGE('',*,*,#9527,.T.);
#9661 = ORIENTED_EDGE('',*,*,#9059,.T.);
#9662 = PLANE('',#9663);
#9663 = AXIS2_PLACEMENT_3D('',#9664,#9665,#9666);
#9664 = CARTESIAN_POINT('',(-5.746572675291,-2.190188558537,
    -1.822085863415));
#9665 = DIRECTION('',(1.237249997131E-16,-0.,1.));
#9666 = DIRECTION('',(1.,0.,-1.237249997131E-16));
#9667 = ADVANCED_FACE('',(#9668),#9741,.F.);
#9668 = FACE_BOUND('',#9669,.T.);
#9669 = EDGE_LOOP('',(#9670,#9680,#9688,#9696,#9702,#9703,#9711,#9719,
    #9727,#9735));
#9670 = ORIENTED_EDGE('',*,*,#9671,.T.);
#9671 = EDGE_CURVE('',#9672,#9674,#9676,.T.);
#9672 = VERTEX_POINT('',#9673);
#9673 = CARTESIAN_POINT('',(-1.555572675291,-0.539188558537,
    1.657714136585));
#9674 = VERTEX_POINT('',#9675);
#9675 = CARTESIAN_POINT('',(-2.825572675291,-0.539188558537,
    1.657714136585));
#9676 = LINE('',#9677,#9678);
#9677 = CARTESIAN_POINT('',(-2.825572675291,-0.539188558537,
    1.657714136585));
#9678 = VECTOR('',#9679,1.);
#9679 = DIRECTION('',(-1.,2.439149994343E-16,-0.));
#9680 = ORIENTED_EDGE('',*,*,#9681,.F.);
#9681 = EDGE_CURVE('',#9682,#9674,#9684,.T.);
#9682 = VERTEX_POINT('',#9683);
#9683 = CARTESIAN_POINT('',(-2.825572675291,-2.190188558537,
    1.657714136585));
#9684 = LINE('',#9685,#9686);
#9685 = CARTESIAN_POINT('',(-2.825572675291,4.159811441463,
    1.657714136585));
#9686 = VECTOR('',#9687,1.);
#9687 = DIRECTION('',(-0.,1.,0.));
#9688 = ORIENTED_EDGE('',*,*,#9689,.F.);
#9689 = EDGE_CURVE('',#9690,#9682,#9692,.T.);
#9690 = VERTEX_POINT('',#9691);
#9691 = CARTESIAN_POINT('',(-3.993972675291,-2.190188558537,
    1.657714136585));
#9692 = LINE('',#9693,#9694);
#9693 = CARTESIAN_POINT('',(-2.825572675291,-2.190188558537,
    1.657714136585));
#9694 = VECTOR('',#9695,1.);
#9695 = DIRECTION('',(1.,0.,-0.));
#9696 = ORIENTED_EDGE('',*,*,#9697,.F.);
#9697 = EDGE_CURVE('',#9078,#9690,#9698,.T.);
#9698 = LINE('',#9699,#9700);
#9699 = CARTESIAN_POINT('',(-3.993972675291,4.159811441463,
    1.657714136585));
#9700 = VECTOR('',#9701,1.);
#9701 = DIRECTION('',(-0.,1.,0.));
#9702 = ORIENTED_EDGE('',*,*,#9101,.T.);
#9703 = ORIENTED_EDGE('',*,*,#9704,.F.);
#9704 = EDGE_CURVE('',#9705,#9094,#9707,.T.);
#9705 = VERTEX_POINT('',#9706);
#9706 = CARTESIAN_POINT('',(-5.746572675291,-2.190188558537,
    1.657714136585));
#9707 = LINE('',#9708,#9709);
#9708 = CARTESIAN_POINT('',(-5.746572675291,4.159811441463,
    1.657714136585));
#9709 = VECTOR('',#9710,1.);
#9710 = DIRECTION('',(0.,-1.,-0.));
#9711 = ORIENTED_EDGE('',*,*,#9712,.F.);
#9712 = EDGE_CURVE('',#9713,#9705,#9715,.T.);
#9713 = VERTEX_POINT('',#9714);
#9714 = CARTESIAN_POINT('',(-6.381572675291,-2.190188558537,
    1.657714136585));
#9715 = LINE('',#9716,#9717);
#9716 = CARTESIAN_POINT('',(-2.825572675291,-2.190188558537,
    1.657714136585));
#9717 = VECTOR('',#9718,1.);
#9718 = DIRECTION('',(1.,0.,-0.));
#9719 = ORIENTED_EDGE('',*,*,#9720,.F.);
#9720 = EDGE_CURVE('',#9721,#9713,#9723,.T.);
#9721 = VERTEX_POINT('',#9722);
#9722 = CARTESIAN_POINT('',(-6.381572675291,4.159811441463,
    1.657714136585));
#9723 = LINE('',#9724,#9725);
#9724 = CARTESIAN_POINT('',(-6.381572675291,4.159811441463,
    1.657714136585));
#9725 = VECTOR('',#9726,1.);
#9726 = DIRECTION('',(0.,-1.,-0.));
#9727 = ORIENTED_EDGE('',*,*,#9728,.F.);
#9728 = EDGE_CURVE('',#9729,#9721,#9731,.T.);
#9729 = VERTEX_POINT('',#9730);
#9730 = CARTESIAN_POINT('',(-1.555572675291,4.159811441463,
    1.657714136585));
#9731 = LINE('',#9732,#9733);
#9732 = CARTESIAN_POINT('',(-2.825572675291,4.159811441463,
    1.657714136585));
#9733 = VECTOR('',#9734,1.);
#9734 = DIRECTION('',(-1.,-0.,0.));
#9735 = ORIENTED_EDGE('',*,*,#9736,.F.);
#9736 = EDGE_CURVE('',#9672,#9729,#9737,.T.);
#9737 = LINE('',#9738,#9739);
#9738 = CARTESIAN_POINT('',(-1.555572675291,4.159811441463,
    1.657714136585));
#9739 = VECTOR('',#9740,1.);
#9740 = DIRECTION('',(-0.,1.,0.));
#9741 = PLANE('',#9742);
#9742 = AXIS2_PLACEMENT_3D('',#9743,#9744,#9745);
#9743 = CARTESIAN_POINT('',(-2.825572675291,4.159811441463,
    1.657714136585));
#9744 = DIRECTION('',(0.,0.,1.));
#9745 = DIRECTION('',(1.,0.,-0.));
#9746 = ADVANCED_FACE('',(#9747),#9765,.F.);
#9747 = FACE_BOUND('',#9748,.T.);
#9748 = EDGE_LOOP('',(#9749,#9750,#9758,#9764));
#9749 = ORIENTED_EDGE('',*,*,#9697,.T.);
#9750 = ORIENTED_EDGE('',*,*,#9751,.F.);
#9751 = EDGE_CURVE('',#9752,#9690,#9754,.T.);
#9752 = VERTEX_POINT('',#9753);
#9753 = CARTESIAN_POINT('',(-3.993972675291,-2.190188558537,
    1.073514136585));
#9754 = LINE('',#9755,#9756);
#9755 = CARTESIAN_POINT('',(-3.993972675291,-2.190188558537,
    1.073514136585));
#9756 = VECTOR('',#9757,1.);
#9757 = DIRECTION('',(-2.969399993113E-15,-0.,1.));
#9758 = ORIENTED_EDGE('',*,*,#9759,.F.);
#9759 = EDGE_CURVE('',#9076,#9752,#9760,.T.);
#9760 = LINE('',#9761,#9762);
#9761 = CARTESIAN_POINT('',(-3.993972675291,-2.190188558537,
    1.073514136585));
#9762 = VECTOR('',#9763,1.);
#9763 = DIRECTION('',(0.,1.,0.));
#9764 = ORIENTED_EDGE('',*,*,#9075,.T.);
#9765 = PLANE('',#9766);
#9766 = AXIS2_PLACEMENT_3D('',#9767,#9768,#9769);
#9767 = CARTESIAN_POINT('',(-3.993972675291,-2.190188558537,
    1.073514136585));
#9768 = DIRECTION('',(1.,-0.,2.969399993113E-15));
#9769 = DIRECTION('',(2.969399993113E-15,0.,-1.));
#9770 = ADVANCED_FACE('',(#9771),#9789,.F.);
#9771 = FACE_BOUND('',#9772,.T.);
#9772 = EDGE_LOOP('',(#9773,#9774,#9782,#9788));
#9773 = ORIENTED_EDGE('',*,*,#9759,.T.);
#9774 = ORIENTED_EDGE('',*,*,#9775,.F.);
#9775 = EDGE_CURVE('',#9776,#9752,#9778,.T.);
#9776 = VERTEX_POINT('',#9777);
#9777 = CARTESIAN_POINT('',(-5.746572675291,-2.190188558537,
    1.073514136585));
#9778 = LINE('',#9779,#9780);
#9779 = CARTESIAN_POINT('',(-5.746572675291,-2.190188558537,
    1.073514136585));
#9780 = VECTOR('',#9781,1.);
#9781 = DIRECTION('',(1.,-0.,1.237249997131E-16));
#9782 = ORIENTED_EDGE('',*,*,#9783,.F.);
#9783 = EDGE_CURVE('',#9086,#9776,#9784,.T.);
#9784 = LINE('',#9785,#9786);
#9785 = CARTESIAN_POINT('',(-5.746572675291,-2.190188558537,
    1.073514136585));
#9786 = VECTOR('',#9787,1.);
#9787 = DIRECTION('',(0.,1.,0.));
#9788 = ORIENTED_EDGE('',*,*,#9085,.T.);
#9789 = PLANE('',#9790);
#9790 = AXIS2_PLACEMENT_3D('',#9791,#9792,#9793);
#9791 = CARTESIAN_POINT('',(-5.746572675291,-2.190188558537,
    1.073514136585));
#9792 = DIRECTION('',(1.237249997131E-16,0.,-1.));
#9793 = DIRECTION('',(-1.,0.,-1.237249997131E-16));
#9794 = ADVANCED_FACE('',(#9795),#9806,.F.);
#9795 = FACE_BOUND('',#9796,.T.);
#9796 = EDGE_LOOP('',(#9797,#9798,#9804,#9805));
#9797 = ORIENTED_EDGE('',*,*,#9783,.T.);
#9798 = ORIENTED_EDGE('',*,*,#9799,.F.);
#9799 = EDGE_CURVE('',#9705,#9776,#9800,.T.);
#9800 = LINE('',#9801,#9802);
#9801 = CARTESIAN_POINT('',(-5.746572675291,-2.190188558537,
    1.657714136585));
#9802 = VECTOR('',#9803,1.);
#9803 = DIRECTION('',(-2.969399993113E-15,-0.,-1.));
#9804 = ORIENTED_EDGE('',*,*,#9704,.T.);
#9805 = ORIENTED_EDGE('',*,*,#9093,.T.);
#9806 = PLANE('',#9807);
#9807 = AXIS2_PLACEMENT_3D('',#9808,#9809,#9810);
#9808 = CARTESIAN_POINT('',(-5.746572675291,-2.190188558537,
    1.657714136585));
#9809 = DIRECTION('',(-1.,0.,2.969399993113E-15));
#9810 = DIRECTION('',(2.969399993113E-15,0.,1.));
#9811 = ADVANCED_FACE('',(#9812),#9837,.T.);
#9812 = FACE_BOUND('',#9813,.T.);
#9813 = EDGE_LOOP('',(#9814,#9822,#9830,#9836));
#9814 = ORIENTED_EDGE('',*,*,#9815,.F.);
#9815 = EDGE_CURVE('',#9816,#9149,#9818,.T.);
#9816 = VERTEX_POINT('',#9817);
#9817 = CARTESIAN_POINT('',(1.746427324709,-0.539188558537,
    1.403714136585));
#9818 = LINE('',#9819,#9820);
#9819 = CARTESIAN_POINT('',(1.746427324709,-0.539188558537,
    1.657714136585));
#9820 = VECTOR('',#9821,1.);
#9821 = DIRECTION('',(0.,0.,1.));
#9822 = ORIENTED_EDGE('',*,*,#9823,.T.);
#9823 = EDGE_CURVE('',#9816,#9824,#9826,.T.);
#9824 = VERTEX_POINT('',#9825);
#9825 = CARTESIAN_POINT('',(1.746427324709,4.159811441463,1.403714136585
    ));
#9826 = LINE('',#9827,#9828);
#9827 = CARTESIAN_POINT('',(1.746427324709,-0.539188558537,
    1.403714136585));
#9828 = VECTOR('',#9829,1.);
#9829 = DIRECTION('',(0.,1.,0.));
#9830 = ORIENTED_EDGE('',*,*,#9831,.T.);
#9831 = EDGE_CURVE('',#9824,#9147,#9832,.T.);
#9832 = LINE('',#9833,#9834);
#9833 = CARTESIAN_POINT('',(1.746427324709,4.159811441463,1.657714136585
    ));
#9834 = VECTOR('',#9835,1.);
#9835 = DIRECTION('',(-0.,-0.,1.));
#9836 = ORIENTED_EDGE('',*,*,#9146,.T.);
#9837 = PLANE('',#9838);
#9838 = AXIS2_PLACEMENT_3D('',#9839,#9840,#9841);
#9839 = CARTESIAN_POINT('',(1.746427324709,-0.539188558537,
    1.657714136585));
#9840 = DIRECTION('',(1.,-0.,0.));
#9841 = DIRECTION('',(0.,0.,-1.));
#9842 = ADVANCED_FACE('',(#9843,#9877,#9918),#9966,.T.);
#9843 = FACE_BOUND('',#9844,.T.);
#9844 = EDGE_LOOP('',(#9845,#9855,#9863,#9871));
#9845 = ORIENTED_EDGE('',*,*,#9846,.T.);
#9846 = EDGE_CURVE('',#9847,#9849,#9851,.T.);
#9847 = VERTEX_POINT('',#9848);
#9848 = CARTESIAN_POINT('',(-7.397572675291,4.159811441463,
    2.483214136585));
#9849 = VERTEX_POINT('',#9850);
#9850 = CARTESIAN_POINT('',(7.588427324709,4.159811441463,2.483214136585
    ));
#9851 = LINE('',#9852,#9853);
#9852 = CARTESIAN_POINT('',(7.588427324709,4.159811441463,2.483214136585
    ));
#9853 = VECTOR('',#9854,1.);
#9854 = DIRECTION('',(1.,0.,-0.));
#9855 = ORIENTED_EDGE('',*,*,#9856,.T.);
#9856 = EDGE_CURVE('',#9849,#9857,#9859,.T.);
#9857 = VERTEX_POINT('',#9858);
#9858 = CARTESIAN_POINT('',(7.588427324709,4.159811441463,
    -3.231785863415));
#9859 = LINE('',#9860,#9861);
#9860 = CARTESIAN_POINT('',(7.588427324709,4.159811441463,
    -3.231785863415));
#9861 = VECTOR('',#9862,1.);
#9862 = DIRECTION('',(-0.,0.,-1.));
#9863 = ORIENTED_EDGE('',*,*,#9864,.T.);
#9864 = EDGE_CURVE('',#9857,#9865,#9867,.T.);
#9865 = VERTEX_POINT('',#9866);
#9866 = CARTESIAN_POINT('',(-7.397572675291,4.159811441463,
    -3.231785863415));
#9867 = LINE('',#9868,#9869);
#9868 = CARTESIAN_POINT('',(7.588427324709,4.159811441463,
    -3.231785863415));
#9869 = VECTOR('',#9870,1.);
#9870 = DIRECTION('',(-1.,-0.,0.));
#9871 = ORIENTED_EDGE('',*,*,#9872,.T.);
#9872 = EDGE_CURVE('',#9865,#9847,#9873,.T.);
#9873 = LINE('',#9874,#9875);
#9874 = CARTESIAN_POINT('',(-7.397572675291,4.159811441463,
    -3.231785863415));
#9875 = VECTOR('',#9876,1.);
#9876 = DIRECTION('',(0.,-0.,1.));
#9877 = FACE_BOUND('',#9878,.T.);
#9878 = EDGE_LOOP('',(#9879,#9880,#9881,#9889,#9897,#9905,#9911,#9912));
#9879 = ORIENTED_EDGE('',*,*,#9156,.T.);
#9880 = ORIENTED_EDGE('',*,*,#9831,.F.);
#9881 = ORIENTED_EDGE('',*,*,#9882,.T.);
#9882 = EDGE_CURVE('',#9824,#9883,#9885,.T.);
#9883 = VERTEX_POINT('',#9884);
#9884 = CARTESIAN_POINT('',(1.238427324709,4.159811441463,1.403714136585
    ));
#9885 = LINE('',#9886,#9887);
#9886 = CARTESIAN_POINT('',(7.588427324709,4.159811441463,1.403714136585
    ));
#9887 = VECTOR('',#9888,1.);
#9888 = DIRECTION('',(-1.,-0.,0.));
#9889 = ORIENTED_EDGE('',*,*,#9890,.T.);
#9890 = EDGE_CURVE('',#9883,#9891,#9893,.T.);
#9891 = VERTEX_POINT('',#9892);
#9892 = CARTESIAN_POINT('',(1.238427324709,4.159811441463,
    -2.152285863415));
#9893 = LINE('',#9894,#9895);
#9894 = CARTESIAN_POINT('',(1.238427324709,4.159811441463,
    -3.231785863415));
#9895 = VECTOR('',#9896,1.);
#9896 = DIRECTION('',(-0.,0.,-1.));
#9897 = ORIENTED_EDGE('',*,*,#9898,.F.);
#9898 = EDGE_CURVE('',#9899,#9891,#9901,.T.);
#9899 = VERTEX_POINT('',#9900);
#9900 = CARTESIAN_POINT('',(1.746427324709,4.159811441463,
    -2.152285863415));
#9901 = LINE('',#9902,#9903);
#9902 = CARTESIAN_POINT('',(1.746427324709,4.159811441463,
    -2.152285863415));
#9903 = VECTOR('',#9904,1.);
#9904 = DIRECTION('',(-1.,-0.,0.));
#9905 = ORIENTED_EDGE('',*,*,#9906,.T.);
#9906 = EDGE_CURVE('',#9899,#9394,#9907,.T.);
#9907 = LINE('',#9908,#9909);
#9908 = CARTESIAN_POINT('',(1.746427324709,4.159811441463,
    -3.231785863415));
#9909 = VECTOR('',#9910,1.);
#9910 = DIRECTION('',(-0.,0.,-1.));
#9911 = ORIENTED_EDGE('',*,*,#9393,.F.);
#9912 = ORIENTED_EDGE('',*,*,#9913,.T.);
#9913 = EDGE_CURVE('',#9386,#9157,#9914,.T.);
#9914 = LINE('',#9915,#9916);
#9915 = CARTESIAN_POINT('',(6.572427324709,4.159811441463,
    -3.231785863415));
#9916 = VECTOR('',#9917,1.);
#9917 = DIRECTION('',(0.,-0.,1.));
#9918 = FACE_BOUND('',#9919,.T.);
#9919 = EDGE_LOOP('',(#9920,#9928,#9936,#9944,#9952,#9958,#9959,#9965));
#9920 = ORIENTED_EDGE('',*,*,#9921,.T.);
#9921 = EDGE_CURVE('',#9583,#9922,#9924,.T.);
#9922 = VERTEX_POINT('',#9923);
#9923 = CARTESIAN_POINT('',(-1.555572675291,4.159811441463,
    -2.152285863415));
#9924 = LINE('',#9925,#9926);
#9925 = CARTESIAN_POINT('',(-1.555572675291,4.159811441463,
    -3.231785863415));
#9926 = VECTOR('',#9927,1.);
#9927 = DIRECTION('',(0.,-0.,1.));
#9928 = ORIENTED_EDGE('',*,*,#9929,.T.);
#9929 = EDGE_CURVE('',#9922,#9930,#9932,.T.);
#9930 = VERTEX_POINT('',#9931);
#9931 = CARTESIAN_POINT('',(-1.047572675291,4.159811441463,
    -2.152285863415));
#9932 = LINE('',#9933,#9934);
#9933 = CARTESIAN_POINT('',(-1.555572675291,4.159811441463,
    -2.152285863415));
#9934 = VECTOR('',#9935,1.);
#9935 = DIRECTION('',(1.,-0.,0.));
#9936 = ORIENTED_EDGE('',*,*,#9937,.T.);
#9937 = EDGE_CURVE('',#9930,#9938,#9940,.T.);
#9938 = VERTEX_POINT('',#9939);
#9939 = CARTESIAN_POINT('',(-1.047572675291,4.159811441463,
    1.403714136585));
#9940 = LINE('',#9941,#9942);
#9941 = CARTESIAN_POINT('',(-1.047572675291,4.159811441463,
    -3.231785863415));
#9942 = VECTOR('',#9943,1.);
#9943 = DIRECTION('',(0.,-0.,1.));
#9944 = ORIENTED_EDGE('',*,*,#9945,.T.);
#9945 = EDGE_CURVE('',#9938,#9946,#9948,.T.);
#9946 = VERTEX_POINT('',#9947);
#9947 = CARTESIAN_POINT('',(-1.555572675291,4.159811441463,
    1.403714136585));
#9948 = LINE('',#9949,#9950);
#9949 = CARTESIAN_POINT('',(-1.555572675291,4.159811441463,
    1.403714136585));
#9950 = VECTOR('',#9951,1.);
#9951 = DIRECTION('',(-1.,-0.,0.));
#9952 = ORIENTED_EDGE('',*,*,#9953,.T.);
#9953 = EDGE_CURVE('',#9946,#9729,#9954,.T.);
#9954 = LINE('',#9955,#9956);
#9955 = CARTESIAN_POINT('',(-1.555572675291,4.159811441463,
    -3.231785863415));
#9956 = VECTOR('',#9957,1.);
#9957 = DIRECTION('',(0.,-0.,1.));
#9958 = ORIENTED_EDGE('',*,*,#9728,.T.);
#9959 = ORIENTED_EDGE('',*,*,#9960,.T.);
#9960 = EDGE_CURVE('',#9721,#9591,#9961,.T.);
#9961 = LINE('',#9962,#9963);
#9962 = CARTESIAN_POINT('',(-6.381572675291,4.159811441463,
    -3.231785863415));
#9963 = VECTOR('',#9964,1.);
#9964 = DIRECTION('',(-0.,0.,-1.));
#9965 = ORIENTED_EDGE('',*,*,#9590,.F.);
#9966 = PLANE('',#9967);
#9967 = AXIS2_PLACEMENT_3D('',#9968,#9969,#9970);
#9968 = CARTESIAN_POINT('',(7.588427324709,4.159811441463,
    -3.231785863415));
#9969 = DIRECTION('',(0.,1.,0.));
#9970 = DIRECTION('',(0.,-0.,1.));
#9971 = ADVANCED_FACE('',(#9972),#9983,.T.);
#9972 = FACE_BOUND('',#9973,.T.);
#9973 = EDGE_LOOP('',(#9974,#9975,#9976,#9982));
#9974 = ORIENTED_EDGE('',*,*,#9913,.F.);
#9975 = ORIENTED_EDGE('',*,*,#9383,.F.);
#9976 = ORIENTED_EDGE('',*,*,#9977,.T.);
#9977 = EDGE_CURVE('',#9384,#9165,#9978,.T.);
#9978 = LINE('',#9979,#9980);
#9979 = CARTESIAN_POINT('',(6.572427324709,-2.190188558537,
    1.657714136585));
#9980 = VECTOR('',#9981,1.);
#9981 = DIRECTION('',(0.,0.,1.));
#9982 = ORIENTED_EDGE('',*,*,#9164,.T.);
#9983 = PLANE('',#9984);
#9984 = AXIS2_PLACEMENT_3D('',#9985,#9986,#9987);
#9985 = CARTESIAN_POINT('',(6.572427324709,4.159811441463,1.657714136585
    ));
#9986 = DIRECTION('',(-1.,-2.731847993664E-16,0.));
#9987 = DIRECTION('',(2.731847993664E-16,-1.,0.));
#9988 = ADVANCED_FACE('',(#9989),#10014,.T.);
#9989 = FACE_BOUND('',#9990,.T.);
#9990 = EDGE_LOOP('',(#9991,#9992,#10000,#10008));
#9991 = ORIENTED_EDGE('',*,*,#9196,.T.);
#9992 = ORIENTED_EDGE('',*,*,#9993,.T.);
#9993 = EDGE_CURVE('',#9189,#9994,#9996,.T.);
#9994 = VERTEX_POINT('',#9995);
#9995 = CARTESIAN_POINT('',(3.016427324709,-2.190188558537,
    0.463914136585));
#9996 = LINE('',#9997,#9998);
#9997 = CARTESIAN_POINT('',(3.016427324709,-2.190188558537,
    1.657714136585));
#9998 = VECTOR('',#9999,1.);
#9999 = DIRECTION('',(0.,0.,-1.));
#10000 = ORIENTED_EDGE('',*,*,#10001,.T.);
#10001 = EDGE_CURVE('',#9994,#10002,#10004,.T.);
#10002 = VERTEX_POINT('',#10003);
#10003 = CARTESIAN_POINT('',(3.016427324709,-0.539188558537,
    0.463914136585));
#10004 = LINE('',#10005,#10006);
#10005 = CARTESIAN_POINT('',(3.016427324709,-2.190188558537,
    0.463914136585));
#10006 = VECTOR('',#10007,1.);
#10007 = DIRECTION('',(-8.162779222755E-48,1.,-4.462089521178E-32));
#10008 = ORIENTED_EDGE('',*,*,#10009,.F.);
#10009 = EDGE_CURVE('',#9197,#10002,#10010,.T.);
#10010 = LINE('',#10011,#10012);
#10011 = CARTESIAN_POINT('',(3.016427324709,-0.539188558537,
    1.657714136585));
#10012 = VECTOR('',#10013,1.);
#10013 = DIRECTION('',(-0.,-0.,-1.));
#10014 = PLANE('',#10015);
#10015 = AXIS2_PLACEMENT_3D('',#10016,#10017,#10018);
#10016 = CARTESIAN_POINT('',(3.016427324709,-2.190188558537,
    1.657714136585));
#10017 = DIRECTION('',(1.,-0.,0.));
#10018 = DIRECTION('',(0.,0.,-1.));
#10019 = ADVANCED_FACE('',(#10020),#10064,.T.);
#10020 = FACE_BOUND('',#10021,.T.);
#10021 = EDGE_LOOP('',(#10022,#10030,#10031,#10032,#10033,#10034,#10035,
    #10036,#10037,#10038,#10039,#10040,#10041,#10042,#10050,#10058));
#10022 = ORIENTED_EDGE('',*,*,#10023,.T.);
#10023 = EDGE_CURVE('',#10024,#9994,#10026,.T.);
#10024 = VERTEX_POINT('',#10025);
#10025 = CARTESIAN_POINT('',(1.238427324709,-2.190188558537,
    0.463914136585));
#10026 = LINE('',#10027,#10028);
#10027 = CARTESIAN_POINT('',(6.572427324709,-2.190188558537,
    0.463914136585));
#10028 = VECTOR('',#10029,1.);
#10029 = DIRECTION('',(1.,1.219574997172E-16,-0.));
#10030 = ORIENTED_EDGE('',*,*,#9993,.F.);
#10031 = ORIENTED_EDGE('',*,*,#9188,.T.);
#10032 = ORIENTED_EDGE('',*,*,#9115,.T.);
#10033 = ORIENTED_EDGE('',*,*,#9242,.F.);
#10034 = ORIENTED_EDGE('',*,*,#9218,.T.);
#10035 = ORIENTED_EDGE('',*,*,#9172,.T.);
#10036 = ORIENTED_EDGE('',*,*,#9977,.F.);
#10037 = ORIENTED_EDGE('',*,*,#9448,.F.);
#10038 = ORIENTED_EDGE('',*,*,#9510,.F.);
#10039 = ORIENTED_EDGE('',*,*,#9486,.F.);
#10040 = ORIENTED_EDGE('',*,*,#9462,.F.);
#10041 = ORIENTED_EDGE('',*,*,#9425,.F.);
#10042 = ORIENTED_EDGE('',*,*,#10043,.T.);
#10043 = EDGE_CURVE('',#9418,#10044,#10046,.T.);
#10044 = VERTEX_POINT('',#10045);
#10045 = CARTESIAN_POINT('',(3.016427324709,-2.190188558537,
    -1.212485863415));
#10046 = LINE('',#10047,#10048);
#10047 = CARTESIAN_POINT('',(3.016427324709,-2.190188558537,
    1.657714136585));
#10048 = VECTOR('',#10049,1.);
#10049 = DIRECTION('',(0.,0.,1.));
#10050 = ORIENTED_EDGE('',*,*,#10051,.T.);
#10051 = EDGE_CURVE('',#10044,#10052,#10054,.T.);
#10052 = VERTEX_POINT('',#10053);
#10053 = CARTESIAN_POINT('',(1.238427324709,-2.190188558537,
    -1.212485863415));
#10054 = LINE('',#10055,#10056);
#10055 = CARTESIAN_POINT('',(6.572427324709,-2.190188558537,
    -1.212485863415));
#10056 = VECTOR('',#10057,1.);
#10057 = DIRECTION('',(-1.,-1.219574997172E-16,0.));
#10058 = ORIENTED_EDGE('',*,*,#10059,.T.);
#10059 = EDGE_CURVE('',#10052,#10024,#10060,.T.);
#10060 = LINE('',#10061,#10062);
#10061 = CARTESIAN_POINT('',(1.238427324709,-2.190188558537,
    1.657714136585));
#10062 = VECTOR('',#10063,1.);
#10063 = DIRECTION('',(0.,0.,1.));
#10064 = PLANE('',#10065);
#10065 = AXIS2_PLACEMENT_3D('',#10066,#10067,#10068);
#10066 = CARTESIAN_POINT('',(6.572427324709,-2.190188558537,
    1.657714136585));
#10067 = DIRECTION('',(-1.219574997172E-16,1.,0.));
#10068 = DIRECTION('',(-1.,-1.219574997172E-16,0.));
#10069 = ADVANCED_FACE('',(#10070),#10082,.T.);
#10070 = FACE_BOUND('',#10071,.T.);
#10071 = EDGE_LOOP('',(#10072,#10073,#10074,#10075));
#10072 = ORIENTED_EDGE('',*,*,#9276,.T.);
#10073 = ORIENTED_EDGE('',*,*,#8998,.T.);
#10074 = ORIENTED_EDGE('',*,*,#9362,.T.);
#10075 = ORIENTED_EDGE('',*,*,#10076,.T.);
#10076 = EDGE_CURVE('',#9353,#9262,#10077,.T.);
#10077 = CIRCLE('',#10078,0.508);
#10078 = AXIS2_PLACEMENT_3D('',#10079,#10080,#10081);
#10079 = CARTESIAN_POINT('',(7.588427324709,3.651811441463,
    -3.231785863415));
#10080 = DIRECTION('',(0.,-1.,-0.));
#10081 = DIRECTION('',(0.,0.,-1.));
#10082 = CYLINDRICAL_SURFACE('',#10083,0.508);
#10083 = AXIS2_PLACEMENT_3D('',#10084,#10085,#10086);
#10084 = CARTESIAN_POINT('',(7.588427324709,4.159811441463,
    -3.231785863415));
#10085 = DIRECTION('',(-0.,-1.,-0.));
#10086 = DIRECTION('',(0.,0.,-1.));
#10087 = ADVANCED_FACE('',(#10088),#10106,.T.);
#10088 = FACE_BOUND('',#10089,.T.);
#10089 = EDGE_LOOP('',(#10090,#10097,#10098,#10105));
#10090 = ORIENTED_EDGE('',*,*,#10091,.T.);
#10091 = EDGE_CURVE('',#9849,#9260,#10092,.T.);
#10092 = CIRCLE('',#10093,0.508);
#10093 = AXIS2_PLACEMENT_3D('',#10094,#10095,#10096);
#10094 = CARTESIAN_POINT('',(7.588427324709,3.651811441463,
    2.483214136585));
#10095 = DIRECTION('',(0.,0.,-1.));
#10096 = DIRECTION('',(1.,0.,0.));
#10097 = ORIENTED_EDGE('',*,*,#9259,.T.);
#10098 = ORIENTED_EDGE('',*,*,#10099,.T.);
#10099 = EDGE_CURVE('',#9262,#9857,#10100,.T.);
#10100 = CIRCLE('',#10101,0.508);
#10101 = AXIS2_PLACEMENT_3D('',#10102,#10103,#10104);
#10102 = CARTESIAN_POINT('',(7.588427324709,3.651811441463,
    -3.231785863415));
#10103 = DIRECTION('',(0.,0.,1.));
#10104 = DIRECTION('',(1.,0.,-0.));
#10105 = ORIENTED_EDGE('',*,*,#9856,.F.);
#10106 = CYLINDRICAL_SURFACE('',#10107,0.508);
#10107 = AXIS2_PLACEMENT_3D('',#10108,#10109,#10110);
#10108 = CARTESIAN_POINT('',(7.588427324709,3.651811441463,
    -3.231785863415));
#10109 = DIRECTION('',(0.,0.,1.));
#10110 = DIRECTION('',(1.,0.,-0.));
#10111 = ADVANCED_FACE('',(#10112),#10124,.T.);
#10112 = FACE_BOUND('',#10113,.T.);
#10113 = EDGE_LOOP('',(#10114,#10115,#10116,#10117));
#10114 = ORIENTED_EDGE('',*,*,#9307,.T.);
#10115 = ORIENTED_EDGE('',*,*,#8947,.T.);
#10116 = ORIENTED_EDGE('',*,*,#9269,.T.);
#10117 = ORIENTED_EDGE('',*,*,#10118,.T.);
#10118 = EDGE_CURVE('',#9260,#9293,#10119,.T.);
#10119 = CIRCLE('',#10120,0.508);
#10120 = AXIS2_PLACEMENT_3D('',#10121,#10122,#10123);
#10121 = CARTESIAN_POINT('',(7.588427324709,3.651811441463,
    2.483214136585));
#10122 = DIRECTION('',(0.,-1.,-0.));
#10123 = DIRECTION('',(0.,0.,-1.));
#10124 = CYLINDRICAL_SURFACE('',#10125,0.508);
#10125 = AXIS2_PLACEMENT_3D('',#10126,#10127,#10128);
#10126 = CARTESIAN_POINT('',(7.588427324709,4.159811441463,
    2.483214136585));
#10127 = DIRECTION('',(-0.,-1.,-0.));
#10128 = DIRECTION('',(0.,0.,-1.));
#10129 = ADVANCED_FACE('',(#10130),#10148,.T.);
#10130 = FACE_BOUND('',#10131,.T.);
#10131 = EDGE_LOOP('',(#10132,#10139,#10140,#10147));
#10132 = ORIENTED_EDGE('',*,*,#10133,.T.);
#10133 = EDGE_CURVE('',#9847,#9291,#10134,.T.);
#10134 = CIRCLE('',#10135,0.508);
#10135 = AXIS2_PLACEMENT_3D('',#10136,#10137,#10138);
#10136 = CARTESIAN_POINT('',(-7.397572675291,3.651811441463,
    2.483214136585));
#10137 = DIRECTION('',(1.,0.,1.446953386475E-16));
#10138 = DIRECTION('',(-1.446953386475E-16,0.,1.));
#10139 = ORIENTED_EDGE('',*,*,#9290,.T.);
#10140 = ORIENTED_EDGE('',*,*,#10141,.T.);
#10141 = EDGE_CURVE('',#9293,#9849,#10142,.T.);
#10142 = CIRCLE('',#10143,0.508);
#10143 = AXIS2_PLACEMENT_3D('',#10144,#10145,#10146);
#10144 = CARTESIAN_POINT('',(7.588427324709,3.651811441463,
    2.483214136585));
#10145 = DIRECTION('',(-1.,0.,-1.446953386475E-16));
#10146 = DIRECTION('',(-1.446953386475E-16,0.,1.));
#10147 = ORIENTED_EDGE('',*,*,#9846,.F.);
#10148 = CYLINDRICAL_SURFACE('',#10149,0.508);
#10149 = AXIS2_PLACEMENT_3D('',#10150,#10151,#10152);
#10150 = CARTESIAN_POINT('',(7.588427324709,3.651811441463,
    2.483214136585));
#10151 = DIRECTION('',(-1.,0.,-1.446953386475E-16));
#10152 = DIRECTION('',(-1.446953386475E-16,0.,1.));
#10153 = ADVANCED_FACE('',(#10154),#10166,.T.);
#10154 = FACE_BOUND('',#10155,.T.);
#10155 = EDGE_LOOP('',(#10156,#10157,#10158,#10159));
#10156 = ORIENTED_EDGE('',*,*,#9338,.T.);
#10157 = ORIENTED_EDGE('',*,*,#8964,.T.);
#10158 = ORIENTED_EDGE('',*,*,#9300,.T.);
#10159 = ORIENTED_EDGE('',*,*,#10160,.T.);
#10160 = EDGE_CURVE('',#9291,#9324,#10161,.T.);
#10161 = CIRCLE('',#10162,0.508);
#10162 = AXIS2_PLACEMENT_3D('',#10163,#10164,#10165);
#10163 = CARTESIAN_POINT('',(-7.397572675291,3.651811441463,
    2.483214136585));
#10164 = DIRECTION('',(0.,-1.,-0.));
#10165 = DIRECTION('',(0.,0.,-1.));
#10166 = CYLINDRICAL_SURFACE('',#10167,0.508);
#10167 = AXIS2_PLACEMENT_3D('',#10168,#10169,#10170);
#10168 = CARTESIAN_POINT('',(-7.397572675291,4.159811441463,
    2.483214136585));
#10169 = DIRECTION('',(-0.,-1.,-0.));
#10170 = DIRECTION('',(0.,0.,-1.));
#10171 = ADVANCED_FACE('',(#10172),#10190,.T.);
#10172 = FACE_BOUND('',#10173,.T.);
#10173 = EDGE_LOOP('',(#10174,#10181,#10182,#10189));
#10174 = ORIENTED_EDGE('',*,*,#10175,.T.);
#10175 = EDGE_CURVE('',#9324,#9847,#10176,.T.);
#10176 = CIRCLE('',#10177,0.508);
#10177 = AXIS2_PLACEMENT_3D('',#10178,#10179,#10180);
#10178 = CARTESIAN_POINT('',(-7.397572675291,3.651811441463,
    2.483214136585));
#10179 = DIRECTION('',(0.,0.,-1.));
#10180 = DIRECTION('',(-1.,0.,0.));
#10181 = ORIENTED_EDGE('',*,*,#9872,.F.);
#10182 = ORIENTED_EDGE('',*,*,#10183,.T.);
#10183 = EDGE_CURVE('',#9865,#9322,#10184,.T.);
#10184 = CIRCLE('',#10185,0.508);
#10185 = AXIS2_PLACEMENT_3D('',#10186,#10187,#10188);
#10186 = CARTESIAN_POINT('',(-7.397572675291,3.651811441463,
    -3.231785863415));
#10187 = DIRECTION('',(0.,-0.,1.));
#10188 = DIRECTION('',(-1.,0.,0.));
#10189 = ORIENTED_EDGE('',*,*,#9321,.T.);
#10190 = CYLINDRICAL_SURFACE('',#10191,0.508);
#10191 = AXIS2_PLACEMENT_3D('',#10192,#10193,#10194);
#10192 = CARTESIAN_POINT('',(-7.397572675291,3.651811441463,
    -3.231785863415));
#10193 = DIRECTION('',(0.,0.,-1.));
#10194 = DIRECTION('',(-1.,0.,0.));
#10195 = ADVANCED_FACE('',(#10196),#10208,.T.);
#10196 = FACE_BOUND('',#10197,.T.);
#10197 = EDGE_LOOP('',(#10198,#10199,#10200,#10201));
#10198 = ORIENTED_EDGE('',*,*,#9369,.T.);
#10199 = ORIENTED_EDGE('',*,*,#8981,.T.);
#10200 = ORIENTED_EDGE('',*,*,#9331,.T.);
#10201 = ORIENTED_EDGE('',*,*,#10202,.T.);
#10202 = EDGE_CURVE('',#9322,#9355,#10203,.T.);
#10203 = CIRCLE('',#10204,0.508);
#10204 = AXIS2_PLACEMENT_3D('',#10205,#10206,#10207);
#10205 = CARTESIAN_POINT('',(-7.397572675291,3.651811441463,
    -3.231785863415));
#10206 = DIRECTION('',(0.,-1.,-0.));
#10207 = DIRECTION('',(0.,0.,-1.));
#10208 = CYLINDRICAL_SURFACE('',#10209,0.508);
#10209 = AXIS2_PLACEMENT_3D('',#10210,#10211,#10212);
#10210 = CARTESIAN_POINT('',(-7.397572675291,4.159811441463,
    -3.231785863415));
#10211 = DIRECTION('',(-0.,-1.,-0.));
#10212 = DIRECTION('',(0.,0.,-1.));
#10213 = ADVANCED_FACE('',(#10214),#10232,.T.);
#10214 = FACE_BOUND('',#10215,.T.);
#10215 = EDGE_LOOP('',(#10216,#10223,#10224,#10231));
#10216 = ORIENTED_EDGE('',*,*,#10217,.T.);
#10217 = EDGE_CURVE('',#9355,#9865,#10218,.T.);
#10218 = CIRCLE('',#10219,0.508);
#10219 = AXIS2_PLACEMENT_3D('',#10220,#10221,#10222);
#10220 = CARTESIAN_POINT('',(-7.397572675291,3.651811441463,
    -3.231785863415));
#10221 = DIRECTION('',(1.,0.,-1.446953386475E-16));
#10222 = DIRECTION('',(-1.446953386475E-16,-0.,-1.));
#10223 = ORIENTED_EDGE('',*,*,#9864,.F.);
#10224 = ORIENTED_EDGE('',*,*,#10225,.T.);
#10225 = EDGE_CURVE('',#9857,#9353,#10226,.T.);
#10226 = CIRCLE('',#10227,0.508);
#10227 = AXIS2_PLACEMENT_3D('',#10228,#10229,#10230);
#10228 = CARTESIAN_POINT('',(7.588427324709,3.651811441463,
    -3.231785863415));
#10229 = DIRECTION('',(-1.,-0.,1.446953386475E-16));
#10230 = DIRECTION('',(-1.446953386475E-16,0.,-1.));
#10231 = ORIENTED_EDGE('',*,*,#9352,.T.);
#10232 = CYLINDRICAL_SURFACE('',#10233,0.508);
#10233 = AXIS2_PLACEMENT_3D('',#10234,#10235,#10236);
#10234 = CARTESIAN_POINT('',(7.588427324709,3.651811441463,
    -3.231785863415));
#10235 = DIRECTION('',(1.,0.,-1.446953386475E-16));
#10236 = DIRECTION('',(-1.446953386475E-16,-0.,-1.));
#10237 = ADVANCED_FACE('',(#10238),#10256,.T.);
#10238 = FACE_BOUND('',#10239,.T.);
#10239 = EDGE_LOOP('',(#10240,#10241,#10249,#10255));
#10240 = ORIENTED_EDGE('',*,*,#9417,.F.);
#10241 = ORIENTED_EDGE('',*,*,#10242,.F.);
#10242 = EDGE_CURVE('',#10243,#9410,#10245,.T.);
#10243 = VERTEX_POINT('',#10244);
#10244 = CARTESIAN_POINT('',(3.016427324709,-0.539188558537,
    -1.212485863415));
#10245 = LINE('',#10246,#10247);
#10246 = CARTESIAN_POINT('',(3.016427324709,-0.539188558537,
    1.657714136585));
#10247 = VECTOR('',#10248,1.);
#10248 = DIRECTION('',(-0.,-0.,-1.));
#10249 = ORIENTED_EDGE('',*,*,#10250,.T.);
#10250 = EDGE_CURVE('',#10243,#10044,#10251,.T.);
#10251 = LINE('',#10252,#10253);
#10252 = CARTESIAN_POINT('',(3.016427324709,-2.190188558537,
    -1.212485863415));
#10253 = VECTOR('',#10254,1.);
#10254 = DIRECTION('',(-0.,-1.,-0.));
#10255 = ORIENTED_EDGE('',*,*,#10043,.F.);
#10256 = PLANE('',#10257);
#10257 = AXIS2_PLACEMENT_3D('',#10258,#10259,#10260);
#10258 = CARTESIAN_POINT('',(3.016427324709,-2.190188558537,
    1.657714136585));
#10259 = DIRECTION('',(1.,-0.,0.));
#10260 = DIRECTION('',(0.,0.,-1.));
#10261 = ADVANCED_FACE('',(#10262),#10280,.T.);
#10262 = FACE_BOUND('',#10263,.T.);
#10263 = EDGE_LOOP('',(#10264,#10272,#10273,#10274));
#10264 = ORIENTED_EDGE('',*,*,#10265,.F.);
#10265 = EDGE_CURVE('',#9402,#10266,#10268,.T.);
#10266 = VERTEX_POINT('',#10267);
#10267 = CARTESIAN_POINT('',(1.746427324709,-0.539188558537,
    -2.152285863415));
#10268 = LINE('',#10269,#10270);
#10269 = CARTESIAN_POINT('',(1.746427324709,-0.539188558537,
    1.657714136585));
#10270 = VECTOR('',#10271,1.);
#10271 = DIRECTION('',(0.,0.,1.));
#10272 = ORIENTED_EDGE('',*,*,#9401,.F.);
#10273 = ORIENTED_EDGE('',*,*,#9906,.F.);
#10274 = ORIENTED_EDGE('',*,*,#10275,.T.);
#10275 = EDGE_CURVE('',#9899,#10266,#10276,.T.);
#10276 = LINE('',#10277,#10278);
#10277 = CARTESIAN_POINT('',(1.746427324709,-0.539188558537,
    -2.152285863415));
#10278 = VECTOR('',#10279,1.);
#10279 = DIRECTION('',(-0.,-1.,-0.));
#10280 = PLANE('',#10281);
#10281 = AXIS2_PLACEMENT_3D('',#10282,#10283,#10284);
#10282 = CARTESIAN_POINT('',(1.746427324709,-0.539188558537,
    -2.406285863415));
#10283 = DIRECTION('',(1.,-0.,0.));
#10284 = DIRECTION('',(0.,0.,-1.));
#10285 = ADVANCED_FACE('',(#10286),#10311,.F.);
#10286 = FACE_BOUND('',#10287,.T.);
#10287 = EDGE_LOOP('',(#10288,#10296,#10297,#10305));
#10288 = ORIENTED_EDGE('',*,*,#10289,.T.);
#10289 = EDGE_CURVE('',#10290,#9567,#10292,.T.);
#10290 = VERTEX_POINT('',#10291);
#10291 = CARTESIAN_POINT('',(-2.825572675291,-0.539188558537,
    -1.212485863415));
#10292 = LINE('',#10293,#10294);
#10293 = CARTESIAN_POINT('',(-2.825572675291,-0.539188558537,
    1.657714136585));
#10294 = VECTOR('',#10295,1.);
#10295 = DIRECTION('',(-0.,-0.,-1.));
#10296 = ORIENTED_EDGE('',*,*,#9566,.F.);
#10297 = ORIENTED_EDGE('',*,*,#10298,.F.);
#10298 = EDGE_CURVE('',#10299,#9559,#10301,.T.);
#10299 = VERTEX_POINT('',#10300);
#10300 = CARTESIAN_POINT('',(-2.825572675291,-2.190188558537,
    -1.212485863415));
#10301 = LINE('',#10302,#10303);
#10302 = CARTESIAN_POINT('',(-2.825572675291,-2.190188558537,
    1.657714136585));
#10303 = VECTOR('',#10304,1.);
#10304 = DIRECTION('',(0.,0.,-1.));
#10305 = ORIENTED_EDGE('',*,*,#10306,.F.);
#10306 = EDGE_CURVE('',#10290,#10299,#10307,.T.);
#10307 = LINE('',#10308,#10309);
#10308 = CARTESIAN_POINT('',(-2.825572675291,-2.190188558537,
    -1.212485863415));
#10309 = VECTOR('',#10310,1.);
#10310 = DIRECTION('',(-8.162779222755E-48,-1.,-4.462089521178E-32));
#10311 = PLANE('',#10312);
#10312 = AXIS2_PLACEMENT_3D('',#10313,#10314,#10315);
#10313 = CARTESIAN_POINT('',(-2.825572675291,-2.190188558537,
    1.657714136585));
#10314 = DIRECTION('',(1.,-0.,0.));
#10315 = DIRECTION('',(0.,0.,-1.));
#10316 = ADVANCED_FACE('',(#10317),#10328,.F.);
#10317 = FACE_BOUND('',#10318,.T.);
#10318 = EDGE_LOOP('',(#10319,#10320,#10326,#10327));
#10319 = ORIENTED_EDGE('',*,*,#9720,.T.);
#10320 = ORIENTED_EDGE('',*,*,#10321,.F.);
#10321 = EDGE_CURVE('',#9599,#9713,#10322,.T.);
#10322 = LINE('',#10323,#10324);
#10323 = CARTESIAN_POINT('',(-6.381572675291,-2.190188558537,
    1.657714136585));
#10324 = VECTOR('',#10325,1.);
#10325 = DIRECTION('',(0.,0.,1.));
#10326 = ORIENTED_EDGE('',*,*,#9598,.F.);
#10327 = ORIENTED_EDGE('',*,*,#9960,.F.);
#10328 = PLANE('',#10329);
#10329 = AXIS2_PLACEMENT_3D('',#10330,#10331,#10332);
#10330 = CARTESIAN_POINT('',(-6.381572675291,4.159811441463,
    1.657714136585));
#10331 = DIRECTION('',(-1.,2.731847993664E-16,0.));
#10332 = DIRECTION('',(-2.731847993664E-16,-1.,0.));
#10333 = ADVANCED_FACE('',(#10334),#10352,.F.);
#10334 = FACE_BOUND('',#10335,.T.);
#10335 = EDGE_LOOP('',(#10336,#10337,#10345,#10351));
#10336 = ORIENTED_EDGE('',*,*,#9582,.F.);
#10337 = ORIENTED_EDGE('',*,*,#10338,.T.);
#10338 = EDGE_CURVE('',#9575,#10339,#10341,.T.);
#10339 = VERTEX_POINT('',#10340);
#10340 = CARTESIAN_POINT('',(-1.555572675291,-0.539188558537,
    -2.152285863415));
#10341 = LINE('',#10342,#10343);
#10342 = CARTESIAN_POINT('',(-1.555572675291,-0.539188558537,
    1.657714136585));
#10343 = VECTOR('',#10344,1.);
#10344 = DIRECTION('',(0.,0.,1.));
#10345 = ORIENTED_EDGE('',*,*,#10346,.F.);
#10346 = EDGE_CURVE('',#9922,#10339,#10347,.T.);
#10347 = LINE('',#10348,#10349);
#10348 = CARTESIAN_POINT('',(-1.555572675291,-0.539188558537,
    -2.152285863415));
#10349 = VECTOR('',#10350,1.);
#10350 = DIRECTION('',(-0.,-1.,-0.));
#10351 = ORIENTED_EDGE('',*,*,#9921,.F.);
#10352 = PLANE('',#10353);
#10353 = AXIS2_PLACEMENT_3D('',#10354,#10355,#10356);
#10354 = CARTESIAN_POINT('',(-1.555572675291,-0.539188558537,
    -2.406285863415));
#10355 = DIRECTION('',(1.,-0.,0.));
#10356 = DIRECTION('',(0.,0.,-1.));
#10357 = ADVANCED_FACE('',(#10358),#10402,.F.);
#10358 = FACE_BOUND('',#10359,.T.);
#10359 = EDGE_LOOP('',(#10360,#10361,#10362,#10370,#10378,#10386,#10392,
    #10393,#10394,#10395,#10396,#10397,#10398,#10399,#10400,#10401));
#10360 = ORIENTED_EDGE('',*,*,#9751,.T.);
#10361 = ORIENTED_EDGE('',*,*,#9689,.T.);
#10362 = ORIENTED_EDGE('',*,*,#10363,.F.);
#10363 = EDGE_CURVE('',#10364,#9682,#10366,.T.);
#10364 = VERTEX_POINT('',#10365);
#10365 = CARTESIAN_POINT('',(-2.825572675291,-2.190188558537,
    0.463914136585));
#10366 = LINE('',#10367,#10368);
#10367 = CARTESIAN_POINT('',(-2.825572675291,-2.190188558537,
    1.657714136585));
#10368 = VECTOR('',#10369,1.);
#10369 = DIRECTION('',(0.,0.,1.));
#10370 = ORIENTED_EDGE('',*,*,#10371,.F.);
#10371 = EDGE_CURVE('',#10372,#10364,#10374,.T.);
#10372 = VERTEX_POINT('',#10373);
#10373 = CARTESIAN_POINT('',(-1.047572675291,-2.190188558537,
    0.463914136585));
#10374 = LINE('',#10375,#10376);
#10375 = CARTESIAN_POINT('',(-6.381572675291,-2.190188558537,
    0.463914136585));
#10376 = VECTOR('',#10377,1.);
#10377 = DIRECTION('',(-1.,1.219574997172E-16,-0.));
#10378 = ORIENTED_EDGE('',*,*,#10379,.F.);
#10379 = EDGE_CURVE('',#10380,#10372,#10382,.T.);
#10380 = VERTEX_POINT('',#10381);
#10381 = CARTESIAN_POINT('',(-1.047572675291,-2.190188558537,
    -1.212485863415));
#10382 = LINE('',#10383,#10384);
#10383 = CARTESIAN_POINT('',(-1.047572675291,-2.190188558537,
    1.657714136585));
#10384 = VECTOR('',#10385,1.);
#10385 = DIRECTION('',(0.,0.,1.));
#10386 = ORIENTED_EDGE('',*,*,#10387,.F.);
#10387 = EDGE_CURVE('',#10299,#10380,#10388,.T.);
#10388 = LINE('',#10389,#10390);
#10389 = CARTESIAN_POINT('',(-6.381572675291,-2.190188558537,
    -1.212485863415));
#10390 = VECTOR('',#10391,1.);
#10391 = DIRECTION('',(1.,-1.219574997172E-16,0.));
#10392 = ORIENTED_EDGE('',*,*,#10298,.T.);
#10393 = ORIENTED_EDGE('',*,*,#9558,.F.);
#10394 = ORIENTED_EDGE('',*,*,#9535,.F.);
#10395 = ORIENTED_EDGE('',*,*,#9655,.T.);
#10396 = ORIENTED_EDGE('',*,*,#9631,.F.);
#10397 = ORIENTED_EDGE('',*,*,#9606,.F.);
#10398 = ORIENTED_EDGE('',*,*,#10321,.T.);
#10399 = ORIENTED_EDGE('',*,*,#9712,.T.);
#10400 = ORIENTED_EDGE('',*,*,#9799,.T.);
#10401 = ORIENTED_EDGE('',*,*,#9775,.T.);
#10402 = PLANE('',#10403);
#10403 = AXIS2_PLACEMENT_3D('',#10404,#10405,#10406);
#10404 = CARTESIAN_POINT('',(-6.381572675291,-2.190188558537,
    1.657714136585));
#10405 = DIRECTION('',(-1.219574997172E-16,-1.,0.));
#10406 = DIRECTION('',(1.,-1.219574997172E-16,0.));
#10407 = ADVANCED_FACE('',(#10408),#10426,.F.);
#10408 = FACE_BOUND('',#10409,.T.);
#10409 = EDGE_LOOP('',(#10410,#10418,#10424,#10425));
#10410 = ORIENTED_EDGE('',*,*,#10411,.F.);
#10411 = EDGE_CURVE('',#10412,#9946,#10414,.T.);
#10412 = VERTEX_POINT('',#10413);
#10413 = CARTESIAN_POINT('',(-1.555572675291,-0.539188558537,
    1.403714136585));
#10414 = LINE('',#10415,#10416);
#10415 = CARTESIAN_POINT('',(-1.555572675291,-0.539188558537,
    1.403714136585));
#10416 = VECTOR('',#10417,1.);
#10417 = DIRECTION('',(0.,1.,0.));
#10418 = ORIENTED_EDGE('',*,*,#10419,.T.);
#10419 = EDGE_CURVE('',#10412,#9672,#10420,.T.);
#10420 = LINE('',#10421,#10422);
#10421 = CARTESIAN_POINT('',(-1.555572675291,-0.539188558537,
    1.657714136585));
#10422 = VECTOR('',#10423,1.);
#10423 = DIRECTION('',(0.,0.,1.));
#10424 = ORIENTED_EDGE('',*,*,#9736,.T.);
#10425 = ORIENTED_EDGE('',*,*,#9953,.F.);
#10426 = PLANE('',#10427);
#10427 = AXIS2_PLACEMENT_3D('',#10428,#10429,#10430);
#10428 = CARTESIAN_POINT('',(-1.555572675291,-0.539188558537,
    1.657714136585));
#10429 = DIRECTION('',(1.,-0.,0.));
#10430 = DIRECTION('',(0.,0.,-1.));
#10431 = ADVANCED_FACE('',(#10432),#10450,.F.);
#10432 = FACE_BOUND('',#10433,.T.);
#10433 = EDGE_LOOP('',(#10434,#10435,#10436,#10444));
#10434 = ORIENTED_EDGE('',*,*,#10363,.T.);
#10435 = ORIENTED_EDGE('',*,*,#9681,.T.);
#10436 = ORIENTED_EDGE('',*,*,#10437,.T.);
#10437 = EDGE_CURVE('',#9674,#10438,#10440,.T.);
#10438 = VERTEX_POINT('',#10439);
#10439 = CARTESIAN_POINT('',(-2.825572675291,-0.539188558537,
    0.463914136585));
#10440 = LINE('',#10441,#10442);
#10441 = CARTESIAN_POINT('',(-2.825572675291,-0.539188558537,
    1.657714136585));
#10442 = VECTOR('',#10443,1.);
#10443 = DIRECTION('',(-0.,-0.,-1.));
#10444 = ORIENTED_EDGE('',*,*,#10445,.F.);
#10445 = EDGE_CURVE('',#10364,#10438,#10446,.T.);
#10446 = LINE('',#10447,#10448);
#10447 = CARTESIAN_POINT('',(-2.825572675291,-2.190188558537,
    0.463914136585));
#10448 = VECTOR('',#10449,1.);
#10449 = DIRECTION('',(0.,1.,0.));
#10450 = PLANE('',#10451);
#10451 = AXIS2_PLACEMENT_3D('',#10452,#10453,#10454);
#10452 = CARTESIAN_POINT('',(-2.825572675291,-2.190188558537,
    1.657714136585));
#10453 = DIRECTION('',(1.,-0.,0.));
#10454 = DIRECTION('',(0.,0.,-1.));
#10455 = ADVANCED_FACE('',(#10456),#10474,.T.);
#10456 = FACE_BOUND('',#10457,.T.);
#10457 = EDGE_LOOP('',(#10458,#10466,#10472,#10473));
#10458 = ORIENTED_EDGE('',*,*,#10459,.F.);
#10459 = EDGE_CURVE('',#10460,#9816,#10462,.T.);
#10460 = VERTEX_POINT('',#10461);
#10461 = CARTESIAN_POINT('',(1.238427324709,-0.539188558537,
    1.403714136585));
#10462 = LINE('',#10463,#10464);
#10463 = CARTESIAN_POINT('',(3.016427324709,-0.539188558537,
    1.403714136585));
#10464 = VECTOR('',#10465,1.);
#10465 = DIRECTION('',(1.,2.439149994343E-16,-0.));
#10466 = ORIENTED_EDGE('',*,*,#10467,.T.);
#10467 = EDGE_CURVE('',#10460,#9883,#10468,.T.);
#10468 = LINE('',#10469,#10470);
#10469 = CARTESIAN_POINT('',(1.238427324709,-0.539188558537,
    1.403714136585));
#10470 = VECTOR('',#10471,1.);
#10471 = DIRECTION('',(0.,1.,0.));
#10472 = ORIENTED_EDGE('',*,*,#9882,.F.);
#10473 = ORIENTED_EDGE('',*,*,#9823,.F.);
#10474 = PLANE('',#10475);
#10475 = AXIS2_PLACEMENT_3D('',#10476,#10477,#10478);
#10476 = CARTESIAN_POINT('',(1.746427324709,-0.539188558537,
    1.403714136585));
#10477 = DIRECTION('',(0.,0.,-1.));
#10478 = DIRECTION('',(-1.,0.,-0.));
#10479 = ADVANCED_FACE('',(#10480),#10521,.T.);
#10480 = FACE_BOUND('',#10481,.T.);
#10481 = EDGE_LOOP('',(#10482,#10490,#10491,#10492,#10500,#10506,#10507,
    #10515));
#10482 = ORIENTED_EDGE('',*,*,#10483,.T.);
#10483 = EDGE_CURVE('',#10484,#9891,#10486,.T.);
#10484 = VERTEX_POINT('',#10485);
#10485 = CARTESIAN_POINT('',(1.238427324709,-0.539188558537,
    -2.152285863415));
#10486 = LINE('',#10487,#10488);
#10487 = CARTESIAN_POINT('',(1.238427324709,-0.539188558537,
    -2.152285863415));
#10488 = VECTOR('',#10489,1.);
#10489 = DIRECTION('',(9.229216194812E-17,1.,0.));
#10490 = ORIENTED_EDGE('',*,*,#9890,.F.);
#10491 = ORIENTED_EDGE('',*,*,#10467,.F.);
#10492 = ORIENTED_EDGE('',*,*,#10493,.F.);
#10493 = EDGE_CURVE('',#10494,#10460,#10496,.T.);
#10494 = VERTEX_POINT('',#10495);
#10495 = CARTESIAN_POINT('',(1.238427324709,-0.539188558537,
    0.463914136585));
#10496 = LINE('',#10497,#10498);
#10497 = CARTESIAN_POINT('',(1.238427324709,-0.539188558537,
    1.657714136585));
#10498 = VECTOR('',#10499,1.);
#10499 = DIRECTION('',(0.,0.,1.));
#10500 = ORIENTED_EDGE('',*,*,#10501,.T.);
#10501 = EDGE_CURVE('',#10494,#10024,#10502,.T.);
#10502 = LINE('',#10503,#10504);
#10503 = CARTESIAN_POINT('',(1.238427324709,-0.539188558537,
    0.463914136585));
#10504 = VECTOR('',#10505,1.);
#10505 = DIRECTION('',(-9.229216194812E-17,-1.,-0.));
#10506 = ORIENTED_EDGE('',*,*,#10059,.F.);
#10507 = ORIENTED_EDGE('',*,*,#10508,.T.);
#10508 = EDGE_CURVE('',#10052,#10509,#10511,.T.);
#10509 = VERTEX_POINT('',#10510);
#10510 = CARTESIAN_POINT('',(1.238427324709,-0.539188558537,
    -1.212485863415));
#10511 = LINE('',#10512,#10513);
#10512 = CARTESIAN_POINT('',(1.238427324709,-0.539188558537,
    -1.212485863415));
#10513 = VECTOR('',#10514,1.);
#10514 = DIRECTION('',(9.229216194812E-17,1.,0.));
#10515 = ORIENTED_EDGE('',*,*,#10516,.F.);
#10516 = EDGE_CURVE('',#10484,#10509,#10517,.T.);
#10517 = LINE('',#10518,#10519);
#10518 = CARTESIAN_POINT('',(1.238427324709,-0.539188558537,
    1.657714136585));
#10519 = VECTOR('',#10520,1.);
#10520 = DIRECTION('',(0.,0.,1.));
#10521 = PLANE('',#10522);
#10522 = AXIS2_PLACEMENT_3D('',#10523,#10524,#10525);
#10523 = CARTESIAN_POINT('',(1.238427324709,-0.539188558537,
    1.657714136585));
#10524 = DIRECTION('',(1.,-9.229216194812E-17,0.));
#10525 = DIRECTION('',(9.229216194812E-17,1.,0.));
#10526 = ADVANCED_FACE('',(#10527),#10575,.F.);
#10527 = FACE_BOUND('',#10528,.T.);
#10528 = EDGE_LOOP('',(#10529,#10530,#10538,#10546,#10552,#10553,#10561,
    #10569));
#10529 = ORIENTED_EDGE('',*,*,#9937,.F.);
#10530 = ORIENTED_EDGE('',*,*,#10531,.F.);
#10531 = EDGE_CURVE('',#10532,#9930,#10534,.T.);
#10532 = VERTEX_POINT('',#10533);
#10533 = CARTESIAN_POINT('',(-1.047572675291,-0.539188558537,
    -2.152285863415));
#10534 = LINE('',#10535,#10536);
#10535 = CARTESIAN_POINT('',(-1.047572675291,-0.539188558537,
    -2.152285863415));
#10536 = VECTOR('',#10537,1.);
#10537 = DIRECTION('',(-9.229216194812E-17,1.,0.));
#10538 = ORIENTED_EDGE('',*,*,#10539,.T.);
#10539 = EDGE_CURVE('',#10532,#10540,#10542,.T.);
#10540 = VERTEX_POINT('',#10541);
#10541 = CARTESIAN_POINT('',(-1.047572675291,-0.539188558537,
    -1.212485863415));
#10542 = LINE('',#10543,#10544);
#10543 = CARTESIAN_POINT('',(-1.047572675291,-0.539188558537,
    1.657714136585));
#10544 = VECTOR('',#10545,1.);
#10545 = DIRECTION('',(0.,0.,1.));
#10546 = ORIENTED_EDGE('',*,*,#10547,.F.);
#10547 = EDGE_CURVE('',#10380,#10540,#10548,.T.);
#10548 = LINE('',#10549,#10550);
#10549 = CARTESIAN_POINT('',(-1.047572675291,-0.539188558537,
    -1.212485863415));
#10550 = VECTOR('',#10551,1.);
#10551 = DIRECTION('',(-9.229216194812E-17,1.,0.));
#10552 = ORIENTED_EDGE('',*,*,#10379,.T.);
#10553 = ORIENTED_EDGE('',*,*,#10554,.F.);
#10554 = EDGE_CURVE('',#10555,#10372,#10557,.T.);
#10555 = VERTEX_POINT('',#10556);
#10556 = CARTESIAN_POINT('',(-1.047572675291,-0.539188558537,
    0.463914136585));
#10557 = LINE('',#10558,#10559);
#10558 = CARTESIAN_POINT('',(-1.047572675291,-0.539188558537,
    0.463914136585));
#10559 = VECTOR('',#10560,1.);
#10560 = DIRECTION('',(9.229216194812E-17,-1.,-0.));
#10561 = ORIENTED_EDGE('',*,*,#10562,.T.);
#10562 = EDGE_CURVE('',#10555,#10563,#10565,.T.);
#10563 = VERTEX_POINT('',#10564);
#10564 = CARTESIAN_POINT('',(-1.047572675291,-0.539188558537,
    1.403714136585));
#10565 = LINE('',#10566,#10567);
#10566 = CARTESIAN_POINT('',(-1.047572675291,-0.539188558537,
    1.657714136585));
#10567 = VECTOR('',#10568,1.);
#10568 = DIRECTION('',(0.,0.,1.));
#10569 = ORIENTED_EDGE('',*,*,#10570,.F.);
#10570 = EDGE_CURVE('',#9938,#10563,#10571,.T.);
#10571 = LINE('',#10572,#10573);
#10572 = CARTESIAN_POINT('',(-1.047572675291,-0.539188558537,
    1.403714136585));
#10573 = VECTOR('',#10574,1.);
#10574 = DIRECTION('',(9.229216194812E-17,-1.,-0.));
#10575 = PLANE('',#10576);
#10576 = AXIS2_PLACEMENT_3D('',#10577,#10578,#10579);
#10577 = CARTESIAN_POINT('',(-1.047572675291,-0.539188558537,
    1.657714136585));
#10578 = DIRECTION('',(1.,9.229216194812E-17,-0.));
#10579 = DIRECTION('',(-9.229216194812E-17,1.,0.));
#10580 = ADVANCED_FACE('',(#10581),#10592,.F.);
#10581 = FACE_BOUND('',#10582,.T.);
#10582 = EDGE_LOOP('',(#10583,#10584,#10585,#10586));
#10583 = ORIENTED_EDGE('',*,*,#10001,.F.);
#10584 = ORIENTED_EDGE('',*,*,#10023,.F.);
#10585 = ORIENTED_EDGE('',*,*,#10501,.F.);
#10586 = ORIENTED_EDGE('',*,*,#10587,.F.);
#10587 = EDGE_CURVE('',#10002,#10494,#10588,.T.);
#10588 = LINE('',#10589,#10590);
#10589 = CARTESIAN_POINT('',(3.016427324709,-0.539188558537,
    0.463914136585));
#10590 = VECTOR('',#10591,1.);
#10591 = DIRECTION('',(-1.,-0.,1.829362495757E-16));
#10592 = PLANE('',#10593);
#10593 = AXIS2_PLACEMENT_3D('',#10594,#10595,#10596);
#10594 = CARTESIAN_POINT('',(3.016427324709,-2.190188558537,
    0.463914136585));
#10595 = DIRECTION('',(1.829362495757E-16,4.462089521178E-32,1.));
#10596 = DIRECTION('',(1.,0.,-1.829362495757E-16));
#10597 = ADVANCED_FACE('',(#10598),#10609,.F.);
#10598 = FACE_BOUND('',#10599,.T.);
#10599 = EDGE_LOOP('',(#10600,#10601,#10602,#10603));
#10600 = ORIENTED_EDGE('',*,*,#10508,.F.);
#10601 = ORIENTED_EDGE('',*,*,#10051,.F.);
#10602 = ORIENTED_EDGE('',*,*,#10250,.F.);
#10603 = ORIENTED_EDGE('',*,*,#10604,.F.);
#10604 = EDGE_CURVE('',#10509,#10243,#10605,.T.);
#10605 = LINE('',#10606,#10607);
#10606 = CARTESIAN_POINT('',(3.016427324709,-0.539188558537,
    -1.212485863415));
#10607 = VECTOR('',#10608,1.);
#10608 = DIRECTION('',(1.,-0.,1.829362495757E-16));
#10609 = PLANE('',#10610);
#10610 = AXIS2_PLACEMENT_3D('',#10611,#10612,#10613);
#10611 = CARTESIAN_POINT('',(3.016427324709,-2.190188558537,
    -1.212485863415));
#10612 = DIRECTION('',(1.829362495757E-16,4.462089521178E-32,-1.));
#10613 = DIRECTION('',(-1.,0.,-1.829362495757E-16));
#10614 = ADVANCED_FACE('',(#10615),#10620,.T.);
#10615 = FACE_BOUND('',#10616,.T.);
#10616 = EDGE_LOOP('',(#10617,#10618,#10619));
#10617 = ORIENTED_EDGE('',*,*,#10076,.F.);
#10618 = ORIENTED_EDGE('',*,*,#10225,.F.);
#10619 = ORIENTED_EDGE('',*,*,#10099,.F.);
#10620 = ( BOUNDED_SURFACE() B_SPLINE_SURFACE(3,3,(
    (#10621,#10622,#10623,#10624)
    ,(#10625,#10626,#10627,#10628)
    ,(#10629,#10630,#10631,#10632)
    ,(#10633,#10634,#10635,#10636
)),.UNSPECIFIED.,.F.,.F.,.F.) B_SPLINE_SURFACE_WITH_KNOTS((4,4),(4,4),(
    0.,1.),(0.,1.),.PIECEWISE_BEZIER_KNOTS.) 
GEOMETRIC_REPRESENTATION_ITEM() RATIONAL_B_SPLINE_SURFACE((
    (1.,0.804737854124,0.804737854124,1.)
    ,(0.804737854124,0.647603013861,0.647603013861,0.804737854124)
    ,(0.804737854124,0.647603013861,0.647603013861,0.804737854124)
,(1.,0.804737854124,0.804737854124,1.
))) REPRESENTATION_ITEM('') SURFACE() );
#10621 = CARTESIAN_POINT('',(8.096427324709,3.651811441463,
    -3.231785863415));
#10622 = CARTESIAN_POINT('',(8.096427324709,3.651811441463,
    -3.231785863415));
#10623 = CARTESIAN_POINT('',(8.096427324709,3.651811441463,
    -3.231785863415));
#10624 = CARTESIAN_POINT('',(8.096427324709,3.651811441463,
    -3.231785863415));
#10625 = CARTESIAN_POINT('',(8.096427324709,3.651811441463,
    -3.52936537373));
#10626 = CARTESIAN_POINT('',(8.096427324709,3.826129482721,
    -3.52936537373));
#10627 = CARTESIAN_POINT('',(8.096427324709,3.949390951778,
    -3.406103904673));
#10628 = CARTESIAN_POINT('',(8.096427324709,3.949390951778,
    -3.231785863415));
#10629 = CARTESIAN_POINT('',(7.886006835023,3.651811441463,
    -3.739785863415));
#10630 = CARTESIAN_POINT('',(7.886006835023,3.949390951778,
    -3.739785863415));
#10631 = CARTESIAN_POINT('',(7.886006835023,4.159811441463,
    -3.52936537373));
#10632 = CARTESIAN_POINT('',(7.886006835023,4.159811441463,
    -3.231785863415));
#10633 = CARTESIAN_POINT('',(7.588427324709,3.651811441463,
    -3.739785863415));
#10634 = CARTESIAN_POINT('',(7.588427324709,3.949390951778,
    -3.739785863415));
#10635 = CARTESIAN_POINT('',(7.588427324709,4.159811441463,
    -3.52936537373));
#10636 = CARTESIAN_POINT('',(7.588427324709,4.159811441463,
    -3.231785863415));
#10637 = ADVANCED_FACE('',(#10638),#10643,.T.);
#10638 = FACE_BOUND('',#10639,.T.);
#10639 = EDGE_LOOP('',(#10640,#10641,#10642));
#10640 = ORIENTED_EDGE('',*,*,#10091,.F.);
#10641 = ORIENTED_EDGE('',*,*,#10141,.F.);
#10642 = ORIENTED_EDGE('',*,*,#10118,.F.);
#10643 = ( BOUNDED_SURFACE() B_SPLINE_SURFACE(3,3,(
    (#10644,#10645,#10646,#10647)
    ,(#10648,#10649,#10650,#10651)
    ,(#10652,#10653,#10654,#10655)
    ,(#10656,#10657,#10658,#10659
)),.UNSPECIFIED.,.F.,.F.,.F.) B_SPLINE_SURFACE_WITH_KNOTS((4,4),(4,4),(
    0.,1.),(0.,1.),.PIECEWISE_BEZIER_KNOTS.) 
GEOMETRIC_REPRESENTATION_ITEM() RATIONAL_B_SPLINE_SURFACE((
    (1.,0.804737854124,0.804737854124,1.)
    ,(0.804737854124,0.647603013861,0.647603013861,0.804737854124)
    ,(0.804737854124,0.647603013861,0.647603013861,0.804737854124)
,(1.,0.804737854124,0.804737854124,1.
))) REPRESENTATION_ITEM('') SURFACE() );
#10644 = CARTESIAN_POINT('',(8.096427324709,3.651811441463,
    2.483214136585));
#10645 = CARTESIAN_POINT('',(8.096427324709,3.651811441463,
    2.483214136585));
#10646 = CARTESIAN_POINT('',(8.096427324709,3.651811441463,
    2.483214136585));
#10647 = CARTESIAN_POINT('',(8.096427324709,3.651811441463,
    2.483214136585));
#10648 = CARTESIAN_POINT('',(8.096427324709,3.949390951778,
    2.483214136585));
#10649 = CARTESIAN_POINT('',(8.096427324709,3.949390951778,
    2.657532177842));
#10650 = CARTESIAN_POINT('',(8.096427324709,3.826129482721,
    2.780793646899));
#10651 = CARTESIAN_POINT('',(8.096427324709,3.651811441463,
    2.780793646899));
#10652 = CARTESIAN_POINT('',(7.886006835023,4.159811441463,
    2.483214136585));
#10653 = CARTESIAN_POINT('',(7.886006835023,4.159811441463,
    2.780793646899));
#10654 = CARTESIAN_POINT('',(7.886006835023,3.949390951778,
    2.991214136585));
#10655 = CARTESIAN_POINT('',(7.886006835023,3.651811441463,
    2.991214136585));
#10656 = CARTESIAN_POINT('',(7.588427324709,4.159811441463,
    2.483214136585));
#10657 = CARTESIAN_POINT('',(7.588427324709,4.159811441463,
    2.780793646899));
#10658 = CARTESIAN_POINT('',(7.588427324709,3.949390951778,
    2.991214136585));
#10659 = CARTESIAN_POINT('',(7.588427324709,3.651811441463,
    2.991214136585));
#10660 = ADVANCED_FACE('',(#10661),#10666,.T.);
#10661 = FACE_BOUND('',#10662,.T.);
#10662 = EDGE_LOOP('',(#10663,#10664,#10665));
#10663 = ORIENTED_EDGE('',*,*,#10160,.F.);
#10664 = ORIENTED_EDGE('',*,*,#10133,.F.);
#10665 = ORIENTED_EDGE('',*,*,#10175,.F.);
#10666 = ( BOUNDED_SURFACE() B_SPLINE_SURFACE(3,3,(
    (#10667,#10668,#10669,#10670)
    ,(#10671,#10672,#10673,#10674)
    ,(#10675,#10676,#10677,#10678)
    ,(#10679,#10680,#10681,#10682
)),.UNSPECIFIED.,.F.,.F.,.F.) B_SPLINE_SURFACE_WITH_KNOTS((4,4),(4,4),(
    0.,1.),(0.,1.),.PIECEWISE_BEZIER_KNOTS.) 
GEOMETRIC_REPRESENTATION_ITEM() RATIONAL_B_SPLINE_SURFACE((
    (1.,0.804737854124,0.804737854124,1.)
    ,(0.804737854124,0.647603013861,0.647603013861,0.804737854124)
    ,(0.804737854124,0.647603013861,0.647603013861,0.804737854124)
,(1.,0.804737854124,0.804737854124,1.
))) REPRESENTATION_ITEM('') SURFACE() );
#10667 = CARTESIAN_POINT('',(-7.397572675291,4.159811441463,
    2.483214136585));
#10668 = CARTESIAN_POINT('',(-7.397572675291,4.159811441463,
    2.780793646899));
#10669 = CARTESIAN_POINT('',(-7.397572675291,3.949390951778,
    2.991214136585));
#10670 = CARTESIAN_POINT('',(-7.397572675291,3.651811441463,
    2.991214136585));
#10671 = CARTESIAN_POINT('',(-7.695152185606,4.159811441463,
    2.483214136585));
#10672 = CARTESIAN_POINT('',(-7.695152185606,4.159811441463,
    2.780793646899));
#10673 = CARTESIAN_POINT('',(-7.695152185606,3.949390951778,
    2.991214136585));
#10674 = CARTESIAN_POINT('',(-7.695152185606,3.651811441463,
    2.991214136585));
#10675 = CARTESIAN_POINT('',(-7.905572675291,3.949390951778,
    2.483214136585));
#10676 = CARTESIAN_POINT('',(-7.905572675291,3.949390951778,
    2.657532177842));
#10677 = CARTESIAN_POINT('',(-7.905572675291,3.826129482721,
    2.780793646899));
#10678 = CARTESIAN_POINT('',(-7.905572675291,3.651811441463,
    2.780793646899));
#10679 = CARTESIAN_POINT('',(-7.905572675291,3.651811441463,
    2.483214136585));
#10680 = CARTESIAN_POINT('',(-7.905572675291,3.651811441463,
    2.483214136585));
#10681 = CARTESIAN_POINT('',(-7.905572675291,3.651811441463,
    2.483214136585));
#10682 = CARTESIAN_POINT('',(-7.905572675291,3.651811441463,
    2.483214136585));
#10683 = ADVANCED_FACE('',(#10684),#10689,.T.);
#10684 = FACE_BOUND('',#10685,.T.);
#10685 = EDGE_LOOP('',(#10686,#10687,#10688));
#10686 = ORIENTED_EDGE('',*,*,#10202,.F.);
#10687 = ORIENTED_EDGE('',*,*,#10183,.F.);
#10688 = ORIENTED_EDGE('',*,*,#10217,.F.);
#10689 = ( BOUNDED_SURFACE() B_SPLINE_SURFACE(3,3,(
    (#10690,#10691,#10692,#10693)
    ,(#10694,#10695,#10696,#10697)
    ,(#10698,#10699,#10700,#10701)
    ,(#10702,#10703,#10704,#10705
)),.UNSPECIFIED.,.F.,.F.,.F.) B_SPLINE_SURFACE_WITH_KNOTS((4,4),(4,4),(
    0.,1.),(0.,1.),.PIECEWISE_BEZIER_KNOTS.) 
GEOMETRIC_REPRESENTATION_ITEM() RATIONAL_B_SPLINE_SURFACE((
    (1.,0.804737854124,0.804737854124,1.)
    ,(0.804737854124,0.647603013861,0.647603013861,0.804737854124)
    ,(0.804737854124,0.647603013861,0.647603013861,0.804737854124)
,(1.,0.804737854124,0.804737854124,1.
))) REPRESENTATION_ITEM('') SURFACE() );
#10690 = CARTESIAN_POINT('',(-7.397572675291,3.651811441463,
    -3.739785863415));
#10691 = CARTESIAN_POINT('',(-7.397572675291,3.949390951778,
    -3.739785863415));
#10692 = CARTESIAN_POINT('',(-7.397572675291,4.159811441463,
    -3.52936537373));
#10693 = CARTESIAN_POINT('',(-7.397572675291,4.159811441463,
    -3.231785863415));
#10694 = CARTESIAN_POINT('',(-7.695152185606,3.651811441463,
    -3.739785863415));
#10695 = CARTESIAN_POINT('',(-7.695152185606,3.949390951778,
    -3.739785863415));
#10696 = CARTESIAN_POINT('',(-7.695152185606,4.159811441463,
    -3.52936537373));
#10697 = CARTESIAN_POINT('',(-7.695152185606,4.159811441463,
    -3.231785863415));
#10698 = CARTESIAN_POINT('',(-7.905572675291,3.651811441463,
    -3.52936537373));
#10699 = CARTESIAN_POINT('',(-7.905572675291,3.826129482721,
    -3.52936537373));
#10700 = CARTESIAN_POINT('',(-7.905572675291,3.949390951778,
    -3.406103904673));
#10701 = CARTESIAN_POINT('',(-7.905572675291,3.949390951778,
    -3.231785863415));
#10702 = CARTESIAN_POINT('',(-7.905572675291,3.651811441463,
    -3.231785863415));
#10703 = CARTESIAN_POINT('',(-7.905572675291,3.651811441463,
    -3.231785863415));
#10704 = CARTESIAN_POINT('',(-7.905572675291,3.651811441463,
    -3.231785863415));
#10705 = CARTESIAN_POINT('',(-7.905572675291,3.651811441463,
    -3.231785863415));
#10706 = ADVANCED_FACE('',(#10707),#10718,.T.);
#10707 = FACE_BOUND('',#10708,.T.);
#10708 = EDGE_LOOP('',(#10709,#10715,#10716,#10717));
#10709 = ORIENTED_EDGE('',*,*,#10710,.T.);
#10710 = EDGE_CURVE('',#10484,#10266,#10711,.T.);
#10711 = LINE('',#10712,#10713);
#10712 = CARTESIAN_POINT('',(1.746427324709,-0.539188558537,
    -2.152285863415));
#10713 = VECTOR('',#10714,1.);
#10714 = DIRECTION('',(1.,0.,-0.));
#10715 = ORIENTED_EDGE('',*,*,#10275,.F.);
#10716 = ORIENTED_EDGE('',*,*,#9898,.T.);
#10717 = ORIENTED_EDGE('',*,*,#10483,.F.);
#10718 = PLANE('',#10719);
#10719 = AXIS2_PLACEMENT_3D('',#10720,#10721,#10722);
#10720 = CARTESIAN_POINT('',(1.746427324709,-0.539188558537,
    -2.152285863415));
#10721 = DIRECTION('',(0.,0.,1.));
#10722 = DIRECTION('',(1.,0.,-0.));
#10723 = ADVANCED_FACE('',(#10724),#10735,.F.);
#10724 = FACE_BOUND('',#10725,.T.);
#10725 = EDGE_LOOP('',(#10726,#10727,#10733,#10734));
#10726 = ORIENTED_EDGE('',*,*,#10346,.T.);
#10727 = ORIENTED_EDGE('',*,*,#10728,.T.);
#10728 = EDGE_CURVE('',#10339,#10532,#10729,.T.);
#10729 = LINE('',#10730,#10731);
#10730 = CARTESIAN_POINT('',(-2.825572675291,-0.539188558537,
    -2.152285863415));
#10731 = VECTOR('',#10732,1.);
#10732 = DIRECTION('',(1.,-2.439149994343E-16,0.));
#10733 = ORIENTED_EDGE('',*,*,#10531,.T.);
#10734 = ORIENTED_EDGE('',*,*,#9929,.F.);
#10735 = PLANE('',#10736);
#10736 = AXIS2_PLACEMENT_3D('',#10737,#10738,#10739);
#10737 = CARTESIAN_POINT('',(-1.555572675291,-0.539188558537,
    -2.152285863415));
#10738 = DIRECTION('',(0.,0.,-1.));
#10739 = DIRECTION('',(-1.,0.,-0.));
#10740 = ADVANCED_FACE('',(#10741),#10752,.T.);
#10741 = FACE_BOUND('',#10742,.T.);
#10742 = EDGE_LOOP('',(#10743,#10744,#10745,#10751));
#10743 = ORIENTED_EDGE('',*,*,#10371,.T.);
#10744 = ORIENTED_EDGE('',*,*,#10445,.T.);
#10745 = ORIENTED_EDGE('',*,*,#10746,.T.);
#10746 = EDGE_CURVE('',#10438,#10555,#10747,.T.);
#10747 = LINE('',#10748,#10749);
#10748 = CARTESIAN_POINT('',(-2.825572675291,-0.539188558537,
    0.463914136585));
#10749 = VECTOR('',#10750,1.);
#10750 = DIRECTION('',(1.,-0.,1.829362495757E-16));
#10751 = ORIENTED_EDGE('',*,*,#10554,.T.);
#10752 = PLANE('',#10753);
#10753 = AXIS2_PLACEMENT_3D('',#10754,#10755,#10756);
#10754 = CARTESIAN_POINT('',(-2.825572675291,-2.190188558537,
    0.463914136585));
#10755 = DIRECTION('',(1.829362495757E-16,-4.462089521178E-32,-1.));
#10756 = DIRECTION('',(-1.,0.,-1.829362495757E-16));
#10757 = ADVANCED_FACE('',(#10758),#10769,.T.);
#10758 = FACE_BOUND('',#10759,.T.);
#10759 = EDGE_LOOP('',(#10760,#10761,#10762,#10768));
#10760 = ORIENTED_EDGE('',*,*,#10387,.T.);
#10761 = ORIENTED_EDGE('',*,*,#10547,.T.);
#10762 = ORIENTED_EDGE('',*,*,#10763,.T.);
#10763 = EDGE_CURVE('',#10540,#10290,#10764,.T.);
#10764 = LINE('',#10765,#10766);
#10765 = CARTESIAN_POINT('',(-2.825572675291,-0.539188558537,
    -1.212485863415));
#10766 = VECTOR('',#10767,1.);
#10767 = DIRECTION('',(-1.,-0.,1.829362495757E-16));
#10768 = ORIENTED_EDGE('',*,*,#10306,.T.);
#10769 = PLANE('',#10770);
#10770 = AXIS2_PLACEMENT_3D('',#10771,#10772,#10773);
#10771 = CARTESIAN_POINT('',(-2.825572675291,-2.190188558537,
    -1.212485863415));
#10772 = DIRECTION('',(1.829362495757E-16,-4.462089521178E-32,1.));
#10773 = DIRECTION('',(1.,0.,-1.829362495757E-16));
#10774 = ADVANCED_FACE('',(#10775),#10786,.F.);
#10775 = FACE_BOUND('',#10776,.T.);
#10776 = EDGE_LOOP('',(#10777,#10778,#10784,#10785));
#10777 = ORIENTED_EDGE('',*,*,#10570,.T.);
#10778 = ORIENTED_EDGE('',*,*,#10779,.F.);
#10779 = EDGE_CURVE('',#10412,#10563,#10780,.T.);
#10780 = LINE('',#10781,#10782);
#10781 = CARTESIAN_POINT('',(-1.555572675291,-0.539188558537,
    1.403714136585));
#10782 = VECTOR('',#10783,1.);
#10783 = DIRECTION('',(1.,0.,-0.));
#10784 = ORIENTED_EDGE('',*,*,#10411,.T.);
#10785 = ORIENTED_EDGE('',*,*,#9945,.F.);
#10786 = PLANE('',#10787);
#10787 = AXIS2_PLACEMENT_3D('',#10788,#10789,#10790);
#10788 = CARTESIAN_POINT('',(-1.555572675291,-0.539188558537,
    1.403714136585));
#10789 = DIRECTION('',(0.,0.,1.));
#10790 = DIRECTION('',(1.,0.,-0.));
#10791 = ADVANCED_FACE('',(#10792),#10800,.T.);
#10792 = FACE_BOUND('',#10793,.T.);
#10793 = EDGE_LOOP('',(#10794,#10795,#10796,#10797,#10798,#10799));
#10794 = ORIENTED_EDGE('',*,*,#9204,.T.);
#10795 = ORIENTED_EDGE('',*,*,#10009,.T.);
#10796 = ORIENTED_EDGE('',*,*,#10587,.T.);
#10797 = ORIENTED_EDGE('',*,*,#10493,.T.);
#10798 = ORIENTED_EDGE('',*,*,#10459,.T.);
#10799 = ORIENTED_EDGE('',*,*,#9815,.T.);
#10800 = PLANE('',#10801);
#10801 = AXIS2_PLACEMENT_3D('',#10802,#10803,#10804);
#10802 = CARTESIAN_POINT('',(3.016427324709,-0.539188558537,
    1.657714136585));
#10803 = DIRECTION('',(-2.439149994343E-16,1.,0.));
#10804 = DIRECTION('',(-1.,-2.439149994343E-16,0.));
#10805 = ADVANCED_FACE('',(#10806),#10814,.T.);
#10806 = FACE_BOUND('',#10807,.T.);
#10807 = EDGE_LOOP('',(#10808,#10809,#10810,#10811,#10812,#10813));
#10808 = ORIENTED_EDGE('',*,*,#10710,.F.);
#10809 = ORIENTED_EDGE('',*,*,#10516,.T.);
#10810 = ORIENTED_EDGE('',*,*,#10604,.T.);
#10811 = ORIENTED_EDGE('',*,*,#10242,.T.);
#10812 = ORIENTED_EDGE('',*,*,#9409,.T.);
#10813 = ORIENTED_EDGE('',*,*,#10265,.T.);
#10814 = PLANE('',#10815);
#10815 = AXIS2_PLACEMENT_3D('',#10816,#10817,#10818);
#10816 = CARTESIAN_POINT('',(3.016427324709,-0.539188558537,
    1.657714136585));
#10817 = DIRECTION('',(-2.439149994343E-16,1.,0.));
#10818 = DIRECTION('',(-1.,-2.439149994343E-16,0.));
#10819 = ADVANCED_FACE('',(#10820),#10828,.F.);
#10820 = FACE_BOUND('',#10821,.T.);
#10821 = EDGE_LOOP('',(#10822,#10823,#10824,#10825,#10826,#10827));
#10822 = ORIENTED_EDGE('',*,*,#10437,.F.);
#10823 = ORIENTED_EDGE('',*,*,#9671,.F.);
#10824 = ORIENTED_EDGE('',*,*,#10419,.F.);
#10825 = ORIENTED_EDGE('',*,*,#10779,.T.);
#10826 = ORIENTED_EDGE('',*,*,#10562,.F.);
#10827 = ORIENTED_EDGE('',*,*,#10746,.F.);
#10828 = PLANE('',#10829);
#10829 = AXIS2_PLACEMENT_3D('',#10830,#10831,#10832);
#10830 = CARTESIAN_POINT('',(-2.825572675291,-0.539188558537,
    1.657714136585));
#10831 = DIRECTION('',(-2.439149994343E-16,-1.,0.));
#10832 = DIRECTION('',(1.,-2.439149994343E-16,0.));
#10833 = ADVANCED_FACE('',(#10834),#10842,.F.);
#10834 = FACE_BOUND('',#10835,.T.);
#10835 = EDGE_LOOP('',(#10836,#10837,#10838,#10839,#10840,#10841));
#10836 = ORIENTED_EDGE('',*,*,#10539,.F.);
#10837 = ORIENTED_EDGE('',*,*,#10728,.F.);
#10838 = ORIENTED_EDGE('',*,*,#10338,.F.);
#10839 = ORIENTED_EDGE('',*,*,#9574,.F.);
#10840 = ORIENTED_EDGE('',*,*,#10289,.F.);
#10841 = ORIENTED_EDGE('',*,*,#10763,.F.);
#10842 = PLANE('',#10843);
#10843 = AXIS2_PLACEMENT_3D('',#10844,#10845,#10846);
#10844 = CARTESIAN_POINT('',(-2.825572675291,-0.539188558537,
    1.657714136585));
#10845 = DIRECTION('',(-2.439149994343E-16,-1.,0.));
#10846 = DIRECTION('',(1.,-2.439149994343E-16,0.));
#10847 = ( GEOMETRIC_REPRESENTATION_CONTEXT(3) 
GLOBAL_UNCERTAINTY_ASSIGNED_CONTEXT((#10851)) 
GLOBAL_UNIT_ASSIGNED_CONTEXT((#10848,#10849,#10850)) 
REPRESENTATION_CONTEXT('Context #1',
  '3D Context with UNIT and UNCERTAINTY') );
#10848 = ( LENGTH_UNIT() NAMED_UNIT(*) SI_UNIT(.MILLI.,.METRE.) );
#10849 = ( NAMED_UNIT(*) PLANE_ANGLE_UNIT() SI_UNIT($,.RADIAN.) );
#10850 = ( NAMED_UNIT(*) SI_UNIT($,.STERADIAN.) SOLID_ANGLE_UNIT() );
#10851 = UNCERTAINTY_MEASURE_WITH_UNIT(LENGTH_MEASURE(1.E-07),#10848,
  'distance_accuracy_value','confusion accuracy');
#10852 = CONTEXT_DEPENDENT_SHAPE_REPRESENTATION(#10853,#10855);
#10853 = ( REPRESENTATION_RELATIONSHIP('','',#3610,#3587) 
REPRESENTATION_RELATIONSHIP_WITH_TRANSFORMATION(#10854) 
SHAPE_REPRESENTATION_RELATIONSHIP() );
#10854 = ITEM_DEFINED_TRANSFORMATION('','',#11,#3588);
#10855 = PRODUCT_DEFINITION_SHAPE('Placement','Placement of an item',
  #10856);
#10856 = NEXT_ASSEMBLY_USAGE_OCCURRENCE('21','=>[0:1:1:5]','',#3582,
  #3605,$);
#10857 = PRODUCT_RELATED_PRODUCT_CATEGORY('part',$,(#3607));
#10858 = CONTEXT_DEPENDENT_SHAPE_REPRESENTATION(#10859,#10861);
#10859 = ( REPRESENTATION_RELATIONSHIP('','',#3587,#10) 
REPRESENTATION_RELATIONSHIP_WITH_TRANSFORMATION(#10860) 
SHAPE_REPRESENTATION_RELATIONSHIP() );
#10860 = ITEM_DEFINED_TRANSFORMATION('','',#11,#95);
#10861 = PRODUCT_DEFINITION_SHAPE('Placement','Placement of an item',
  #10862);
#10862 = NEXT_ASSEMBLY_USAGE_OCCURRENCE('23','IN_F2','',#5,#3582,$);
#10863 = CONTEXT_DEPENDENT_SHAPE_REPRESENTATION(#10864,#10866);
#10864 = ( REPRESENTATION_RELATIONSHIP('','',#3587,#10) 
REPRESENTATION_RELATIONSHIP_WITH_TRANSFORMATION(#10865) 
SHAPE_REPRESENTATION_RELATIONSHIP() );
#10865 = ITEM_DEFINED_TRANSFORMATION('','',#11,#99);
#10866 = PRODUCT_DEFINITION_SHAPE('Placement','Placement of an item',
  #10867);
#10867 = NEXT_ASSEMBLY_USAGE_OCCURRENCE('24','NC_F4','',#5,#3582,$);
#10868 = CONTEXT_DEPENDENT_SHAPE_REPRESENTATION(#10869,#10871);
#10869 = ( REPRESENTATION_RELATIONSHIP('','',#3587,#10) 
REPRESENTATION_RELATIONSHIP_WITH_TRANSFORMATION(#10870) 
SHAPE_REPRESENTATION_RELATIONSHIP() );
#10870 = ITEM_DEFINED_TRANSFORMATION('','',#11,#103);
#10871 = PRODUCT_DEFINITION_SHAPE('Placement','Placement of an item',
  #10872);
#10872 = NEXT_ASSEMBLY_USAGE_OCCURRENCE('25','NC_F10','',#5,#3582,$);
#10873 = CONTEXT_DEPENDENT_SHAPE_REPRESENTATION(#10874,#10876);
#10874 = ( REPRESENTATION_RELATIONSHIP('','',#3587,#10) 
REPRESENTATION_RELATIONSHIP_WITH_TRANSFORMATION(#10875) 
SHAPE_REPRESENTATION_RELATIONSHIP() );
#10875 = ITEM_DEFINED_TRANSFORMATION('','',#11,#107);
#10876 = PRODUCT_DEFINITION_SHAPE('Placement','Placement of an item',
  #10877);
#10877 = NEXT_ASSEMBLY_USAGE_OCCURRENCE('26','NC_F5','',#5,#3582,$);
#10878 = CONTEXT_DEPENDENT_SHAPE_REPRESENTATION(#10879,#10881);
#10879 = ( REPRESENTATION_RELATIONSHIP('','',#3587,#10) 
REPRESENTATION_RELATIONSHIP_WITH_TRANSFORMATION(#10880) 
SHAPE_REPRESENTATION_RELATIONSHIP() );
#10880 = ITEM_DEFINED_TRANSFORMATION('','',#11,#111);
#10881 = PRODUCT_DEFINITION_SHAPE('Placement','Placement of an item',
  #10882);
#10882 = NEXT_ASSEMBLY_USAGE_OCCURRENCE('27','NC_F12','',#5,#3582,$);
#10883 = CONTEXT_DEPENDENT_SHAPE_REPRESENTATION(#10884,#10886);
#10884 = ( REPRESENTATION_RELATIONSHIP('','',#3587,#10) 
REPRESENTATION_RELATIONSHIP_WITH_TRANSFORMATION(#10885) 
SHAPE_REPRESENTATION_RELATIONSHIP() );
#10885 = ITEM_DEFINED_TRANSFORMATION('','',#11,#115);
#10886 = PRODUCT_DEFINITION_SHAPE('Placement','Placement of an item',
  #10887);
#10887 = NEXT_ASSEMBLY_USAGE_OCCURRENCE('28','NC_F6','',#5,#3582,$);
#10888 = CONTEXT_DEPENDENT_SHAPE_REPRESENTATION(#10889,#10891);
#10889 = ( REPRESENTATION_RELATIONSHIP('','',#3587,#10) 
REPRESENTATION_RELATIONSHIP_WITH_TRANSFORMATION(#10890) 
SHAPE_REPRESENTATION_RELATIONSHIP() );
#10890 = ITEM_DEFINED_TRANSFORMATION('','',#11,#119);
#10891 = PRODUCT_DEFINITION_SHAPE('Placement','Placement of an item',
  #10892);
#10892 = NEXT_ASSEMBLY_USAGE_OCCURRENCE('29','C_F2','',#5,#3582,$);
#10893 = CONTEXT_DEPENDENT_SHAPE_REPRESENTATION(#10894,#10896);
#10894 = ( REPRESENTATION_RELATIONSHIP('','',#3587,#10) 
REPRESENTATION_RELATIONSHIP_WITH_TRANSFORMATION(#10895) 
SHAPE_REPRESENTATION_RELATIONSHIP() );
#10895 = ITEM_DEFINED_TRANSFORMATION('','',#11,#123);
#10896 = PRODUCT_DEFINITION_SHAPE('Placement','Placement of an item',
  #10897);
#10897 = NEXT_ASSEMBLY_USAGE_OCCURRENCE('30','NC_F2','',#5,#3582,$);
#10898 = SHAPE_DEFINITION_REPRESENTATION(#10899,#10905);
#10899 = PRODUCT_DEFINITION_SHAPE('','',#10900);
#10900 = PRODUCT_DEFINITION('design','',#10901,#10904);
#10901 = PRODUCT_DEFINITION_FORMATION('','',#10902);
#10902 = PRODUCT('sabre_1x2_3d','sabre_1x2_3d','',(#10903));
#10903 = PRODUCT_CONTEXT('',#2,'mechanical');
#10904 = PRODUCT_DEFINITION_CONTEXT('part definition',#2,'design');
#10905 = SHAPE_REPRESENTATION('',(#11,#10906),#10910);
#10906 = AXIS2_PLACEMENT_3D('',#10907,#10908,#10909);
#10907 = CARTESIAN_POINT('',(0.,0.,0.));
#10908 = DIRECTION('',(0.,0.,1.));
#10909 = DIRECTION('',(1.,0.,-0.));
#10910 = ( GEOMETRIC_REPRESENTATION_CONTEXT(3) 
GLOBAL_UNCERTAINTY_ASSIGNED_CONTEXT((#10914)) 
GLOBAL_UNIT_ASSIGNED_CONTEXT((#10911,#10912,#10913)) 
REPRESENTATION_CONTEXT('Context #1',
  '3D Context with UNIT and UNCERTAINTY') );
#10911 = ( LENGTH_UNIT() NAMED_UNIT(*) SI_UNIT(.MILLI.,.METRE.) );
#10912 = ( NAMED_UNIT(*) PLANE_ANGLE_UNIT() SI_UNIT($,.RADIAN.) );
#10913 = ( NAMED_UNIT(*) SI_UNIT($,.STERADIAN.) SOLID_ANGLE_UNIT() );
#10914 = UNCERTAINTY_MEASURE_WITH_UNIT(LENGTH_MEASURE(1.E-07),#10911,
  'distance_accuracy_value','confusion accuracy');
#10915 = CONTEXT_DEPENDENT_SHAPE_REPRESENTATION(#10916,#10918);
#10916 = ( REPRESENTATION_RELATIONSHIP('','',#10905,#10) 
REPRESENTATION_RELATIONSHIP_WITH_TRANSFORMATION(#10917) 
SHAPE_REPRESENTATION_RELATIONSHIP() );
#10917 = ITEM_DEFINED_TRANSFORMATION('','',#11,#127);
#10918 = PRODUCT_DEFINITION_SHAPE('Placement','Placement of an item',
  #10919);
#10919 = NEXT_ASSEMBLY_USAGE_OCCURRENCE('32','IN_J2','',#5,#10900,$);
#10920 = PRODUCT_RELATED_PRODUCT_CATEGORY('part',$,(#10902));
#10921 = SHAPE_DEFINITION_REPRESENTATION(#10922,#10928);
#10922 = PRODUCT_DEFINITION_SHAPE('','',#10923);
#10923 = PRODUCT_DEFINITION('design','',#10924,#10927);
#10924 = PRODUCT_DEFINITION_FORMATION('','',#10925);
#10925 = PRODUCT('431600102','431600102','',(#10926));
#10926 = PRODUCT_CONTEXT('',#2,'mechanical');
#10927 = PRODUCT_DEFINITION_CONTEXT('part definition',#2,'design');
#10928 = SHAPE_REPRESENTATION('',(#11,#10929,#16036,#16053,#16070,#16087
    ),#16104);
#10929 = MANIFOLD_SOLID_BREP('',#10930);
#10930 = CLOSED_SHELL('',(#10931,#10979,#11019,#11067,#11107,#11146,
    #11193,#11233,#11611,#11706,#11730,#11818,#11835,#11852,#11869,
    #11886,#11903,#11920,#11937,#11954,#11971,#11983,#12078,#12102,
    #12190,#12207,#12224,#12241,#12258,#12275,#12292,#12309,#12326,
    #12343,#12355,#12379,#12410,#12450,#12490,#12514,#12641,#12658,
    #12675,#12713,#12732,#12859,#12986,#13010,#13034,#13051,#13091,
    #13131,#13148,#13160,#13172,#13212,#13252,#13283,#13314,#13345,
    #13376,#13407,#13703,#13734,#13758,#13782,#13806,#13830,#13847,
    #13895,#13985,#14007,#14024,#14041,#14058,#14075,#14087,#14118,
    #14142,#14166,#14183,#14214,#14245,#14262,#14279,#14291,#14322,
    #14346,#14370,#14387,#14418,#14449,#14466,#14483,#14495,#14519,
    #14536,#14555,#14567,#14591,#14608,#14627,#14639,#14656,#14684,
    #14708,#14773,#14797,#14829,#14854,#14871,#14888,#14900,#14917,
    #14929,#14942,#14966,#14983,#15002,#15014,#15045,#15077,#15106,
    #15137,#15168,#15201,#15231,#15248,#15270,#15292,#15304,#15329,
    #15353,#15370,#15383,#15395,#15420,#15437,#15449,#15474,#15491,
    #15503,#15527,#15544,#15563,#15575,#15615,#15640,#15664,#15682,
    #15742,#15766,#15791,#15808,#15840,#15852,#15869,#15886,#15898,
    #15910,#15927,#15944,#15956,#15978,#15995,#16012,#16024));
#10931 = ADVANCED_FACE('',(#10932),#10974,.F.);
#10932 = FACE_BOUND('',#10933,.F.);
#10933 = EDGE_LOOP('',(#10934,#10944,#10952,#10960,#10968));
#10934 = ORIENTED_EDGE('',*,*,#10935,.F.);
#10935 = EDGE_CURVE('',#10936,#10938,#10940,.T.);
#10936 = VERTEX_POINT('',#10937);
#10937 = CARTESIAN_POINT('',(10.541,-7.3787,-4.1148));
#10938 = VERTEX_POINT('',#10939);
#10939 = CARTESIAN_POINT('',(9.0043,-7.3787,-4.1148));
#10940 = LINE('',#10941,#10942);
#10941 = CARTESIAN_POINT('',(10.541,-7.3787,-4.1148));
#10942 = VECTOR('',#10943,1.);
#10943 = DIRECTION('',(-1.,0.,0.));
#10944 = ORIENTED_EDGE('',*,*,#10945,.T.);
#10945 = EDGE_CURVE('',#10936,#10946,#10948,.T.);
#10946 = VERTEX_POINT('',#10947);
#10947 = CARTESIAN_POINT('',(10.541,-7.3787,-4.4958));
#10948 = LINE('',#10949,#10950);
#10949 = CARTESIAN_POINT('',(10.541,-7.3787,-4.1148));
#10950 = VECTOR('',#10951,1.);
#10951 = DIRECTION('',(0.,0.,-1.));
#10952 = ORIENTED_EDGE('',*,*,#10953,.T.);
#10953 = EDGE_CURVE('',#10946,#10954,#10956,.T.);
#10954 = VERTEX_POINT('',#10955);
#10955 = CARTESIAN_POINT('',(9.271,-7.3787,-5.7658));
#10956 = LINE('',#10957,#10958);
#10957 = CARTESIAN_POINT('',(10.541,-7.3787,-4.4958));
#10958 = VECTOR('',#10959,1.);
#10959 = DIRECTION('',(-0.707106781187,0.,-0.707106781187));
#10960 = ORIENTED_EDGE('',*,*,#10961,.T.);
#10961 = EDGE_CURVE('',#10954,#10962,#10964,.T.);
#10962 = VERTEX_POINT('',#10963);
#10963 = CARTESIAN_POINT('',(9.0043,-7.3787,-5.7658));
#10964 = LINE('',#10965,#10966);
#10965 = CARTESIAN_POINT('',(9.271,-7.3787,-5.7658));
#10966 = VECTOR('',#10967,1.);
#10967 = DIRECTION('',(-1.,0.,0.));
#10968 = ORIENTED_EDGE('',*,*,#10969,.F.);
#10969 = EDGE_CURVE('',#10938,#10962,#10970,.T.);
#10970 = LINE('',#10971,#10972);
#10971 = CARTESIAN_POINT('',(9.0043,-7.3787,-4.1148));
#10972 = VECTOR('',#10973,1.);
#10973 = DIRECTION('',(0.,0.,-1.));
#10974 = PLANE('',#10975);
#10975 = AXIS2_PLACEMENT_3D('',#10976,#10977,#10978);
#10976 = CARTESIAN_POINT('',(0.,-7.3787,0.));
#10977 = DIRECTION('',(0.,1.,0.));
#10978 = DIRECTION('',(1.,0.,0.));
#10979 = ADVANCED_FACE('',(#10980),#11014,.F.);
#10980 = FACE_BOUND('',#10981,.F.);
#10981 = EDGE_LOOP('',(#10982,#10992,#11000,#11008));
#10982 = ORIENTED_EDGE('',*,*,#10983,.T.);
#10983 = EDGE_CURVE('',#10984,#10986,#10988,.T.);
#10984 = VERTEX_POINT('',#10985);
#10985 = CARTESIAN_POINT('',(10.541,-7.3787,4.7498));
#10986 = VERTEX_POINT('',#10987);
#10987 = CARTESIAN_POINT('',(9.0043,-7.3787,4.7498));
#10988 = LINE('',#10989,#10990);
#10989 = CARTESIAN_POINT('',(10.541,-7.3787,4.7498));
#10990 = VECTOR('',#10991,1.);
#10991 = DIRECTION('',(-1.,0.,0.));
#10992 = ORIENTED_EDGE('',*,*,#10993,.F.);
#10993 = EDGE_CURVE('',#10994,#10986,#10996,.T.);
#10994 = VERTEX_POINT('',#10995);
#10995 = CARTESIAN_POINT('',(9.0043,-7.3787,5.7658));
#10996 = LINE('',#10997,#10998);
#10997 = CARTESIAN_POINT('',(9.0043,-7.3787,5.7658));
#10998 = VECTOR('',#10999,1.);
#10999 = DIRECTION('',(0.,0.,-1.));
#11000 = ORIENTED_EDGE('',*,*,#11001,.T.);
#11001 = EDGE_CURVE('',#10994,#11002,#11004,.T.);
#11002 = VERTEX_POINT('',#11003);
#11003 = CARTESIAN_POINT('',(10.541,-7.3787,5.7658));
#11004 = LINE('',#11005,#11006);
#11005 = CARTESIAN_POINT('',(9.0043,-7.3787,5.7658));
#11006 = VECTOR('',#11007,1.);
#11007 = DIRECTION('',(1.,0.,0.));
#11008 = ORIENTED_EDGE('',*,*,#11009,.T.);
#11009 = EDGE_CURVE('',#11002,#10984,#11010,.T.);
#11010 = LINE('',#11011,#11012);
#11011 = CARTESIAN_POINT('',(10.541,-7.3787,5.7658));
#11012 = VECTOR('',#11013,1.);
#11013 = DIRECTION('',(0.,0.,-1.));
#11014 = PLANE('',#11015);
#11015 = AXIS2_PLACEMENT_3D('',#11016,#11017,#11018);
#11016 = CARTESIAN_POINT('',(0.,-7.3787,0.));
#11017 = DIRECTION('',(0.,1.,0.));
#11018 = DIRECTION('',(1.,0.,0.));
#11019 = ADVANCED_FACE('',(#11020),#11062,.F.);
#11020 = FACE_BOUND('',#11021,.F.);
#11021 = EDGE_LOOP('',(#11022,#11032,#11040,#11048,#11056));
#11022 = ORIENTED_EDGE('',*,*,#11023,.T.);
#11023 = EDGE_CURVE('',#11024,#11026,#11028,.T.);
#11024 = VERTEX_POINT('',#11025);
#11025 = CARTESIAN_POINT('',(-10.541,-7.3787,-4.1148));
#11026 = VERTEX_POINT('',#11027);
#11027 = CARTESIAN_POINT('',(-9.0043,-7.3787,-4.1148));
#11028 = LINE('',#11029,#11030);
#11029 = CARTESIAN_POINT('',(-10.541,-7.3787,-4.1148));
#11030 = VECTOR('',#11031,1.);
#11031 = DIRECTION('',(1.,0.,0.));
#11032 = ORIENTED_EDGE('',*,*,#11033,.T.);
#11033 = EDGE_CURVE('',#11026,#11034,#11036,.T.);
#11034 = VERTEX_POINT('',#11035);
#11035 = CARTESIAN_POINT('',(-9.0043,-7.3787,-5.7658));
#11036 = LINE('',#11037,#11038);
#11037 = CARTESIAN_POINT('',(-9.0043,-7.3787,-4.1148));
#11038 = VECTOR('',#11039,1.);
#11039 = DIRECTION('',(0.,0.,-1.));
#11040 = ORIENTED_EDGE('',*,*,#11041,.T.);
#11041 = EDGE_CURVE('',#11034,#11042,#11044,.T.);
#11042 = VERTEX_POINT('',#11043);
#11043 = CARTESIAN_POINT('',(-9.271,-7.3787,-5.7658));
#11044 = LINE('',#11045,#11046);
#11045 = CARTESIAN_POINT('',(-9.0043,-7.3787,-5.7658));
#11046 = VECTOR('',#11047,1.);
#11047 = DIRECTION('',(-1.,0.,0.));
#11048 = ORIENTED_EDGE('',*,*,#11049,.T.);
#11049 = EDGE_CURVE('',#11042,#11050,#11052,.T.);
#11050 = VERTEX_POINT('',#11051);
#11051 = CARTESIAN_POINT('',(-10.541,-7.3787,-4.4958));
#11052 = LINE('',#11053,#11054);
#11053 = CARTESIAN_POINT('',(-9.271,-7.3787,-5.7658));
#11054 = VECTOR('',#11055,1.);
#11055 = DIRECTION('',(-0.707106781187,0.,0.707106781187));
#11056 = ORIENTED_EDGE('',*,*,#11057,.T.);
#11057 = EDGE_CURVE('',#11050,#11024,#11058,.T.);
#11058 = LINE('',#11059,#11060);
#11059 = CARTESIAN_POINT('',(-10.541,-7.3787,-4.4958));
#11060 = VECTOR('',#11061,1.);
#11061 = DIRECTION('',(0.,0.,1.));
#11062 = PLANE('',#11063);
#11063 = AXIS2_PLACEMENT_3D('',#11064,#11065,#11066);
#11064 = CARTESIAN_POINT('',(0.,-7.3787,0.));
#11065 = DIRECTION('',(0.,1.,0.));
#11066 = DIRECTION('',(1.,0.,0.));
#11067 = ADVANCED_FACE('',(#11068),#11102,.F.);
#11068 = FACE_BOUND('',#11069,.F.);
#11069 = EDGE_LOOP('',(#11070,#11080,#11088,#11096));
#11070 = ORIENTED_EDGE('',*,*,#11071,.F.);
#11071 = EDGE_CURVE('',#11072,#11074,#11076,.T.);
#11072 = VERTEX_POINT('',#11073);
#11073 = CARTESIAN_POINT('',(-10.541,-7.3787,4.7498));
#11074 = VERTEX_POINT('',#11075);
#11075 = CARTESIAN_POINT('',(-9.0043,-7.3787,4.7498));
#11076 = LINE('',#11077,#11078);
#11077 = CARTESIAN_POINT('',(-10.541,-7.3787,4.7498));
#11078 = VECTOR('',#11079,1.);
#11079 = DIRECTION('',(1.,0.,0.));
#11080 = ORIENTED_EDGE('',*,*,#11081,.T.);
#11081 = EDGE_CURVE('',#11072,#11082,#11084,.T.);
#11082 = VERTEX_POINT('',#11083);
#11083 = CARTESIAN_POINT('',(-10.541,-7.3787,5.7658));
#11084 = LINE('',#11085,#11086);
#11085 = CARTESIAN_POINT('',(-10.541,-7.3787,4.7498));
#11086 = VECTOR('',#11087,1.);
#11087 = DIRECTION('',(0.,0.,1.));
#11088 = ORIENTED_EDGE('',*,*,#11089,.T.);
#11089 = EDGE_CURVE('',#11082,#11090,#11092,.T.);
#11090 = VERTEX_POINT('',#11091);
#11091 = CARTESIAN_POINT('',(-9.0043,-7.3787,5.7658));
#11092 = LINE('',#11093,#11094);
#11093 = CARTESIAN_POINT('',(-10.541,-7.3787,5.7658));
#11094 = VECTOR('',#11095,1.);
#11095 = DIRECTION('',(1.,0.,0.));
#11096 = ORIENTED_EDGE('',*,*,#11097,.T.);
#11097 = EDGE_CURVE('',#11090,#11074,#11098,.T.);
#11098 = LINE('',#11099,#11100);
#11099 = CARTESIAN_POINT('',(-9.0043,-7.3787,5.7658));
#11100 = VECTOR('',#11101,1.);
#11101 = DIRECTION('',(0.,0.,-1.));
#11102 = PLANE('',#11103);
#11103 = AXIS2_PLACEMENT_3D('',#11104,#11105,#11106);
#11104 = CARTESIAN_POINT('',(0.,-7.3787,0.));
#11105 = DIRECTION('',(0.,1.,0.));
#11106 = DIRECTION('',(1.,0.,0.));
#11107 = ADVANCED_FACE('',(#11108),#11141,.F.);
#11108 = FACE_BOUND('',#11109,.F.);
#11109 = EDGE_LOOP('',(#11110,#11111,#11119,#11127,#11135));
#11110 = ORIENTED_EDGE('',*,*,#10935,.T.);
#11111 = ORIENTED_EDGE('',*,*,#11112,.T.);
#11112 = EDGE_CURVE('',#10938,#11113,#11115,.T.);
#11113 = VERTEX_POINT('',#11114);
#11114 = CARTESIAN_POINT('',(9.0043,-6.7437,-4.1148));
#11115 = LINE('',#11116,#11117);
#11116 = CARTESIAN_POINT('',(9.0043,-7.3787,-4.1148));
#11117 = VECTOR('',#11118,1.);
#11118 = DIRECTION('',(0.,1.,0.));
#11119 = ORIENTED_EDGE('',*,*,#11120,.T.);
#11120 = EDGE_CURVE('',#11113,#11121,#11123,.T.);
#11121 = VERTEX_POINT('',#11122);
#11122 = CARTESIAN_POINT('',(9.0043,6.3627,-4.1148));
#11123 = LINE('',#11124,#11125);
#11124 = CARTESIAN_POINT('',(9.0043,-6.7437,-4.1148));
#11125 = VECTOR('',#11126,1.);
#11126 = DIRECTION('',(0.,1.,0.));
#11127 = ORIENTED_EDGE('',*,*,#11128,.F.);
#11128 = EDGE_CURVE('',#11129,#11121,#11131,.T.);
#11129 = VERTEX_POINT('',#11130);
#11130 = CARTESIAN_POINT('',(10.541,6.3627,-4.1148));
#11131 = LINE('',#11132,#11133);
#11132 = CARTESIAN_POINT('',(10.541,6.3627,-4.1148));
#11133 = VECTOR('',#11134,1.);
#11134 = DIRECTION('',(-1.,0.,0.));
#11135 = ORIENTED_EDGE('',*,*,#11136,.F.);
#11136 = EDGE_CURVE('',#10936,#11129,#11137,.T.);
#11137 = LINE('',#11138,#11139);
#11138 = CARTESIAN_POINT('',(10.541,-7.3787,-4.1148));
#11139 = VECTOR('',#11140,1.);
#11140 = DIRECTION('',(0.,1.,0.));
#11141 = PLANE('',#11142);
#11142 = AXIS2_PLACEMENT_3D('',#11143,#11144,#11145);
#11143 = CARTESIAN_POINT('',(10.541,-7.3787,-4.1148));
#11144 = DIRECTION('',(0.,0.,-1.));
#11145 = DIRECTION('',(0.,1.,0.));
#11146 = ADVANCED_FACE('',(#11147),#11188,.F.);
#11147 = FACE_BOUND('',#11148,.F.);
#11148 = EDGE_LOOP('',(#11149,#11159,#11167,#11175,#11181,#11182));
#11149 = ORIENTED_EDGE('',*,*,#11150,.F.);
#11150 = EDGE_CURVE('',#11151,#11153,#11155,.T.);
#11151 = VERTEX_POINT('',#11152);
#11152 = CARTESIAN_POINT('',(9.0043,-6.7437,5.2578));
#11153 = VERTEX_POINT('',#11154);
#11154 = CARTESIAN_POINT('',(9.0043,-6.7437,4.7498));
#11155 = LINE('',#11156,#11157);
#11156 = CARTESIAN_POINT('',(9.0043,-6.7437,5.2578));
#11157 = VECTOR('',#11158,1.);
#11158 = DIRECTION('',(0.,0.,-1.));
#11159 = ORIENTED_EDGE('',*,*,#11160,.T.);
#11160 = EDGE_CURVE('',#11151,#11161,#11163,.T.);
#11161 = VERTEX_POINT('',#11162);
#11162 = CARTESIAN_POINT('',(9.0043,2.1463,5.2578));
#11163 = LINE('',#11164,#11165);
#11164 = CARTESIAN_POINT('',(9.0043,-6.7437,5.2578));
#11165 = VECTOR('',#11166,1.);
#11166 = DIRECTION('',(0.,1.,0.));
#11167 = ORIENTED_EDGE('',*,*,#11168,.F.);
#11168 = EDGE_CURVE('',#11169,#11161,#11171,.T.);
#11169 = VERTEX_POINT('',#11170);
#11170 = CARTESIAN_POINT('',(9.0043,2.1463,5.7658));
#11171 = LINE('',#11172,#11173);
#11172 = CARTESIAN_POINT('',(9.0043,2.1463,5.7658));
#11173 = VECTOR('',#11174,1.);
#11174 = DIRECTION('',(0.,0.,-1.));
#11175 = ORIENTED_EDGE('',*,*,#11176,.T.);
#11176 = EDGE_CURVE('',#11169,#10994,#11177,.T.);
#11177 = LINE('',#11178,#11179);
#11178 = CARTESIAN_POINT('',(9.0043,2.1463,5.7658));
#11179 = VECTOR('',#11180,1.);
#11180 = DIRECTION('',(0.,-1.,0.));
#11181 = ORIENTED_EDGE('',*,*,#10993,.T.);
#11182 = ORIENTED_EDGE('',*,*,#11183,.T.);
#11183 = EDGE_CURVE('',#10986,#11153,#11184,.T.);
#11184 = LINE('',#11185,#11186);
#11185 = CARTESIAN_POINT('',(9.0043,-7.3787,4.7498));
#11186 = VECTOR('',#11187,1.);
#11187 = DIRECTION('',(0.,1.,0.));
#11188 = PLANE('',#11189);
#11189 = AXIS2_PLACEMENT_3D('',#11190,#11191,#11192);
#11190 = CARTESIAN_POINT('',(9.0043,-7.3787,5.7658));
#11191 = DIRECTION('',(1.,0.,0.));
#11192 = DIRECTION('',(-0.,1.,0.));
#11193 = ADVANCED_FACE('',(#11194),#11228,.F.);
#11194 = FACE_BOUND('',#11195,.F.);
#11195 = EDGE_LOOP('',(#11196,#11204,#11212,#11220,#11226,#11227));
#11196 = ORIENTED_EDGE('',*,*,#11197,.T.);
#11197 = EDGE_CURVE('',#10962,#11198,#11200,.T.);
#11198 = VERTEX_POINT('',#11199);
#11199 = CARTESIAN_POINT('',(9.0043,2.1463,-5.7658));
#11200 = LINE('',#11201,#11202);
#11201 = CARTESIAN_POINT('',(9.0043,-7.3787,-5.7658));
#11202 = VECTOR('',#11203,1.);
#11203 = DIRECTION('',(0.,1.,0.));
#11204 = ORIENTED_EDGE('',*,*,#11205,.T.);
#11205 = EDGE_CURVE('',#11198,#11206,#11208,.T.);
#11206 = VERTEX_POINT('',#11207);
#11207 = CARTESIAN_POINT('',(9.0043,2.1463,-5.2578));
#11208 = LINE('',#11209,#11210);
#11209 = CARTESIAN_POINT('',(9.0043,2.1463,-5.7658));
#11210 = VECTOR('',#11211,1.);
#11211 = DIRECTION('',(0.,0.,1.));
#11212 = ORIENTED_EDGE('',*,*,#11213,.F.);
#11213 = EDGE_CURVE('',#11214,#11206,#11216,.T.);
#11214 = VERTEX_POINT('',#11215);
#11215 = CARTESIAN_POINT('',(9.0043,-6.7437,-5.2578));
#11216 = LINE('',#11217,#11218);
#11217 = CARTESIAN_POINT('',(9.0043,-6.7437,-5.2578));
#11218 = VECTOR('',#11219,1.);
#11219 = DIRECTION('',(0.,1.,0.));
#11220 = ORIENTED_EDGE('',*,*,#11221,.F.);
#11221 = EDGE_CURVE('',#11113,#11214,#11222,.T.);
#11222 = LINE('',#11223,#11224);
#11223 = CARTESIAN_POINT('',(9.0043,-6.7437,-4.1148));
#11224 = VECTOR('',#11225,1.);
#11225 = DIRECTION('',(0.,0.,-1.));
#11226 = ORIENTED_EDGE('',*,*,#11112,.F.);
#11227 = ORIENTED_EDGE('',*,*,#10969,.T.);
#11228 = PLANE('',#11229);
#11229 = AXIS2_PLACEMENT_3D('',#11230,#11231,#11232);
#11230 = CARTESIAN_POINT('',(9.0043,-7.3787,5.7658));
#11231 = DIRECTION('',(1.,0.,0.));
#11232 = DIRECTION('',(-0.,1.,0.));
#11233 = ADVANCED_FACE('',(#11234,#11538,#11572),#11606,.F.);
#11234 = FACE_BOUND('',#11235,.F.);
#11235 = EDGE_LOOP('',(#11236,#11244,#11252,#11260,#11268,#11276,#11284,
    #11292,#11300,#11308,#11316,#11324,#11332,#11340,#11348,#11356,
    #11364,#11372,#11380,#11388,#11396,#11404,#11412,#11420,#11428,
    #11436,#11444,#11452,#11460,#11466,#11467,#11475,#11483,#11491,
    #11499,#11507,#11515,#11523,#11531,#11537));
#11236 = ORIENTED_EDGE('',*,*,#11237,.T.);
#11237 = EDGE_CURVE('',#11214,#11238,#11240,.T.);
#11238 = VERTEX_POINT('',#11239);
#11239 = CARTESIAN_POINT('',(7.9883,-6.7437,-5.2578));
#11240 = LINE('',#11241,#11242);
#11241 = CARTESIAN_POINT('',(9.0043,-6.7437,-5.2578));
#11242 = VECTOR('',#11243,1.);
#11243 = DIRECTION('',(-1.,0.,0.));
#11244 = ORIENTED_EDGE('',*,*,#11245,.F.);
#11245 = EDGE_CURVE('',#11246,#11238,#11248,.T.);
#11246 = VERTEX_POINT('',#11247);
#11247 = CARTESIAN_POINT('',(7.9883,-6.7437,-5.7658));
#11248 = LINE('',#11249,#11250);
#11249 = CARTESIAN_POINT('',(7.9883,-6.7437,-5.7658));
#11250 = VECTOR('',#11251,1.);
#11251 = DIRECTION('',(0.,0.,1.));
#11252 = ORIENTED_EDGE('',*,*,#11253,.T.);
#11253 = EDGE_CURVE('',#11246,#11254,#11256,.T.);
#11254 = VERTEX_POINT('',#11255);
#11255 = CARTESIAN_POINT('',(-7.9883,-6.7437,-5.7658));
#11256 = LINE('',#11257,#11258);
#11257 = CARTESIAN_POINT('',(7.9883,-6.7437,-5.7658));
#11258 = VECTOR('',#11259,1.);
#11259 = DIRECTION('',(-1.,0.,0.));
#11260 = ORIENTED_EDGE('',*,*,#11261,.T.);
#11261 = EDGE_CURVE('',#11254,#11262,#11264,.T.);
#11262 = VERTEX_POINT('',#11263);
#11263 = CARTESIAN_POINT('',(-7.9883,-6.7437,-5.2578));
#11264 = LINE('',#11265,#11266);
#11265 = CARTESIAN_POINT('',(-7.9883,-6.7437,-5.7658));
#11266 = VECTOR('',#11267,1.);
#11267 = DIRECTION('',(0.,0.,1.));
#11268 = ORIENTED_EDGE('',*,*,#11269,.T.);
#11269 = EDGE_CURVE('',#11262,#11270,#11272,.T.);
#11270 = VERTEX_POINT('',#11271);
#11271 = CARTESIAN_POINT('',(-9.0043,-6.7437,-5.2578));
#11272 = LINE('',#11273,#11274);
#11273 = CARTESIAN_POINT('',(-7.9883,-6.7437,-5.2578));
#11274 = VECTOR('',#11275,1.);
#11275 = DIRECTION('',(-1.,0.,0.));
#11276 = ORIENTED_EDGE('',*,*,#11277,.F.);
#11277 = EDGE_CURVE('',#11278,#11270,#11280,.T.);
#11278 = VERTEX_POINT('',#11279);
#11279 = CARTESIAN_POINT('',(-9.0043,-6.7437,-4.1148));
#11280 = LINE('',#11281,#11282);
#11281 = CARTESIAN_POINT('',(-9.0043,-6.7437,-4.1148));
#11282 = VECTOR('',#11283,1.);
#11283 = DIRECTION('',(0.,0.,-1.));
#11284 = ORIENTED_EDGE('',*,*,#11285,.F.);
#11285 = EDGE_CURVE('',#11286,#11278,#11288,.T.);
#11286 = VERTEX_POINT('',#11287);
#11287 = CARTESIAN_POINT('',(-9.0043,-6.7437,-3.937));
#11288 = LINE('',#11289,#11290);
#11289 = CARTESIAN_POINT('',(-9.0043,-6.7437,-3.937));
#11290 = VECTOR('',#11291,1.);
#11291 = DIRECTION('',(0.,0.,-1.));
#11292 = ORIENTED_EDGE('',*,*,#11293,.T.);
#11293 = EDGE_CURVE('',#11286,#11294,#11296,.T.);
#11294 = VERTEX_POINT('',#11295);
#11295 = CARTESIAN_POINT('',(-8.3693,-6.7437,-3.937));
#11296 = LINE('',#11297,#11298);
#11297 = CARTESIAN_POINT('',(-9.0043,-6.7437,-3.937));
#11298 = VECTOR('',#11299,1.);
#11299 = DIRECTION('',(1.,0.,0.));
#11300 = ORIENTED_EDGE('',*,*,#11301,.F.);
#11301 = EDGE_CURVE('',#11302,#11294,#11304,.T.);
#11302 = VERTEX_POINT('',#11303);
#11303 = CARTESIAN_POINT('',(-8.3693,-6.7437,-2.5146));
#11304 = LINE('',#11305,#11306);
#11305 = CARTESIAN_POINT('',(-8.3693,-6.7437,-2.5146));
#11306 = VECTOR('',#11307,1.);
#11307 = DIRECTION('',(0.,0.,-1.));
#11308 = ORIENTED_EDGE('',*,*,#11309,.F.);
#11309 = EDGE_CURVE('',#11310,#11302,#11312,.T.);
#11310 = VERTEX_POINT('',#11311);
#11311 = CARTESIAN_POINT('',(-9.0043,-6.7437,-2.5146));
#11312 = LINE('',#11313,#11314);
#11313 = CARTESIAN_POINT('',(-9.0043,-6.7437,-2.5146));
#11314 = VECTOR('',#11315,1.);
#11315 = DIRECTION('',(1.,0.,0.));
#11316 = ORIENTED_EDGE('',*,*,#11317,.F.);
#11317 = EDGE_CURVE('',#11318,#11310,#11320,.T.);
#11318 = VERTEX_POINT('',#11319);
#11319 = CARTESIAN_POINT('',(-9.0043,-6.7437,0.508));
#11320 = LINE('',#11321,#11322);
#11321 = CARTESIAN_POINT('',(-9.0043,-6.7437,0.508));
#11322 = VECTOR('',#11323,1.);
#11323 = DIRECTION('',(0.,0.,-1.));
#11324 = ORIENTED_EDGE('',*,*,#11325,.T.);
#11325 = EDGE_CURVE('',#11318,#11326,#11328,.T.);
#11326 = VERTEX_POINT('',#11327);
#11327 = CARTESIAN_POINT('',(-8.3693,-6.7437,0.508));
#11328 = LINE('',#11329,#11330);
#11329 = CARTESIAN_POINT('',(-9.0043,-6.7437,0.508));
#11330 = VECTOR('',#11331,1.);
#11331 = DIRECTION('',(1.,0.,0.));
#11332 = ORIENTED_EDGE('',*,*,#11333,.F.);
#11333 = EDGE_CURVE('',#11334,#11326,#11336,.T.);
#11334 = VERTEX_POINT('',#11335);
#11335 = CARTESIAN_POINT('',(-8.3693,-6.7437,1.9304));
#11336 = LINE('',#11337,#11338);
#11337 = CARTESIAN_POINT('',(-8.3693,-6.7437,1.9304));
#11338 = VECTOR('',#11339,1.);
#11339 = DIRECTION('',(0.,0.,-1.));
#11340 = ORIENTED_EDGE('',*,*,#11341,.F.);
#11341 = EDGE_CURVE('',#11342,#11334,#11344,.T.);
#11342 = VERTEX_POINT('',#11343);
#11343 = CARTESIAN_POINT('',(-9.0043,-6.7437,1.9304));
#11344 = LINE('',#11345,#11346);
#11345 = CARTESIAN_POINT('',(-9.0043,-6.7437,1.9304));
#11346 = VECTOR('',#11347,1.);
#11347 = DIRECTION('',(1.,0.,0.));
#11348 = ORIENTED_EDGE('',*,*,#11349,.F.);
#11349 = EDGE_CURVE('',#11350,#11342,#11352,.T.);
#11350 = VERTEX_POINT('',#11351);
#11351 = CARTESIAN_POINT('',(-9.0043,-6.7437,4.7498));
#11352 = LINE('',#11353,#11354);
#11353 = CARTESIAN_POINT('',(-9.0043,-6.7437,4.7498));
#11354 = VECTOR('',#11355,1.);
#11355 = DIRECTION('',(0.,0.,-1.));
#11356 = ORIENTED_EDGE('',*,*,#11357,.F.);
#11357 = EDGE_CURVE('',#11358,#11350,#11360,.T.);
#11358 = VERTEX_POINT('',#11359);
#11359 = CARTESIAN_POINT('',(-9.0043,-6.7437,5.2578));
#11360 = LINE('',#11361,#11362);
#11361 = CARTESIAN_POINT('',(-9.0043,-6.7437,5.2578));
#11362 = VECTOR('',#11363,1.);
#11363 = DIRECTION('',(0.,0.,-1.));
#11364 = ORIENTED_EDGE('',*,*,#11365,.F.);
#11365 = EDGE_CURVE('',#11366,#11358,#11368,.T.);
#11366 = VERTEX_POINT('',#11367);
#11367 = CARTESIAN_POINT('',(-7.9883,-6.7437,5.2578));
#11368 = LINE('',#11369,#11370);
#11369 = CARTESIAN_POINT('',(-7.9883,-6.7437,5.2578));
#11370 = VECTOR('',#11371,1.);
#11371 = DIRECTION('',(-1.,0.,0.));
#11372 = ORIENTED_EDGE('',*,*,#11373,.F.);
#11373 = EDGE_CURVE('',#11374,#11366,#11376,.T.);
#11374 = VERTEX_POINT('',#11375);
#11375 = CARTESIAN_POINT('',(-7.9883,-6.7437,5.7658));
#11376 = LINE('',#11377,#11378);
#11377 = CARTESIAN_POINT('',(-7.9883,-6.7437,5.7658));
#11378 = VECTOR('',#11379,1.);
#11379 = DIRECTION('',(0.,0.,-1.));
#11380 = ORIENTED_EDGE('',*,*,#11381,.F.);
#11381 = EDGE_CURVE('',#11382,#11374,#11384,.T.);
#11382 = VERTEX_POINT('',#11383);
#11383 = CARTESIAN_POINT('',(-7.493,-6.7437,5.7658));
#11384 = LINE('',#11385,#11386);
#11385 = CARTESIAN_POINT('',(-7.493,-6.7437,5.7658));
#11386 = VECTOR('',#11387,1.);
#11387 = DIRECTION('',(-1.,0.,0.));
#11388 = ORIENTED_EDGE('',*,*,#11389,.T.);
#11389 = EDGE_CURVE('',#11382,#11390,#11392,.T.);
#11390 = VERTEX_POINT('',#11391);
#11391 = CARTESIAN_POINT('',(-7.493,-6.7437,4.4958));
#11392 = LINE('',#11393,#11394);
#11393 = CARTESIAN_POINT('',(-7.493,-6.7437,5.7658));
#11394 = VECTOR('',#11395,1.);
#11395 = DIRECTION('',(0.,0.,-1.));
#11396 = ORIENTED_EDGE('',*,*,#11397,.T.);
#11397 = EDGE_CURVE('',#11390,#11398,#11400,.T.);
#11398 = VERTEX_POINT('',#11399);
#11399 = CARTESIAN_POINT('',(-4.253758568737,-6.7437,4.4958));
#11400 = LINE('',#11401,#11402);
#11401 = CARTESIAN_POINT('',(-7.493,-6.7437,4.4958));
#11402 = VECTOR('',#11403,1.);
#11403 = DIRECTION('',(1.,0.,0.));
#11404 = ORIENTED_EDGE('',*,*,#11405,.T.);
#11405 = EDGE_CURVE('',#11398,#11406,#11408,.T.);
#11406 = VERTEX_POINT('',#11407);
#11407 = CARTESIAN_POINT('',(-3.213841431263,-6.7437,4.4958));
#11408 = LINE('',#11409,#11410);
#11409 = CARTESIAN_POINT('',(-4.253758568737,-6.7437,4.4958));
#11410 = VECTOR('',#11411,1.);
#11411 = DIRECTION('',(1.,0.,0.));
#11412 = ORIENTED_EDGE('',*,*,#11413,.T.);
#11413 = EDGE_CURVE('',#11406,#11414,#11416,.T.);
#11414 = VERTEX_POINT('',#11415);
#11415 = CARTESIAN_POINT('',(3.239241431263,-6.7437,4.4958));
#11416 = LINE('',#11417,#11418);
#11417 = CARTESIAN_POINT('',(-3.213841431263,-6.7437,4.4958));
#11418 = VECTOR('',#11419,1.);
#11419 = DIRECTION('',(1.,0.,0.));
#11420 = ORIENTED_EDGE('',*,*,#11421,.T.);
#11421 = EDGE_CURVE('',#11414,#11422,#11424,.T.);
#11422 = VERTEX_POINT('',#11423);
#11423 = CARTESIAN_POINT('',(4.279158568737,-6.7437,4.4958));
#11424 = LINE('',#11425,#11426);
#11425 = CARTESIAN_POINT('',(3.239241431263,-6.7437,4.4958));
#11426 = VECTOR('',#11427,1.);
#11427 = DIRECTION('',(1.,0.,0.));
#11428 = ORIENTED_EDGE('',*,*,#11429,.T.);
#11429 = EDGE_CURVE('',#11422,#11430,#11432,.T.);
#11430 = VERTEX_POINT('',#11431);
#11431 = CARTESIAN_POINT('',(7.493,-6.7437,4.4958));
#11432 = LINE('',#11433,#11434);
#11433 = CARTESIAN_POINT('',(4.279158568737,-6.7437,4.4958));
#11434 = VECTOR('',#11435,1.);
#11435 = DIRECTION('',(1.,0.,0.));
#11436 = ORIENTED_EDGE('',*,*,#11437,.F.);
#11437 = EDGE_CURVE('',#11438,#11430,#11440,.T.);
#11438 = VERTEX_POINT('',#11439);
#11439 = CARTESIAN_POINT('',(7.493,-6.7437,5.7658));
#11440 = LINE('',#11441,#11442);
#11441 = CARTESIAN_POINT('',(7.493,-6.7437,5.7658));
#11442 = VECTOR('',#11443,1.);
#11443 = DIRECTION('',(0.,0.,-1.));
#11444 = ORIENTED_EDGE('',*,*,#11445,.F.);
#11445 = EDGE_CURVE('',#11446,#11438,#11448,.T.);
#11446 = VERTEX_POINT('',#11447);
#11447 = CARTESIAN_POINT('',(7.9883,-6.7437,5.7658));
#11448 = LINE('',#11449,#11450);
#11449 = CARTESIAN_POINT('',(7.9883,-6.7437,5.7658));
#11450 = VECTOR('',#11451,1.);
#11451 = DIRECTION('',(-1.,0.,0.));
#11452 = ORIENTED_EDGE('',*,*,#11453,.T.);
#11453 = EDGE_CURVE('',#11446,#11454,#11456,.T.);
#11454 = VERTEX_POINT('',#11455);
#11455 = CARTESIAN_POINT('',(7.9883,-6.7437,5.2578));
#11456 = LINE('',#11457,#11458);
#11457 = CARTESIAN_POINT('',(7.9883,-6.7437,5.7658));
#11458 = VECTOR('',#11459,1.);
#11459 = DIRECTION('',(0.,0.,-1.));
#11460 = ORIENTED_EDGE('',*,*,#11461,.F.);
#11461 = EDGE_CURVE('',#11151,#11454,#11462,.T.);
#11462 = LINE('',#11463,#11464);
#11463 = CARTESIAN_POINT('',(9.0043,-6.7437,5.2578));
#11464 = VECTOR('',#11465,1.);
#11465 = DIRECTION('',(-1.,0.,0.));
#11466 = ORIENTED_EDGE('',*,*,#11150,.T.);
#11467 = ORIENTED_EDGE('',*,*,#11468,.T.);
#11468 = EDGE_CURVE('',#11153,#11469,#11471,.T.);
#11469 = VERTEX_POINT('',#11470);
#11470 = CARTESIAN_POINT('',(9.0043,-6.7437,1.9304));
#11471 = LINE('',#11472,#11473);
#11472 = CARTESIAN_POINT('',(9.0043,-6.7437,4.7498));
#11473 = VECTOR('',#11474,1.);
#11474 = DIRECTION('',(0.,0.,-1.));
#11475 = ORIENTED_EDGE('',*,*,#11476,.T.);
#11476 = EDGE_CURVE('',#11469,#11477,#11479,.T.);
#11477 = VERTEX_POINT('',#11478);
#11478 = CARTESIAN_POINT('',(8.3693,-6.7437,1.9304));
#11479 = LINE('',#11480,#11481);
#11480 = CARTESIAN_POINT('',(9.0043,-6.7437,1.9304));
#11481 = VECTOR('',#11482,1.);
#11482 = DIRECTION('',(-1.,0.,0.));
#11483 = ORIENTED_EDGE('',*,*,#11484,.T.);
#11484 = EDGE_CURVE('',#11477,#11485,#11487,.T.);
#11485 = VERTEX_POINT('',#11486);
#11486 = CARTESIAN_POINT('',(8.3693,-6.7437,0.508));
#11487 = LINE('',#11488,#11489);
#11488 = CARTESIAN_POINT('',(8.3693,-6.7437,1.9304));
#11489 = VECTOR('',#11490,1.);
#11490 = DIRECTION('',(0.,0.,-1.));
#11491 = ORIENTED_EDGE('',*,*,#11492,.F.);
#11492 = EDGE_CURVE('',#11493,#11485,#11495,.T.);
#11493 = VERTEX_POINT('',#11494);
#11494 = CARTESIAN_POINT('',(9.0043,-6.7437,0.508));
#11495 = LINE('',#11496,#11497);
#11496 = CARTESIAN_POINT('',(9.0043,-6.7437,0.508));
#11497 = VECTOR('',#11498,1.);
#11498 = DIRECTION('',(-1.,0.,0.));
#11499 = ORIENTED_EDGE('',*,*,#11500,.T.);
#11500 = EDGE_CURVE('',#11493,#11501,#11503,.T.);
#11501 = VERTEX_POINT('',#11502);
#11502 = CARTESIAN_POINT('',(9.0043,-6.7437,-2.5146));
#11503 = LINE('',#11504,#11505);
#11504 = CARTESIAN_POINT('',(9.0043,-6.7437,0.508));
#11505 = VECTOR('',#11506,1.);
#11506 = DIRECTION('',(0.,0.,-1.));
#11507 = ORIENTED_EDGE('',*,*,#11508,.T.);
#11508 = EDGE_CURVE('',#11501,#11509,#11511,.T.);
#11509 = VERTEX_POINT('',#11510);
#11510 = CARTESIAN_POINT('',(8.3693,-6.7437,-2.5146));
#11511 = LINE('',#11512,#11513);
#11512 = CARTESIAN_POINT('',(9.0043,-6.7437,-2.5146));
#11513 = VECTOR('',#11514,1.);
#11514 = DIRECTION('',(-1.,0.,0.));
#11515 = ORIENTED_EDGE('',*,*,#11516,.T.);
#11516 = EDGE_CURVE('',#11509,#11517,#11519,.T.);
#11517 = VERTEX_POINT('',#11518);
#11518 = CARTESIAN_POINT('',(8.3693,-6.7437,-3.937));
#11519 = LINE('',#11520,#11521);
#11520 = CARTESIAN_POINT('',(8.3693,-6.7437,-2.5146));
#11521 = VECTOR('',#11522,1.);
#11522 = DIRECTION('',(0.,0.,-1.));
#11523 = ORIENTED_EDGE('',*,*,#11524,.F.);
#11524 = EDGE_CURVE('',#11525,#11517,#11527,.T.);
#11525 = VERTEX_POINT('',#11526);
#11526 = CARTESIAN_POINT('',(9.0043,-6.7437,-3.937));
#11527 = LINE('',#11528,#11529);
#11528 = CARTESIAN_POINT('',(9.0043,-6.7437,-3.937));
#11529 = VECTOR('',#11530,1.);
#11530 = DIRECTION('',(-1.,0.,0.));
#11531 = ORIENTED_EDGE('',*,*,#11532,.T.);
#11532 = EDGE_CURVE('',#11525,#11113,#11533,.T.);
#11533 = LINE('',#11534,#11535);
#11534 = CARTESIAN_POINT('',(9.0043,-6.7437,-3.937));
#11535 = VECTOR('',#11536,1.);
#11536 = DIRECTION('',(0.,0.,-1.));
#11537 = ORIENTED_EDGE('',*,*,#11221,.T.);
#11538 = FACE_BOUND('',#11539,.F.);
#11539 = EDGE_LOOP('',(#11540,#11550,#11558,#11566));
#11540 = ORIENTED_EDGE('',*,*,#11541,.T.);
#11541 = EDGE_CURVE('',#11542,#11544,#11546,.T.);
#11542 = VERTEX_POINT('',#11543);
#11543 = CARTESIAN_POINT('',(3.2512,-6.7437,1.5494));
#11544 = VERTEX_POINT('',#11545);
#11545 = CARTESIAN_POINT('',(3.2512,-6.7437,-2.6416));
#11546 = LINE('',#11547,#11548);
#11547 = CARTESIAN_POINT('',(3.2512,-6.7437,1.5494));
#11548 = VECTOR('',#11549,1.);
#11549 = DIRECTION('',(0.,0.,-1.));
#11550 = ORIENTED_EDGE('',*,*,#11551,.T.);
#11551 = EDGE_CURVE('',#11544,#11552,#11554,.T.);
#11552 = VERTEX_POINT('',#11553);
#11553 = CARTESIAN_POINT('',(4.2672,-6.7437,-2.6416));
#11554 = LINE('',#11555,#11556);
#11555 = CARTESIAN_POINT('',(3.2512,-6.7437,-2.6416));
#11556 = VECTOR('',#11557,1.);
#11557 = DIRECTION('',(1.,0.,0.));
#11558 = ORIENTED_EDGE('',*,*,#11559,.F.);
#11559 = EDGE_CURVE('',#11560,#11552,#11562,.T.);
#11560 = VERTEX_POINT('',#11561);
#11561 = CARTESIAN_POINT('',(4.2672,-6.7437,1.5494));
#11562 = LINE('',#11563,#11564);
#11563 = CARTESIAN_POINT('',(4.2672,-6.7437,1.5494));
#11564 = VECTOR('',#11565,1.);
#11565 = DIRECTION('',(0.,0.,-1.));
#11566 = ORIENTED_EDGE('',*,*,#11567,.F.);
#11567 = EDGE_CURVE('',#11542,#11560,#11568,.T.);
#11568 = LINE('',#11569,#11570);
#11569 = CARTESIAN_POINT('',(3.2512,-6.7437,1.5494));
#11570 = VECTOR('',#11571,1.);
#11571 = DIRECTION('',(1.,0.,0.));
#11572 = FACE_BOUND('',#11573,.F.);
#11573 = EDGE_LOOP('',(#11574,#11584,#11592,#11600));
#11574 = ORIENTED_EDGE('',*,*,#11575,.T.);
#11575 = EDGE_CURVE('',#11576,#11578,#11580,.T.);
#11576 = VERTEX_POINT('',#11577);
#11577 = CARTESIAN_POINT('',(-4.2418,-6.7437,1.5494));
#11578 = VERTEX_POINT('',#11579);
#11579 = CARTESIAN_POINT('',(-4.2418,-6.7437,-2.6416));
#11580 = LINE('',#11581,#11582);
#11581 = CARTESIAN_POINT('',(-4.2418,-6.7437,1.5494));
#11582 = VECTOR('',#11583,1.);
#11583 = DIRECTION('',(0.,0.,-1.));
#11584 = ORIENTED_EDGE('',*,*,#11585,.T.);
#11585 = EDGE_CURVE('',#11578,#11586,#11588,.T.);
#11586 = VERTEX_POINT('',#11587);
#11587 = CARTESIAN_POINT('',(-3.2258,-6.7437,-2.6416));
#11588 = LINE('',#11589,#11590);
#11589 = CARTESIAN_POINT('',(-4.2418,-6.7437,-2.6416));
#11590 = VECTOR('',#11591,1.);
#11591 = DIRECTION('',(1.,0.,0.));
#11592 = ORIENTED_EDGE('',*,*,#11593,.F.);
#11593 = EDGE_CURVE('',#11594,#11586,#11596,.T.);
#11594 = VERTEX_POINT('',#11595);
#11595 = CARTESIAN_POINT('',(-3.2258,-6.7437,1.5494));
#11596 = LINE('',#11597,#11598);
#11597 = CARTESIAN_POINT('',(-3.2258,-6.7437,1.5494));
#11598 = VECTOR('',#11599,1.);
#11599 = DIRECTION('',(0.,0.,-1.));
#11600 = ORIENTED_EDGE('',*,*,#11601,.F.);
#11601 = EDGE_CURVE('',#11576,#11594,#11602,.T.);
#11602 = LINE('',#11603,#11604);
#11603 = CARTESIAN_POINT('',(-4.2418,-6.7437,1.5494));
#11604 = VECTOR('',#11605,1.);
#11605 = DIRECTION('',(1.,0.,0.));
#11606 = PLANE('',#11607);
#11607 = AXIS2_PLACEMENT_3D('',#11608,#11609,#11610);
#11608 = CARTESIAN_POINT('',(9.0043,-6.7437,5.7658));
#11609 = DIRECTION('',(0.,1.,0.));
#11610 = DIRECTION('',(-1.,0.,0.));
#11611 = ADVANCED_FACE('',(#11612),#11701,.F.);
#11612 = FACE_BOUND('',#11613,.F.);
#11613 = EDGE_LOOP('',(#11614,#11615,#11623,#11631,#11639,#11647,#11655,
    #11663,#11671,#11679,#11687,#11695));
#11614 = ORIENTED_EDGE('',*,*,#11575,.F.);
#11615 = ORIENTED_EDGE('',*,*,#11616,.T.);
#11616 = EDGE_CURVE('',#11576,#11617,#11619,.T.);
#11617 = VERTEX_POINT('',#11618);
#11618 = CARTESIAN_POINT('',(-4.2418,-10.6807,1.5494));
#11619 = LINE('',#11620,#11621);
#11620 = CARTESIAN_POINT('',(-4.2418,-6.7437,1.5494));
#11621 = VECTOR('',#11622,1.);
#11622 = DIRECTION('',(0.,-1.,0.));
#11623 = ORIENTED_EDGE('',*,*,#11624,.T.);
#11624 = EDGE_CURVE('',#11617,#11625,#11627,.T.);
#11625 = VERTEX_POINT('',#11626);
#11626 = CARTESIAN_POINT('',(-4.2418,-11.1887,1.3589));
#11627 = LINE('',#11628,#11629);
#11628 = CARTESIAN_POINT('',(-4.2418,-10.6807,1.5494));
#11629 = VECTOR('',#11630,1.);
#11630 = DIRECTION('',(0.,-0.936329177569,-0.351123441588));
#11631 = ORIENTED_EDGE('',*,*,#11632,.T.);
#11632 = EDGE_CURVE('',#11625,#11633,#11635,.T.);
#11633 = VERTEX_POINT('',#11634);
#11634 = CARTESIAN_POINT('',(-4.2418,-11.1887,0.7239));
#11635 = LINE('',#11636,#11637);
#11636 = CARTESIAN_POINT('',(-4.2418,-11.1887,1.3589));
#11637 = VECTOR('',#11638,1.);
#11638 = DIRECTION('',(0.,0.,-1.));
#11639 = ORIENTED_EDGE('',*,*,#11640,.T.);
#11640 = EDGE_CURVE('',#11633,#11641,#11643,.T.);
#11641 = VERTEX_POINT('',#11642);
#11642 = CARTESIAN_POINT('',(-4.2418,-10.6807,0.5334));
#11643 = LINE('',#11644,#11645);
#11644 = CARTESIAN_POINT('',(-4.2418,-11.1887,0.7239));
#11645 = VECTOR('',#11646,1.);
#11646 = DIRECTION('',(0.,0.936329177569,-0.351123441588));
#11647 = ORIENTED_EDGE('',*,*,#11648,.T.);
#11648 = EDGE_CURVE('',#11641,#11649,#11651,.T.);
#11649 = VERTEX_POINT('',#11650);
#11650 = CARTESIAN_POINT('',(-4.2418,-7.3787,0.5334));
#11651 = LINE('',#11652,#11653);
#11652 = CARTESIAN_POINT('',(-4.2418,-10.6807,0.5334));
#11653 = VECTOR('',#11654,1.);
#11654 = DIRECTION('',(0.,1.,0.));
#11655 = ORIENTED_EDGE('',*,*,#11656,.T.);
#11656 = EDGE_CURVE('',#11649,#11657,#11659,.T.);
#11657 = VERTEX_POINT('',#11658);
#11658 = CARTESIAN_POINT('',(-4.2418,-7.3787,-1.6256));
#11659 = LINE('',#11660,#11661);
#11660 = CARTESIAN_POINT('',(-4.2418,-7.3787,0.5334));
#11661 = VECTOR('',#11662,1.);
#11662 = DIRECTION('',(0.,0.,-1.));
#11663 = ORIENTED_EDGE('',*,*,#11664,.T.);
#11664 = EDGE_CURVE('',#11657,#11665,#11667,.T.);
#11665 = VERTEX_POINT('',#11666);
#11666 = CARTESIAN_POINT('',(-4.2418,-10.6807,-1.6256));
#11667 = LINE('',#11668,#11669);
#11668 = CARTESIAN_POINT('',(-4.2418,-7.3787,-1.6256));
#11669 = VECTOR('',#11670,1.);
#11670 = DIRECTION('',(0.,-1.,0.));
#11671 = ORIENTED_EDGE('',*,*,#11672,.T.);
#11672 = EDGE_CURVE('',#11665,#11673,#11675,.T.);
#11673 = VERTEX_POINT('',#11674);
#11674 = CARTESIAN_POINT('',(-4.2418,-11.1887,-1.8161));
#11675 = LINE('',#11676,#11677);
#11676 = CARTESIAN_POINT('',(-4.2418,-10.6807,-1.6256));
#11677 = VECTOR('',#11678,1.);
#11678 = DIRECTION('',(0.,-0.936329177569,-0.351123441588));
#11679 = ORIENTED_EDGE('',*,*,#11680,.T.);
#11680 = EDGE_CURVE('',#11673,#11681,#11683,.T.);
#11681 = VERTEX_POINT('',#11682);
#11682 = CARTESIAN_POINT('',(-4.2418,-11.1887,-2.4511));
#11683 = LINE('',#11684,#11685);
#11684 = CARTESIAN_POINT('',(-4.2418,-11.1887,-1.8161));
#11685 = VECTOR('',#11686,1.);
#11686 = DIRECTION('',(0.,0.,-1.));
#11687 = ORIENTED_EDGE('',*,*,#11688,.T.);
#11688 = EDGE_CURVE('',#11681,#11689,#11691,.T.);
#11689 = VERTEX_POINT('',#11690);
#11690 = CARTESIAN_POINT('',(-4.2418,-10.6807,-2.6416));
#11691 = LINE('',#11692,#11693);
#11692 = CARTESIAN_POINT('',(-4.2418,-11.1887,-2.4511));
#11693 = VECTOR('',#11694,1.);
#11694 = DIRECTION('',(0.,0.936329177569,-0.351123441588));
#11695 = ORIENTED_EDGE('',*,*,#11696,.T.);
#11696 = EDGE_CURVE('',#11689,#11578,#11697,.T.);
#11697 = LINE('',#11698,#11699);
#11698 = CARTESIAN_POINT('',(-4.2418,-10.6807,-2.6416));
#11699 = VECTOR('',#11700,1.);
#11700 = DIRECTION('',(0.,1.,0.));
#11701 = PLANE('',#11702);
#11702 = AXIS2_PLACEMENT_3D('',#11703,#11704,#11705);
#11703 = CARTESIAN_POINT('',(-4.2418,-7.3787,5.7658));
#11704 = DIRECTION('',(1.,0.,0.));
#11705 = DIRECTION('',(0.,0.,-1.));
#11706 = ADVANCED_FACE('',(#11707),#11725,.T.);
#11707 = FACE_BOUND('',#11708,.F.);
#11708 = EDGE_LOOP('',(#11709,#11710,#11718,#11724));
#11709 = ORIENTED_EDGE('',*,*,#11601,.T.);
#11710 = ORIENTED_EDGE('',*,*,#11711,.T.);
#11711 = EDGE_CURVE('',#11594,#11712,#11714,.T.);
#11712 = VERTEX_POINT('',#11713);
#11713 = CARTESIAN_POINT('',(-3.2258,-10.6807,1.5494));
#11714 = LINE('',#11715,#11716);
#11715 = CARTESIAN_POINT('',(-3.2258,-6.7437,1.5494));
#11716 = VECTOR('',#11717,1.);
#11717 = DIRECTION('',(0.,-1.,0.));
#11718 = ORIENTED_EDGE('',*,*,#11719,.F.);
#11719 = EDGE_CURVE('',#11617,#11712,#11720,.T.);
#11720 = LINE('',#11721,#11722);
#11721 = CARTESIAN_POINT('',(-4.2418,-10.6807,1.5494));
#11722 = VECTOR('',#11723,1.);
#11723 = DIRECTION('',(1.,0.,0.));
#11724 = ORIENTED_EDGE('',*,*,#11616,.F.);
#11725 = PLANE('',#11726);
#11726 = AXIS2_PLACEMENT_3D('',#11727,#11728,#11729);
#11727 = CARTESIAN_POINT('',(-4.2418,-6.7437,1.5494));
#11728 = DIRECTION('',(0.,0.,1.));
#11729 = DIRECTION('',(0.,-1.,0.));
#11730 = ADVANCED_FACE('',(#11731),#11813,.T.);
#11731 = FACE_BOUND('',#11732,.F.);
#11732 = EDGE_LOOP('',(#11733,#11734,#11742,#11750,#11758,#11766,#11774,
    #11782,#11790,#11798,#11806,#11812));
#11733 = ORIENTED_EDGE('',*,*,#11593,.T.);
#11734 = ORIENTED_EDGE('',*,*,#11735,.F.);
#11735 = EDGE_CURVE('',#11736,#11586,#11738,.T.);
#11736 = VERTEX_POINT('',#11737);
#11737 = CARTESIAN_POINT('',(-3.2258,-10.6807,-2.6416));
#11738 = LINE('',#11739,#11740);
#11739 = CARTESIAN_POINT('',(-3.2258,-10.6807,-2.6416));
#11740 = VECTOR('',#11741,1.);
#11741 = DIRECTION('',(0.,1.,0.));
#11742 = ORIENTED_EDGE('',*,*,#11743,.F.);
#11743 = EDGE_CURVE('',#11744,#11736,#11746,.T.);
#11744 = VERTEX_POINT('',#11745);
#11745 = CARTESIAN_POINT('',(-3.2258,-11.1887,-2.4511));
#11746 = LINE('',#11747,#11748);
#11747 = CARTESIAN_POINT('',(-3.2258,-11.1887,-2.4511));
#11748 = VECTOR('',#11749,1.);
#11749 = DIRECTION('',(0.,0.936329177569,-0.351123441588));
#11750 = ORIENTED_EDGE('',*,*,#11751,.F.);
#11751 = EDGE_CURVE('',#11752,#11744,#11754,.T.);
#11752 = VERTEX_POINT('',#11753);
#11753 = CARTESIAN_POINT('',(-3.2258,-11.1887,-1.8161));
#11754 = LINE('',#11755,#11756);
#11755 = CARTESIAN_POINT('',(-3.2258,-11.1887,-1.8161));
#11756 = VECTOR('',#11757,1.);
#11757 = DIRECTION('',(0.,0.,-1.));
#11758 = ORIENTED_EDGE('',*,*,#11759,.F.);
#11759 = EDGE_CURVE('',#11760,#11752,#11762,.T.);
#11760 = VERTEX_POINT('',#11761);
#11761 = CARTESIAN_POINT('',(-3.2258,-10.6807,-1.6256));
#11762 = LINE('',#11763,#11764);
#11763 = CARTESIAN_POINT('',(-3.2258,-10.6807,-1.6256));
#11764 = VECTOR('',#11765,1.);
#11765 = DIRECTION('',(0.,-0.936329177569,-0.351123441588));
#11766 = ORIENTED_EDGE('',*,*,#11767,.F.);
#11767 = EDGE_CURVE('',#11768,#11760,#11770,.T.);
#11768 = VERTEX_POINT('',#11769);
#11769 = CARTESIAN_POINT('',(-3.2258,-7.3787,-1.6256));
#11770 = LINE('',#11771,#11772);
#11771 = CARTESIAN_POINT('',(-3.2258,-7.3787,-1.6256));
#11772 = VECTOR('',#11773,1.);
#11773 = DIRECTION('',(0.,-1.,0.));
#11774 = ORIENTED_EDGE('',*,*,#11775,.F.);
#11775 = EDGE_CURVE('',#11776,#11768,#11778,.T.);
#11776 = VERTEX_POINT('',#11777);
#11777 = CARTESIAN_POINT('',(-3.2258,-7.3787,0.5334));
#11778 = LINE('',#11779,#11780);
#11779 = CARTESIAN_POINT('',(-3.2258,-7.3787,0.5334));
#11780 = VECTOR('',#11781,1.);
#11781 = DIRECTION('',(0.,0.,-1.));
#11782 = ORIENTED_EDGE('',*,*,#11783,.F.);
#11783 = EDGE_CURVE('',#11784,#11776,#11786,.T.);
#11784 = VERTEX_POINT('',#11785);
#11785 = CARTESIAN_POINT('',(-3.2258,-10.6807,0.5334));
#11786 = LINE('',#11787,#11788);
#11787 = CARTESIAN_POINT('',(-3.2258,-10.6807,0.5334));
#11788 = VECTOR('',#11789,1.);
#11789 = DIRECTION('',(0.,1.,0.));
#11790 = ORIENTED_EDGE('',*,*,#11791,.F.);
#11791 = EDGE_CURVE('',#11792,#11784,#11794,.T.);
#11792 = VERTEX_POINT('',#11793);
#11793 = CARTESIAN_POINT('',(-3.2258,-11.1887,0.7239));
#11794 = LINE('',#11795,#11796);
#11795 = CARTESIAN_POINT('',(-3.2258,-11.1887,0.7239));
#11796 = VECTOR('',#11797,1.);
#11797 = DIRECTION('',(0.,0.936329177569,-0.351123441588));
#11798 = ORIENTED_EDGE('',*,*,#11799,.F.);
#11799 = EDGE_CURVE('',#11800,#11792,#11802,.T.);
#11800 = VERTEX_POINT('',#11801);
#11801 = CARTESIAN_POINT('',(-3.2258,-11.1887,1.3589));
#11802 = LINE('',#11803,#11804);
#11803 = CARTESIAN_POINT('',(-3.2258,-11.1887,1.3589));
#11804 = VECTOR('',#11805,1.);
#11805 = DIRECTION('',(0.,0.,-1.));
#11806 = ORIENTED_EDGE('',*,*,#11807,.F.);
#11807 = EDGE_CURVE('',#11712,#11800,#11808,.T.);
#11808 = LINE('',#11809,#11810);
#11809 = CARTESIAN_POINT('',(-3.2258,-10.6807,1.5494));
#11810 = VECTOR('',#11811,1.);
#11811 = DIRECTION('',(0.,-0.936329177569,-0.351123441588));
#11812 = ORIENTED_EDGE('',*,*,#11711,.F.);
#11813 = PLANE('',#11814);
#11814 = AXIS2_PLACEMENT_3D('',#11815,#11816,#11817);
#11815 = CARTESIAN_POINT('',(-3.2258,-7.3787,5.7658));
#11816 = DIRECTION('',(1.,0.,0.));
#11817 = DIRECTION('',(0.,0.,-1.));
#11818 = ADVANCED_FACE('',(#11819),#11830,.T.);
#11819 = FACE_BOUND('',#11820,.F.);
#11820 = EDGE_LOOP('',(#11821,#11822,#11823,#11829));
#11821 = ORIENTED_EDGE('',*,*,#11585,.F.);
#11822 = ORIENTED_EDGE('',*,*,#11696,.F.);
#11823 = ORIENTED_EDGE('',*,*,#11824,.T.);
#11824 = EDGE_CURVE('',#11689,#11736,#11825,.T.);
#11825 = LINE('',#11826,#11827);
#11826 = CARTESIAN_POINT('',(-4.2418,-10.6807,-2.6416));
#11827 = VECTOR('',#11828,1.);
#11828 = DIRECTION('',(1.,0.,0.));
#11829 = ORIENTED_EDGE('',*,*,#11735,.T.);
#11830 = PLANE('',#11831);
#11831 = AXIS2_PLACEMENT_3D('',#11832,#11833,#11834);
#11832 = CARTESIAN_POINT('',(-4.2418,-10.6807,-2.6416));
#11833 = DIRECTION('',(0.,0.,-1.));
#11834 = DIRECTION('',(0.,1.,0.));
#11835 = ADVANCED_FACE('',(#11836),#11847,.T.);
#11836 = FACE_BOUND('',#11837,.F.);
#11837 = EDGE_LOOP('',(#11838,#11839,#11845,#11846));
#11838 = ORIENTED_EDGE('',*,*,#11688,.F.);
#11839 = ORIENTED_EDGE('',*,*,#11840,.T.);
#11840 = EDGE_CURVE('',#11681,#11744,#11841,.T.);
#11841 = LINE('',#11842,#11843);
#11842 = CARTESIAN_POINT('',(-4.2418,-11.1887,-2.4511));
#11843 = VECTOR('',#11844,1.);
#11844 = DIRECTION('',(1.,0.,0.));
#11845 = ORIENTED_EDGE('',*,*,#11743,.T.);
#11846 = ORIENTED_EDGE('',*,*,#11824,.F.);
#11847 = PLANE('',#11848);
#11848 = AXIS2_PLACEMENT_3D('',#11849,#11850,#11851);
#11849 = CARTESIAN_POINT('',(-4.2418,-11.1887,-2.4511));
#11850 = DIRECTION('',(0.,-0.351123441588,-0.936329177569));
#11851 = DIRECTION('',(0.,0.936329177569,-0.351123441588));
#11852 = ADVANCED_FACE('',(#11853),#11864,.T.);
#11853 = FACE_BOUND('',#11854,.F.);
#11854 = EDGE_LOOP('',(#11855,#11856,#11862,#11863));
#11855 = ORIENTED_EDGE('',*,*,#11680,.F.);
#11856 = ORIENTED_EDGE('',*,*,#11857,.T.);
#11857 = EDGE_CURVE('',#11673,#11752,#11858,.T.);
#11858 = LINE('',#11859,#11860);
#11859 = CARTESIAN_POINT('',(-4.2418,-11.1887,-1.8161));
#11860 = VECTOR('',#11861,1.);
#11861 = DIRECTION('',(1.,0.,0.));
#11862 = ORIENTED_EDGE('',*,*,#11751,.T.);
#11863 = ORIENTED_EDGE('',*,*,#11840,.F.);
#11864 = PLANE('',#11865);
#11865 = AXIS2_PLACEMENT_3D('',#11866,#11867,#11868);
#11866 = CARTESIAN_POINT('',(-4.2418,-11.1887,-1.8161));
#11867 = DIRECTION('',(0.,-1.,0.));
#11868 = DIRECTION('',(0.,0.,-1.));
#11869 = ADVANCED_FACE('',(#11870),#11881,.T.);
#11870 = FACE_BOUND('',#11871,.F.);
#11871 = EDGE_LOOP('',(#11872,#11873,#11879,#11880));
#11872 = ORIENTED_EDGE('',*,*,#11672,.F.);
#11873 = ORIENTED_EDGE('',*,*,#11874,.T.);
#11874 = EDGE_CURVE('',#11665,#11760,#11875,.T.);
#11875 = LINE('',#11876,#11877);
#11876 = CARTESIAN_POINT('',(-4.2418,-10.6807,-1.6256));
#11877 = VECTOR('',#11878,1.);
#11878 = DIRECTION('',(1.,0.,0.));
#11879 = ORIENTED_EDGE('',*,*,#11759,.T.);
#11880 = ORIENTED_EDGE('',*,*,#11857,.F.);
#11881 = PLANE('',#11882);
#11882 = AXIS2_PLACEMENT_3D('',#11883,#11884,#11885);
#11883 = CARTESIAN_POINT('',(-4.2418,-10.6807,-1.6256));
#11884 = DIRECTION('',(0.,-0.351123441588,0.936329177569));
#11885 = DIRECTION('',(0.,-0.936329177569,-0.351123441588));
#11886 = ADVANCED_FACE('',(#11887),#11898,.T.);
#11887 = FACE_BOUND('',#11888,.F.);
#11888 = EDGE_LOOP('',(#11889,#11890,#11896,#11897));
#11889 = ORIENTED_EDGE('',*,*,#11664,.F.);
#11890 = ORIENTED_EDGE('',*,*,#11891,.T.);
#11891 = EDGE_CURVE('',#11657,#11768,#11892,.T.);
#11892 = LINE('',#11893,#11894);
#11893 = CARTESIAN_POINT('',(-4.2418,-7.3787,-1.6256));
#11894 = VECTOR('',#11895,1.);
#11895 = DIRECTION('',(1.,0.,0.));
#11896 = ORIENTED_EDGE('',*,*,#11767,.T.);
#11897 = ORIENTED_EDGE('',*,*,#11874,.F.);
#11898 = PLANE('',#11899);
#11899 = AXIS2_PLACEMENT_3D('',#11900,#11901,#11902);
#11900 = CARTESIAN_POINT('',(-4.2418,-7.3787,-1.6256));
#11901 = DIRECTION('',(0.,0.,1.));
#11902 = DIRECTION('',(0.,-1.,0.));
#11903 = ADVANCED_FACE('',(#11904),#11915,.T.);
#11904 = FACE_BOUND('',#11905,.F.);
#11905 = EDGE_LOOP('',(#11906,#11907,#11913,#11914));
#11906 = ORIENTED_EDGE('',*,*,#11656,.F.);
#11907 = ORIENTED_EDGE('',*,*,#11908,.T.);
#11908 = EDGE_CURVE('',#11649,#11776,#11909,.T.);
#11909 = LINE('',#11910,#11911);
#11910 = CARTESIAN_POINT('',(-4.2418,-7.3787,0.5334));
#11911 = VECTOR('',#11912,1.);
#11912 = DIRECTION('',(1.,0.,0.));
#11913 = ORIENTED_EDGE('',*,*,#11775,.T.);
#11914 = ORIENTED_EDGE('',*,*,#11891,.F.);
#11915 = PLANE('',#11916);
#11916 = AXIS2_PLACEMENT_3D('',#11917,#11918,#11919);
#11917 = CARTESIAN_POINT('',(-4.2418,-7.3787,0.5334));
#11918 = DIRECTION('',(0.,-1.,0.));
#11919 = DIRECTION('',(0.,0.,-1.));
#11920 = ADVANCED_FACE('',(#11921),#11932,.T.);
#11921 = FACE_BOUND('',#11922,.F.);
#11922 = EDGE_LOOP('',(#11923,#11924,#11930,#11931));
#11923 = ORIENTED_EDGE('',*,*,#11648,.F.);
#11924 = ORIENTED_EDGE('',*,*,#11925,.T.);
#11925 = EDGE_CURVE('',#11641,#11784,#11926,.T.);
#11926 = LINE('',#11927,#11928);
#11927 = CARTESIAN_POINT('',(-4.2418,-10.6807,0.5334));
#11928 = VECTOR('',#11929,1.);
#11929 = DIRECTION('',(1.,0.,0.));
#11930 = ORIENTED_EDGE('',*,*,#11783,.T.);
#11931 = ORIENTED_EDGE('',*,*,#11908,.F.);
#11932 = PLANE('',#11933);
#11933 = AXIS2_PLACEMENT_3D('',#11934,#11935,#11936);
#11934 = CARTESIAN_POINT('',(-4.2418,-10.6807,0.5334));
#11935 = DIRECTION('',(0.,0.,-1.));
#11936 = DIRECTION('',(0.,1.,0.));
#11937 = ADVANCED_FACE('',(#11938),#11949,.T.);
#11938 = FACE_BOUND('',#11939,.F.);
#11939 = EDGE_LOOP('',(#11940,#11941,#11947,#11948));
#11940 = ORIENTED_EDGE('',*,*,#11640,.F.);
#11941 = ORIENTED_EDGE('',*,*,#11942,.T.);
#11942 = EDGE_CURVE('',#11633,#11792,#11943,.T.);
#11943 = LINE('',#11944,#11945);
#11944 = CARTESIAN_POINT('',(-4.2418,-11.1887,0.7239));
#11945 = VECTOR('',#11946,1.);
#11946 = DIRECTION('',(1.,0.,0.));
#11947 = ORIENTED_EDGE('',*,*,#11791,.T.);
#11948 = ORIENTED_EDGE('',*,*,#11925,.F.);
#11949 = PLANE('',#11950);
#11950 = AXIS2_PLACEMENT_3D('',#11951,#11952,#11953);
#11951 = CARTESIAN_POINT('',(-4.2418,-11.1887,0.7239));
#11952 = DIRECTION('',(0.,-0.351123441588,-0.936329177569));
#11953 = DIRECTION('',(0.,0.936329177569,-0.351123441588));
#11954 = ADVANCED_FACE('',(#11955),#11966,.T.);
#11955 = FACE_BOUND('',#11956,.F.);
#11956 = EDGE_LOOP('',(#11957,#11958,#11964,#11965));
#11957 = ORIENTED_EDGE('',*,*,#11632,.F.);
#11958 = ORIENTED_EDGE('',*,*,#11959,.T.);
#11959 = EDGE_CURVE('',#11625,#11800,#11960,.T.);
#11960 = LINE('',#11961,#11962);
#11961 = CARTESIAN_POINT('',(-4.2418,-11.1887,1.3589));
#11962 = VECTOR('',#11963,1.);
#11963 = DIRECTION('',(1.,0.,0.));
#11964 = ORIENTED_EDGE('',*,*,#11799,.T.);
#11965 = ORIENTED_EDGE('',*,*,#11942,.F.);
#11966 = PLANE('',#11967);
#11967 = AXIS2_PLACEMENT_3D('',#11968,#11969,#11970);
#11968 = CARTESIAN_POINT('',(-4.2418,-11.1887,1.3589));
#11969 = DIRECTION('',(0.,-1.,0.));
#11970 = DIRECTION('',(0.,0.,-1.));
#11971 = ADVANCED_FACE('',(#11972),#11978,.T.);
#11972 = FACE_BOUND('',#11973,.F.);
#11973 = EDGE_LOOP('',(#11974,#11975,#11976,#11977));
#11974 = ORIENTED_EDGE('',*,*,#11624,.F.);
#11975 = ORIENTED_EDGE('',*,*,#11719,.T.);
#11976 = ORIENTED_EDGE('',*,*,#11807,.T.);
#11977 = ORIENTED_EDGE('',*,*,#11959,.F.);
#11978 = PLANE('',#11979);
#11979 = AXIS2_PLACEMENT_3D('',#11980,#11981,#11982);
#11980 = CARTESIAN_POINT('',(-4.2418,-10.6807,1.5494));
#11981 = DIRECTION('',(0.,-0.351123441588,0.936329177569));
#11982 = DIRECTION('',(0.,-0.936329177569,-0.351123441588));
#11983 = ADVANCED_FACE('',(#11984),#12073,.F.);
#11984 = FACE_BOUND('',#11985,.F.);
#11985 = EDGE_LOOP('',(#11986,#11987,#11995,#12003,#12011,#12019,#12027,
    #12035,#12043,#12051,#12059,#12067));
#11986 = ORIENTED_EDGE('',*,*,#11541,.F.);
#11987 = ORIENTED_EDGE('',*,*,#11988,.T.);
#11988 = EDGE_CURVE('',#11542,#11989,#11991,.T.);
#11989 = VERTEX_POINT('',#11990);
#11990 = CARTESIAN_POINT('',(3.2512,-10.6807,1.5494));
#11991 = LINE('',#11992,#11993);
#11992 = CARTESIAN_POINT('',(3.2512,-6.7437,1.5494));
#11993 = VECTOR('',#11994,1.);
#11994 = DIRECTION('',(0.,-1.,0.));
#11995 = ORIENTED_EDGE('',*,*,#11996,.T.);
#11996 = EDGE_CURVE('',#11989,#11997,#11999,.T.);
#11997 = VERTEX_POINT('',#11998);
#11998 = CARTESIAN_POINT('',(3.2512,-11.1887,1.3589));
#11999 = LINE('',#12000,#12001);
#12000 = CARTESIAN_POINT('',(3.2512,-10.6807,1.5494));
#12001 = VECTOR('',#12002,1.);
#12002 = DIRECTION('',(0.,-0.936329177569,-0.351123441588));
#12003 = ORIENTED_EDGE('',*,*,#12004,.T.);
#12004 = EDGE_CURVE('',#11997,#12005,#12007,.T.);
#12005 = VERTEX_POINT('',#12006);
#12006 = CARTESIAN_POINT('',(3.2512,-11.1887,0.7239));
#12007 = LINE('',#12008,#12009);
#12008 = CARTESIAN_POINT('',(3.2512,-11.1887,1.3589));
#12009 = VECTOR('',#12010,1.);
#12010 = DIRECTION('',(0.,0.,-1.));
#12011 = ORIENTED_EDGE('',*,*,#12012,.T.);
#12012 = EDGE_CURVE('',#12005,#12013,#12015,.T.);
#12013 = VERTEX_POINT('',#12014);
#12014 = CARTESIAN_POINT('',(3.2512,-10.6807,0.5334));
#12015 = LINE('',#12016,#12017);
#12016 = CARTESIAN_POINT('',(3.2512,-11.1887,0.7239));
#12017 = VECTOR('',#12018,1.);
#12018 = DIRECTION('',(0.,0.936329177569,-0.351123441588));
#12019 = ORIENTED_EDGE('',*,*,#12020,.T.);
#12020 = EDGE_CURVE('',#12013,#12021,#12023,.T.);
#12021 = VERTEX_POINT('',#12022);
#12022 = CARTESIAN_POINT('',(3.2512,-7.3787,0.5334));
#12023 = LINE('',#12024,#12025);
#12024 = CARTESIAN_POINT('',(3.2512,-10.6807,0.5334));
#12025 = VECTOR('',#12026,1.);
#12026 = DIRECTION('',(0.,1.,0.));
#12027 = ORIENTED_EDGE('',*,*,#12028,.T.);
#12028 = EDGE_CURVE('',#12021,#12029,#12031,.T.);
#12029 = VERTEX_POINT('',#12030);
#12030 = CARTESIAN_POINT('',(3.2512,-7.3787,-1.6256));
#12031 = LINE('',#12032,#12033);
#12032 = CARTESIAN_POINT('',(3.2512,-7.3787,0.5334));
#12033 = VECTOR('',#12034,1.);
#12034 = DIRECTION('',(0.,0.,-1.));
#12035 = ORIENTED_EDGE('',*,*,#12036,.T.);
#12036 = EDGE_CURVE('',#12029,#12037,#12039,.T.);
#12037 = VERTEX_POINT('',#12038);
#12038 = CARTESIAN_POINT('',(3.2512,-10.6807,-1.6256));
#12039 = LINE('',#12040,#12041);
#12040 = CARTESIAN_POINT('',(3.2512,-7.3787,-1.6256));
#12041 = VECTOR('',#12042,1.);
#12042 = DIRECTION('',(0.,-1.,0.));
#12043 = ORIENTED_EDGE('',*,*,#12044,.T.);
#12044 = EDGE_CURVE('',#12037,#12045,#12047,.T.);
#12045 = VERTEX_POINT('',#12046);
#12046 = CARTESIAN_POINT('',(3.2512,-11.1887,-1.8161));
#12047 = LINE('',#12048,#12049);
#12048 = CARTESIAN_POINT('',(3.2512,-10.6807,-1.6256));
#12049 = VECTOR('',#12050,1.);
#12050 = DIRECTION('',(0.,-0.936329177569,-0.351123441588));
#12051 = ORIENTED_EDGE('',*,*,#12052,.T.);
#12052 = EDGE_CURVE('',#12045,#12053,#12055,.T.);
#12053 = VERTEX_POINT('',#12054);
#12054 = CARTESIAN_POINT('',(3.2512,-11.1887,-2.4511));
#12055 = LINE('',#12056,#12057);
#12056 = CARTESIAN_POINT('',(3.2512,-11.1887,-1.8161));
#12057 = VECTOR('',#12058,1.);
#12058 = DIRECTION('',(0.,0.,-1.));
#12059 = ORIENTED_EDGE('',*,*,#12060,.T.);
#12060 = EDGE_CURVE('',#12053,#12061,#12063,.T.);
#12061 = VERTEX_POINT('',#12062);
#12062 = CARTESIAN_POINT('',(3.2512,-10.6807,-2.6416));
#12063 = LINE('',#12064,#12065);
#12064 = CARTESIAN_POINT('',(3.2512,-11.1887,-2.4511));
#12065 = VECTOR('',#12066,1.);
#12066 = DIRECTION('',(0.,0.936329177569,-0.351123441588));
#12067 = ORIENTED_EDGE('',*,*,#12068,.T.);
#12068 = EDGE_CURVE('',#12061,#11544,#12069,.T.);
#12069 = LINE('',#12070,#12071);
#12070 = CARTESIAN_POINT('',(3.2512,-10.6807,-2.6416));
#12071 = VECTOR('',#12072,1.);
#12072 = DIRECTION('',(0.,1.,0.));
#12073 = PLANE('',#12074);
#12074 = AXIS2_PLACEMENT_3D('',#12075,#12076,#12077);
#12075 = CARTESIAN_POINT('',(3.2512,-7.3787,5.7658));
#12076 = DIRECTION('',(1.,0.,0.));
#12077 = DIRECTION('',(0.,0.,-1.));
#12078 = ADVANCED_FACE('',(#12079),#12097,.T.);
#12079 = FACE_BOUND('',#12080,.F.);
#12080 = EDGE_LOOP('',(#12081,#12082,#12090,#12096));
#12081 = ORIENTED_EDGE('',*,*,#11567,.T.);
#12082 = ORIENTED_EDGE('',*,*,#12083,.T.);
#12083 = EDGE_CURVE('',#11560,#12084,#12086,.T.);
#12084 = VERTEX_POINT('',#12085);
#12085 = CARTESIAN_POINT('',(4.2672,-10.6807,1.5494));
#12086 = LINE('',#12087,#12088);
#12087 = CARTESIAN_POINT('',(4.2672,-6.7437,1.5494));
#12088 = VECTOR('',#12089,1.);
#12089 = DIRECTION('',(0.,-1.,0.));
#12090 = ORIENTED_EDGE('',*,*,#12091,.F.);
#12091 = EDGE_CURVE('',#11989,#12084,#12092,.T.);
#12092 = LINE('',#12093,#12094);
#12093 = CARTESIAN_POINT('',(3.2512,-10.6807,1.5494));
#12094 = VECTOR('',#12095,1.);
#12095 = DIRECTION('',(1.,0.,0.));
#12096 = ORIENTED_EDGE('',*,*,#11988,.F.);
#12097 = PLANE('',#12098);
#12098 = AXIS2_PLACEMENT_3D('',#12099,#12100,#12101);
#12099 = CARTESIAN_POINT('',(3.2512,-6.7437,1.5494));
#12100 = DIRECTION('',(0.,0.,1.));
#12101 = DIRECTION('',(0.,-1.,0.));
#12102 = ADVANCED_FACE('',(#12103),#12185,.T.);
#12103 = FACE_BOUND('',#12104,.F.);
#12104 = EDGE_LOOP('',(#12105,#12106,#12114,#12122,#12130,#12138,#12146,
    #12154,#12162,#12170,#12178,#12184));
#12105 = ORIENTED_EDGE('',*,*,#11559,.T.);
#12106 = ORIENTED_EDGE('',*,*,#12107,.F.);
#12107 = EDGE_CURVE('',#12108,#11552,#12110,.T.);
#12108 = VERTEX_POINT('',#12109);
#12109 = CARTESIAN_POINT('',(4.2672,-10.6807,-2.6416));
#12110 = LINE('',#12111,#12112);
#12111 = CARTESIAN_POINT('',(4.2672,-10.6807,-2.6416));
#12112 = VECTOR('',#12113,1.);
#12113 = DIRECTION('',(0.,1.,0.));
#12114 = ORIENTED_EDGE('',*,*,#12115,.F.);
#12115 = EDGE_CURVE('',#12116,#12108,#12118,.T.);
#12116 = VERTEX_POINT('',#12117);
#12117 = CARTESIAN_POINT('',(4.2672,-11.1887,-2.4511));
#12118 = LINE('',#12119,#12120);
#12119 = CARTESIAN_POINT('',(4.2672,-11.1887,-2.4511));
#12120 = VECTOR('',#12121,1.);
#12121 = DIRECTION('',(0.,0.936329177569,-0.351123441588));
#12122 = ORIENTED_EDGE('',*,*,#12123,.F.);
#12123 = EDGE_CURVE('',#12124,#12116,#12126,.T.);
#12124 = VERTEX_POINT('',#12125);
#12125 = CARTESIAN_POINT('',(4.2672,-11.1887,-1.8161));
#12126 = LINE('',#12127,#12128);
#12127 = CARTESIAN_POINT('',(4.2672,-11.1887,-1.8161));
#12128 = VECTOR('',#12129,1.);
#12129 = DIRECTION('',(0.,0.,-1.));
#12130 = ORIENTED_EDGE('',*,*,#12131,.F.);
#12131 = EDGE_CURVE('',#12132,#12124,#12134,.T.);
#12132 = VERTEX_POINT('',#12133);
#12133 = CARTESIAN_POINT('',(4.2672,-10.6807,-1.6256));
#12134 = LINE('',#12135,#12136);
#12135 = CARTESIAN_POINT('',(4.2672,-10.6807,-1.6256));
#12136 = VECTOR('',#12137,1.);
#12137 = DIRECTION('',(0.,-0.936329177569,-0.351123441588));
#12138 = ORIENTED_EDGE('',*,*,#12139,.F.);
#12139 = EDGE_CURVE('',#12140,#12132,#12142,.T.);
#12140 = VERTEX_POINT('',#12141);
#12141 = CARTESIAN_POINT('',(4.2672,-7.3787,-1.6256));
#12142 = LINE('',#12143,#12144);
#12143 = CARTESIAN_POINT('',(4.2672,-7.3787,-1.6256));
#12144 = VECTOR('',#12145,1.);
#12145 = DIRECTION('',(0.,-1.,0.));
#12146 = ORIENTED_EDGE('',*,*,#12147,.F.);
#12147 = EDGE_CURVE('',#12148,#12140,#12150,.T.);
#12148 = VERTEX_POINT('',#12149);
#12149 = CARTESIAN_POINT('',(4.2672,-7.3787,0.5334));
#12150 = LINE('',#12151,#12152);
#12151 = CARTESIAN_POINT('',(4.2672,-7.3787,0.5334));
#12152 = VECTOR('',#12153,1.);
#12153 = DIRECTION('',(0.,0.,-1.));
#12154 = ORIENTED_EDGE('',*,*,#12155,.F.);
#12155 = EDGE_CURVE('',#12156,#12148,#12158,.T.);
#12156 = VERTEX_POINT('',#12157);
#12157 = CARTESIAN_POINT('',(4.2672,-10.6807,0.5334));
#12158 = LINE('',#12159,#12160);
#12159 = CARTESIAN_POINT('',(4.2672,-10.6807,0.5334));
#12160 = VECTOR('',#12161,1.);
#12161 = DIRECTION('',(0.,1.,0.));
#12162 = ORIENTED_EDGE('',*,*,#12163,.F.);
#12163 = EDGE_CURVE('',#12164,#12156,#12166,.T.);
#12164 = VERTEX_POINT('',#12165);
#12165 = CARTESIAN_POINT('',(4.2672,-11.1887,0.7239));
#12166 = LINE('',#12167,#12168);
#12167 = CARTESIAN_POINT('',(4.2672,-11.1887,0.7239));
#12168 = VECTOR('',#12169,1.);
#12169 = DIRECTION('',(0.,0.936329177569,-0.351123441588));
#12170 = ORIENTED_EDGE('',*,*,#12171,.F.);
#12171 = EDGE_CURVE('',#12172,#12164,#12174,.T.);
#12172 = VERTEX_POINT('',#12173);
#12173 = CARTESIAN_POINT('',(4.2672,-11.1887,1.3589));
#12174 = LINE('',#12175,#12176);
#12175 = CARTESIAN_POINT('',(4.2672,-11.1887,1.3589));
#12176 = VECTOR('',#12177,1.);
#12177 = DIRECTION('',(0.,0.,-1.));
#12178 = ORIENTED_EDGE('',*,*,#12179,.F.);
#12179 = EDGE_CURVE('',#12084,#12172,#12180,.T.);
#12180 = LINE('',#12181,#12182);
#12181 = CARTESIAN_POINT('',(4.2672,-10.6807,1.5494));
#12182 = VECTOR('',#12183,1.);
#12183 = DIRECTION('',(0.,-0.936329177569,-0.351123441588));
#12184 = ORIENTED_EDGE('',*,*,#12083,.F.);
#12185 = PLANE('',#12186);
#12186 = AXIS2_PLACEMENT_3D('',#12187,#12188,#12189);
#12187 = CARTESIAN_POINT('',(4.2672,-7.3787,5.7658));
#12188 = DIRECTION('',(1.,0.,0.));
#12189 = DIRECTION('',(0.,0.,-1.));
#12190 = ADVANCED_FACE('',(#12191),#12202,.T.);
#12191 = FACE_BOUND('',#12192,.F.);
#12192 = EDGE_LOOP('',(#12193,#12194,#12195,#12201));
#12193 = ORIENTED_EDGE('',*,*,#11551,.F.);
#12194 = ORIENTED_EDGE('',*,*,#12068,.F.);
#12195 = ORIENTED_EDGE('',*,*,#12196,.T.);
#12196 = EDGE_CURVE('',#12061,#12108,#12197,.T.);
#12197 = LINE('',#12198,#12199);
#12198 = CARTESIAN_POINT('',(3.2512,-10.6807,-2.6416));
#12199 = VECTOR('',#12200,1.);
#12200 = DIRECTION('',(1.,0.,0.));
#12201 = ORIENTED_EDGE('',*,*,#12107,.T.);
#12202 = PLANE('',#12203);
#12203 = AXIS2_PLACEMENT_3D('',#12204,#12205,#12206);
#12204 = CARTESIAN_POINT('',(3.2512,-10.6807,-2.6416));
#12205 = DIRECTION('',(0.,0.,-1.));
#12206 = DIRECTION('',(0.,1.,0.));
#12207 = ADVANCED_FACE('',(#12208),#12219,.T.);
#12208 = FACE_BOUND('',#12209,.F.);
#12209 = EDGE_LOOP('',(#12210,#12211,#12217,#12218));
#12210 = ORIENTED_EDGE('',*,*,#12060,.F.);
#12211 = ORIENTED_EDGE('',*,*,#12212,.T.);
#12212 = EDGE_CURVE('',#12053,#12116,#12213,.T.);
#12213 = LINE('',#12214,#12215);
#12214 = CARTESIAN_POINT('',(3.2512,-11.1887,-2.4511));
#12215 = VECTOR('',#12216,1.);
#12216 = DIRECTION('',(1.,0.,0.));
#12217 = ORIENTED_EDGE('',*,*,#12115,.T.);
#12218 = ORIENTED_EDGE('',*,*,#12196,.F.);
#12219 = PLANE('',#12220);
#12220 = AXIS2_PLACEMENT_3D('',#12221,#12222,#12223);
#12221 = CARTESIAN_POINT('',(3.2512,-11.1887,-2.4511));
#12222 = DIRECTION('',(0.,-0.351123441588,-0.936329177569));
#12223 = DIRECTION('',(0.,0.936329177569,-0.351123441588));
#12224 = ADVANCED_FACE('',(#12225),#12236,.T.);
#12225 = FACE_BOUND('',#12226,.F.);
#12226 = EDGE_LOOP('',(#12227,#12228,#12234,#12235));
#12227 = ORIENTED_EDGE('',*,*,#12052,.F.);
#12228 = ORIENTED_EDGE('',*,*,#12229,.T.);
#12229 = EDGE_CURVE('',#12045,#12124,#12230,.T.);
#12230 = LINE('',#12231,#12232);
#12231 = CARTESIAN_POINT('',(3.2512,-11.1887,-1.8161));
#12232 = VECTOR('',#12233,1.);
#12233 = DIRECTION('',(1.,0.,0.));
#12234 = ORIENTED_EDGE('',*,*,#12123,.T.);
#12235 = ORIENTED_EDGE('',*,*,#12212,.F.);
#12236 = PLANE('',#12237);
#12237 = AXIS2_PLACEMENT_3D('',#12238,#12239,#12240);
#12238 = CARTESIAN_POINT('',(3.2512,-11.1887,-1.8161));
#12239 = DIRECTION('',(0.,-1.,0.));
#12240 = DIRECTION('',(0.,0.,-1.));
#12241 = ADVANCED_FACE('',(#12242),#12253,.T.);
#12242 = FACE_BOUND('',#12243,.F.);
#12243 = EDGE_LOOP('',(#12244,#12245,#12251,#12252));
#12244 = ORIENTED_EDGE('',*,*,#12044,.F.);
#12245 = ORIENTED_EDGE('',*,*,#12246,.T.);
#12246 = EDGE_CURVE('',#12037,#12132,#12247,.T.);
#12247 = LINE('',#12248,#12249);
#12248 = CARTESIAN_POINT('',(3.2512,-10.6807,-1.6256));
#12249 = VECTOR('',#12250,1.);
#12250 = DIRECTION('',(1.,0.,0.));
#12251 = ORIENTED_EDGE('',*,*,#12131,.T.);
#12252 = ORIENTED_EDGE('',*,*,#12229,.F.);
#12253 = PLANE('',#12254);
#12254 = AXIS2_PLACEMENT_3D('',#12255,#12256,#12257);
#12255 = CARTESIAN_POINT('',(3.2512,-10.6807,-1.6256));
#12256 = DIRECTION('',(0.,-0.351123441588,0.936329177569));
#12257 = DIRECTION('',(0.,-0.936329177569,-0.351123441588));
#12258 = ADVANCED_FACE('',(#12259),#12270,.T.);
#12259 = FACE_BOUND('',#12260,.F.);
#12260 = EDGE_LOOP('',(#12261,#12262,#12268,#12269));
#12261 = ORIENTED_EDGE('',*,*,#12036,.F.);
#12262 = ORIENTED_EDGE('',*,*,#12263,.T.);
#12263 = EDGE_CURVE('',#12029,#12140,#12264,.T.);
#12264 = LINE('',#12265,#12266);
#12265 = CARTESIAN_POINT('',(3.2512,-7.3787,-1.6256));
#12266 = VECTOR('',#12267,1.);
#12267 = DIRECTION('',(1.,0.,0.));
#12268 = ORIENTED_EDGE('',*,*,#12139,.T.);
#12269 = ORIENTED_EDGE('',*,*,#12246,.F.);
#12270 = PLANE('',#12271);
#12271 = AXIS2_PLACEMENT_3D('',#12272,#12273,#12274);
#12272 = CARTESIAN_POINT('',(3.2512,-7.3787,-1.6256));
#12273 = DIRECTION('',(0.,0.,1.));
#12274 = DIRECTION('',(0.,-1.,0.));
#12275 = ADVANCED_FACE('',(#12276),#12287,.T.);
#12276 = FACE_BOUND('',#12277,.F.);
#12277 = EDGE_LOOP('',(#12278,#12279,#12285,#12286));
#12278 = ORIENTED_EDGE('',*,*,#12028,.F.);
#12279 = ORIENTED_EDGE('',*,*,#12280,.T.);
#12280 = EDGE_CURVE('',#12021,#12148,#12281,.T.);
#12281 = LINE('',#12282,#12283);
#12282 = CARTESIAN_POINT('',(3.2512,-7.3787,0.5334));
#12283 = VECTOR('',#12284,1.);
#12284 = DIRECTION('',(1.,0.,0.));
#12285 = ORIENTED_EDGE('',*,*,#12147,.T.);
#12286 = ORIENTED_EDGE('',*,*,#12263,.F.);
#12287 = PLANE('',#12288);
#12288 = AXIS2_PLACEMENT_3D('',#12289,#12290,#12291);
#12289 = CARTESIAN_POINT('',(3.2512,-7.3787,0.5334));
#12290 = DIRECTION('',(0.,-1.,0.));
#12291 = DIRECTION('',(0.,0.,-1.));
#12292 = ADVANCED_FACE('',(#12293),#12304,.T.);
#12293 = FACE_BOUND('',#12294,.F.);
#12294 = EDGE_LOOP('',(#12295,#12296,#12302,#12303));
#12295 = ORIENTED_EDGE('',*,*,#12020,.F.);
#12296 = ORIENTED_EDGE('',*,*,#12297,.T.);
#12297 = EDGE_CURVE('',#12013,#12156,#12298,.T.);
#12298 = LINE('',#12299,#12300);
#12299 = CARTESIAN_POINT('',(3.2512,-10.6807,0.5334));
#12300 = VECTOR('',#12301,1.);
#12301 = DIRECTION('',(1.,0.,0.));
#12302 = ORIENTED_EDGE('',*,*,#12155,.T.);
#12303 = ORIENTED_EDGE('',*,*,#12280,.F.);
#12304 = PLANE('',#12305);
#12305 = AXIS2_PLACEMENT_3D('',#12306,#12307,#12308);
#12306 = CARTESIAN_POINT('',(3.2512,-10.6807,0.5334));
#12307 = DIRECTION('',(0.,0.,-1.));
#12308 = DIRECTION('',(0.,1.,0.));
#12309 = ADVANCED_FACE('',(#12310),#12321,.T.);
#12310 = FACE_BOUND('',#12311,.F.);
#12311 = EDGE_LOOP('',(#12312,#12313,#12319,#12320));
#12312 = ORIENTED_EDGE('',*,*,#12012,.F.);
#12313 = ORIENTED_EDGE('',*,*,#12314,.T.);
#12314 = EDGE_CURVE('',#12005,#12164,#12315,.T.);
#12315 = LINE('',#12316,#12317);
#12316 = CARTESIAN_POINT('',(3.2512,-11.1887,0.7239));
#12317 = VECTOR('',#12318,1.);
#12318 = DIRECTION('',(1.,0.,0.));
#12319 = ORIENTED_EDGE('',*,*,#12163,.T.);
#12320 = ORIENTED_EDGE('',*,*,#12297,.F.);
#12321 = PLANE('',#12322);
#12322 = AXIS2_PLACEMENT_3D('',#12323,#12324,#12325);
#12323 = CARTESIAN_POINT('',(3.2512,-11.1887,0.7239));
#12324 = DIRECTION('',(0.,-0.351123441588,-0.936329177569));
#12325 = DIRECTION('',(0.,0.936329177569,-0.351123441588));
#12326 = ADVANCED_FACE('',(#12327),#12338,.T.);
#12327 = FACE_BOUND('',#12328,.F.);
#12328 = EDGE_LOOP('',(#12329,#12330,#12336,#12337));
#12329 = ORIENTED_EDGE('',*,*,#12004,.F.);
#12330 = ORIENTED_EDGE('',*,*,#12331,.T.);
#12331 = EDGE_CURVE('',#11997,#12172,#12332,.T.);
#12332 = LINE('',#12333,#12334);
#12333 = CARTESIAN_POINT('',(3.2512,-11.1887,1.3589));
#12334 = VECTOR('',#12335,1.);
#12335 = DIRECTION('',(1.,0.,0.));
#12336 = ORIENTED_EDGE('',*,*,#12171,.T.);
#12337 = ORIENTED_EDGE('',*,*,#12314,.F.);
#12338 = PLANE('',#12339);
#12339 = AXIS2_PLACEMENT_3D('',#12340,#12341,#12342);
#12340 = CARTESIAN_POINT('',(3.2512,-11.1887,1.3589));
#12341 = DIRECTION('',(0.,-1.,0.));
#12342 = DIRECTION('',(0.,0.,-1.));
#12343 = ADVANCED_FACE('',(#12344),#12350,.T.);
#12344 = FACE_BOUND('',#12345,.F.);
#12345 = EDGE_LOOP('',(#12346,#12347,#12348,#12349));
#12346 = ORIENTED_EDGE('',*,*,#11996,.F.);
#12347 = ORIENTED_EDGE('',*,*,#12091,.T.);
#12348 = ORIENTED_EDGE('',*,*,#12179,.T.);
#12349 = ORIENTED_EDGE('',*,*,#12331,.F.);
#12350 = PLANE('',#12351);
#12351 = AXIS2_PLACEMENT_3D('',#12352,#12353,#12354);
#12352 = CARTESIAN_POINT('',(3.2512,-10.6807,1.5494));
#12353 = DIRECTION('',(0.,-0.351123441588,0.936329177569));
#12354 = DIRECTION('',(0.,-0.936329177569,-0.351123441588));
#12355 = ADVANCED_FACE('',(#12356),#12374,.F.);
#12356 = FACE_BOUND('',#12357,.F.);
#12357 = EDGE_LOOP('',(#12358,#12359,#12360,#12368));
#12358 = ORIENTED_EDGE('',*,*,#11237,.F.);
#12359 = ORIENTED_EDGE('',*,*,#11213,.T.);
#12360 = ORIENTED_EDGE('',*,*,#12361,.T.);
#12361 = EDGE_CURVE('',#11206,#12362,#12364,.T.);
#12362 = VERTEX_POINT('',#12363);
#12363 = CARTESIAN_POINT('',(7.9883,2.1463,-5.2578));
#12364 = LINE('',#12365,#12366);
#12365 = CARTESIAN_POINT('',(9.0043,2.1463,-5.2578));
#12366 = VECTOR('',#12367,1.);
#12367 = DIRECTION('',(-1.,0.,0.));
#12368 = ORIENTED_EDGE('',*,*,#12369,.T.);
#12369 = EDGE_CURVE('',#12362,#11238,#12370,.T.);
#12370 = LINE('',#12371,#12372);
#12371 = CARTESIAN_POINT('',(7.9883,2.1463,-5.2578));
#12372 = VECTOR('',#12373,1.);
#12373 = DIRECTION('',(0.,-1.,0.));
#12374 = PLANE('',#12375);
#12375 = AXIS2_PLACEMENT_3D('',#12376,#12377,#12378);
#12376 = CARTESIAN_POINT('',(-10.541,-7.3787,-5.2578));
#12377 = DIRECTION('',(0.,0.,1.));
#12378 = DIRECTION('',(1.,0.,-0.));
#12379 = ADVANCED_FACE('',(#12380),#12405,.F.);
#12380 = FACE_BOUND('',#12381,.F.);
#12381 = EDGE_LOOP('',(#12382,#12383,#12391,#12399));
#12382 = ORIENTED_EDGE('',*,*,#11269,.F.);
#12383 = ORIENTED_EDGE('',*,*,#12384,.T.);
#12384 = EDGE_CURVE('',#11262,#12385,#12387,.T.);
#12385 = VERTEX_POINT('',#12386);
#12386 = CARTESIAN_POINT('',(-7.9883,2.1463,-5.2578));
#12387 = LINE('',#12388,#12389);
#12388 = CARTESIAN_POINT('',(-7.9883,-6.7437,-5.2578));
#12389 = VECTOR('',#12390,1.);
#12390 = DIRECTION('',(0.,1.,0.));
#12391 = ORIENTED_EDGE('',*,*,#12392,.T.);
#12392 = EDGE_CURVE('',#12385,#12393,#12395,.T.);
#12393 = VERTEX_POINT('',#12394);
#12394 = CARTESIAN_POINT('',(-9.0043,2.1463,-5.2578));
#12395 = LINE('',#12396,#12397);
#12396 = CARTESIAN_POINT('',(-7.9883,2.1463,-5.2578));
#12397 = VECTOR('',#12398,1.);
#12398 = DIRECTION('',(-1.,0.,0.));
#12399 = ORIENTED_EDGE('',*,*,#12400,.T.);
#12400 = EDGE_CURVE('',#12393,#11270,#12401,.T.);
#12401 = LINE('',#12402,#12403);
#12402 = CARTESIAN_POINT('',(-9.0043,2.1463,-5.2578));
#12403 = VECTOR('',#12404,1.);
#12404 = DIRECTION('',(0.,-1.,0.));
#12405 = PLANE('',#12406);
#12406 = AXIS2_PLACEMENT_3D('',#12407,#12408,#12409);
#12407 = CARTESIAN_POINT('',(-10.541,-7.3787,-5.2578));
#12408 = DIRECTION('',(0.,0.,1.));
#12409 = DIRECTION('',(1.,0.,-0.));
#12410 = ADVANCED_FACE('',(#12411),#12445,.F.);
#12411 = FACE_BOUND('',#12412,.F.);
#12412 = EDGE_LOOP('',(#12413,#12423,#12431,#12439));
#12413 = ORIENTED_EDGE('',*,*,#12414,.F.);
#12414 = EDGE_CURVE('',#12415,#12417,#12419,.T.);
#12415 = VERTEX_POINT('',#12416);
#12416 = CARTESIAN_POINT('',(-9.0043,6.8707,-5.2578));
#12417 = VERTEX_POINT('',#12418);
#12418 = CARTESIAN_POINT('',(-7.9883,6.8707,-5.2578));
#12419 = LINE('',#12420,#12421);
#12420 = CARTESIAN_POINT('',(-9.0043,6.8707,-5.2578));
#12421 = VECTOR('',#12422,1.);
#12422 = DIRECTION('',(1.,0.,0.));
#12423 = ORIENTED_EDGE('',*,*,#12424,.T.);
#12424 = EDGE_CURVE('',#12415,#12425,#12427,.T.);
#12425 = VERTEX_POINT('',#12426);
#12426 = CARTESIAN_POINT('',(-9.0043,3.5687,-5.2578));
#12427 = LINE('',#12428,#12429);
#12428 = CARTESIAN_POINT('',(-9.0043,6.8707,-5.2578));
#12429 = VECTOR('',#12430,1.);
#12430 = DIRECTION('',(0.,-1.,0.));
#12431 = ORIENTED_EDGE('',*,*,#12432,.T.);
#12432 = EDGE_CURVE('',#12425,#12433,#12435,.T.);
#12433 = VERTEX_POINT('',#12434);
#12434 = CARTESIAN_POINT('',(-7.9883,3.5687,-5.2578));
#12435 = LINE('',#12436,#12437);
#12436 = CARTESIAN_POINT('',(-9.0043,3.5687,-5.2578));
#12437 = VECTOR('',#12438,1.);
#12438 = DIRECTION('',(1.,0.,0.));
#12439 = ORIENTED_EDGE('',*,*,#12440,.T.);
#12440 = EDGE_CURVE('',#12433,#12417,#12441,.T.);
#12441 = LINE('',#12442,#12443);
#12442 = CARTESIAN_POINT('',(-7.9883,3.5687,-5.2578));
#12443 = VECTOR('',#12444,1.);
#12444 = DIRECTION('',(0.,1.,0.));
#12445 = PLANE('',#12446);
#12446 = AXIS2_PLACEMENT_3D('',#12447,#12448,#12449);
#12447 = CARTESIAN_POINT('',(-10.541,-7.3787,-5.2578));
#12448 = DIRECTION('',(0.,0.,1.));
#12449 = DIRECTION('',(1.,0.,-0.));
#12450 = ADVANCED_FACE('',(#12451),#12485,.F.);
#12451 = FACE_BOUND('',#12452,.F.);
#12452 = EDGE_LOOP('',(#12453,#12463,#12471,#12479));
#12453 = ORIENTED_EDGE('',*,*,#12454,.F.);
#12454 = EDGE_CURVE('',#12455,#12457,#12459,.T.);
#12455 = VERTEX_POINT('',#12456);
#12456 = CARTESIAN_POINT('',(7.9883,6.8707,-5.2578));
#12457 = VERTEX_POINT('',#12458);
#12458 = CARTESIAN_POINT('',(9.0043,6.8707,-5.2578));
#12459 = LINE('',#12460,#12461);
#12460 = CARTESIAN_POINT('',(7.9883,6.8707,-5.2578));
#12461 = VECTOR('',#12462,1.);
#12462 = DIRECTION('',(1.,0.,0.));
#12463 = ORIENTED_EDGE('',*,*,#12464,.T.);
#12464 = EDGE_CURVE('',#12455,#12465,#12467,.T.);
#12465 = VERTEX_POINT('',#12466);
#12466 = CARTESIAN_POINT('',(7.9883,3.5687,-5.2578));
#12467 = LINE('',#12468,#12469);
#12468 = CARTESIAN_POINT('',(7.9883,6.8707,-5.2578));
#12469 = VECTOR('',#12470,1.);
#12470 = DIRECTION('',(0.,-1.,0.));
#12471 = ORIENTED_EDGE('',*,*,#12472,.T.);
#12472 = EDGE_CURVE('',#12465,#12473,#12475,.T.);
#12473 = VERTEX_POINT('',#12474);
#12474 = CARTESIAN_POINT('',(9.0043,3.5687,-5.2578));
#12475 = LINE('',#12476,#12477);
#12476 = CARTESIAN_POINT('',(7.9883,3.5687,-5.2578));
#12477 = VECTOR('',#12478,1.);
#12478 = DIRECTION('',(1.,0.,0.));
#12479 = ORIENTED_EDGE('',*,*,#12480,.T.);
#12480 = EDGE_CURVE('',#12473,#12457,#12481,.T.);
#12481 = LINE('',#12482,#12483);
#12482 = CARTESIAN_POINT('',(9.0043,3.5687,-5.2578));
#12483 = VECTOR('',#12484,1.);
#12484 = DIRECTION('',(0.,1.,0.));
#12485 = PLANE('',#12486);
#12486 = AXIS2_PLACEMENT_3D('',#12487,#12488,#12489);
#12487 = CARTESIAN_POINT('',(-10.541,-7.3787,-5.2578));
#12488 = DIRECTION('',(0.,0.,1.));
#12489 = DIRECTION('',(1.,0.,-0.));
#12490 = ADVANCED_FACE('',(#12491),#12509,.T.);
#12491 = FACE_BOUND('',#12492,.F.);
#12492 = EDGE_LOOP('',(#12493,#12501,#12507,#12508));
#12493 = ORIENTED_EDGE('',*,*,#12494,.T.);
#12494 = EDGE_CURVE('',#11198,#12495,#12497,.T.);
#12495 = VERTEX_POINT('',#12496);
#12496 = CARTESIAN_POINT('',(7.9883,2.1463,-5.7658));
#12497 = LINE('',#12498,#12499);
#12498 = CARTESIAN_POINT('',(9.0043,2.1463,-5.7658));
#12499 = VECTOR('',#12500,1.);
#12500 = DIRECTION('',(-1.,0.,0.));
#12501 = ORIENTED_EDGE('',*,*,#12502,.T.);
#12502 = EDGE_CURVE('',#12495,#12362,#12503,.T.);
#12503 = LINE('',#12504,#12505);
#12504 = CARTESIAN_POINT('',(7.9883,2.1463,-5.7658));
#12505 = VECTOR('',#12506,1.);
#12506 = DIRECTION('',(0.,0.,1.));
#12507 = ORIENTED_EDGE('',*,*,#12361,.F.);
#12508 = ORIENTED_EDGE('',*,*,#11205,.F.);
#12509 = PLANE('',#12510);
#12510 = AXIS2_PLACEMENT_3D('',#12511,#12512,#12513);
#12511 = CARTESIAN_POINT('',(9.0043,2.1463,-5.7658));
#12512 = DIRECTION('',(0.,-1.,0.));
#12513 = DIRECTION('',(-1.,0.,0.));
#12514 = ADVANCED_FACE('',(#12515),#12636,.T.);
#12515 = FACE_BOUND('',#12516,.F.);
#12516 = EDGE_LOOP('',(#12517,#12525,#12526,#12532,#12533,#12534,#12535,
    #12543,#12551,#12559,#12567,#12575,#12583,#12591,#12599,#12607,
    #12615,#12621,#12622,#12630));
#12517 = ORIENTED_EDGE('',*,*,#12518,.F.);
#12518 = EDGE_CURVE('',#11254,#12519,#12521,.T.);
#12519 = VERTEX_POINT('',#12520);
#12520 = CARTESIAN_POINT('',(-7.9883,2.1463,-5.7658));
#12521 = LINE('',#12522,#12523);
#12522 = CARTESIAN_POINT('',(-7.9883,-6.7437,-5.7658));
#12523 = VECTOR('',#12524,1.);
#12524 = DIRECTION('',(0.,1.,0.));
#12525 = ORIENTED_EDGE('',*,*,#11253,.F.);
#12526 = ORIENTED_EDGE('',*,*,#12527,.F.);
#12527 = EDGE_CURVE('',#12495,#11246,#12528,.T.);
#12528 = LINE('',#12529,#12530);
#12529 = CARTESIAN_POINT('',(7.9883,2.1463,-5.7658));
#12530 = VECTOR('',#12531,1.);
#12531 = DIRECTION('',(0.,-1.,0.));
#12532 = ORIENTED_EDGE('',*,*,#12494,.F.);
#12533 = ORIENTED_EDGE('',*,*,#11197,.F.);
#12534 = ORIENTED_EDGE('',*,*,#10961,.F.);
#12535 = ORIENTED_EDGE('',*,*,#12536,.T.);
#12536 = EDGE_CURVE('',#10954,#12537,#12539,.T.);
#12537 = VERTEX_POINT('',#12538);
#12538 = CARTESIAN_POINT('',(9.271,7.3787,-5.7658));
#12539 = LINE('',#12540,#12541);
#12540 = CARTESIAN_POINT('',(9.271,-7.3787,-5.7658));
#12541 = VECTOR('',#12542,1.);
#12542 = DIRECTION('',(0.,1.,0.));
#12543 = ORIENTED_EDGE('',*,*,#12544,.T.);
#12544 = EDGE_CURVE('',#12537,#12545,#12547,.T.);
#12545 = VERTEX_POINT('',#12546);
#12546 = CARTESIAN_POINT('',(9.0043,7.3787,-5.7658));
#12547 = LINE('',#12548,#12549);
#12548 = CARTESIAN_POINT('',(9.271,7.3787,-5.7658));
#12549 = VECTOR('',#12550,1.);
#12550 = DIRECTION('',(-1.,0.,0.));
#12551 = ORIENTED_EDGE('',*,*,#12552,.T.);
#12552 = EDGE_CURVE('',#12545,#12553,#12555,.T.);
#12553 = VERTEX_POINT('',#12554);
#12554 = CARTESIAN_POINT('',(9.0043,3.5687,-5.7658));
#12555 = LINE('',#12556,#12557);
#12556 = CARTESIAN_POINT('',(9.0043,7.3787,-5.7658));
#12557 = VECTOR('',#12558,1.);
#12558 = DIRECTION('',(0.,-1.,0.));
#12559 = ORIENTED_EDGE('',*,*,#12560,.F.);
#12560 = EDGE_CURVE('',#12561,#12553,#12563,.T.);
#12561 = VERTEX_POINT('',#12562);
#12562 = CARTESIAN_POINT('',(7.9883,3.5687,-5.7658));
#12563 = LINE('',#12564,#12565);
#12564 = CARTESIAN_POINT('',(7.9883,3.5687,-5.7658));
#12565 = VECTOR('',#12566,1.);
#12566 = DIRECTION('',(1.,0.,0.));
#12567 = ORIENTED_EDGE('',*,*,#12568,.F.);
#12568 = EDGE_CURVE('',#12569,#12561,#12571,.T.);
#12569 = VERTEX_POINT('',#12570);
#12570 = CARTESIAN_POINT('',(7.9883,7.3787,-5.7658));
#12571 = LINE('',#12572,#12573);
#12572 = CARTESIAN_POINT('',(7.9883,7.3787,-5.7658));
#12573 = VECTOR('',#12574,1.);
#12574 = DIRECTION('',(0.,-1.,0.));
#12575 = ORIENTED_EDGE('',*,*,#12576,.T.);
#12576 = EDGE_CURVE('',#12569,#12577,#12579,.T.);
#12577 = VERTEX_POINT('',#12578);
#12578 = CARTESIAN_POINT('',(-7.9883,7.3787,-5.7658));
#12579 = LINE('',#12580,#12581);
#12580 = CARTESIAN_POINT('',(7.9883,7.3787,-5.7658));
#12581 = VECTOR('',#12582,1.);
#12582 = DIRECTION('',(-1.,0.,0.));
#12583 = ORIENTED_EDGE('',*,*,#12584,.T.);
#12584 = EDGE_CURVE('',#12577,#12585,#12587,.T.);
#12585 = VERTEX_POINT('',#12586);
#12586 = CARTESIAN_POINT('',(-7.9883,3.5687,-5.7658));
#12587 = LINE('',#12588,#12589);
#12588 = CARTESIAN_POINT('',(-7.9883,7.3787,-5.7658));
#12589 = VECTOR('',#12590,1.);
#12590 = DIRECTION('',(0.,-1.,0.));
#12591 = ORIENTED_EDGE('',*,*,#12592,.F.);
#12592 = EDGE_CURVE('',#12593,#12585,#12595,.T.);
#12593 = VERTEX_POINT('',#12594);
#12594 = CARTESIAN_POINT('',(-9.0043,3.5687,-5.7658));
#12595 = LINE('',#12596,#12597);
#12596 = CARTESIAN_POINT('',(-9.0043,3.5687,-5.7658));
#12597 = VECTOR('',#12598,1.);
#12598 = DIRECTION('',(1.,0.,0.));
#12599 = ORIENTED_EDGE('',*,*,#12600,.F.);
#12600 = EDGE_CURVE('',#12601,#12593,#12603,.T.);
#12601 = VERTEX_POINT('',#12602);
#12602 = CARTESIAN_POINT('',(-9.0043,7.3787,-5.7658));
#12603 = LINE('',#12604,#12605);
#12604 = CARTESIAN_POINT('',(-9.0043,7.3787,-5.7658));
#12605 = VECTOR('',#12606,1.);
#12606 = DIRECTION('',(0.,-1.,0.));
#12607 = ORIENTED_EDGE('',*,*,#12608,.T.);
#12608 = EDGE_CURVE('',#12601,#12609,#12611,.T.);
#12609 = VERTEX_POINT('',#12610);
#12610 = CARTESIAN_POINT('',(-9.271,7.3787,-5.7658));
#12611 = LINE('',#12612,#12613);
#12612 = CARTESIAN_POINT('',(-9.0043,7.3787,-5.7658));
#12613 = VECTOR('',#12614,1.);
#12614 = DIRECTION('',(-1.,0.,0.));
#12615 = ORIENTED_EDGE('',*,*,#12616,.F.);
#12616 = EDGE_CURVE('',#11042,#12609,#12617,.T.);
#12617 = LINE('',#12618,#12619);
#12618 = CARTESIAN_POINT('',(-9.271,-7.3787,-5.7658));
#12619 = VECTOR('',#12620,1.);
#12620 = DIRECTION('',(0.,1.,0.));
#12621 = ORIENTED_EDGE('',*,*,#11041,.F.);
#12622 = ORIENTED_EDGE('',*,*,#12623,.F.);
#12623 = EDGE_CURVE('',#12624,#11034,#12626,.T.);
#12624 = VERTEX_POINT('',#12625);
#12625 = CARTESIAN_POINT('',(-9.0043,2.1463,-5.7658));
#12626 = LINE('',#12627,#12628);
#12627 = CARTESIAN_POINT('',(-9.0043,2.1463,-5.7658));
#12628 = VECTOR('',#12629,1.);
#12629 = DIRECTION('',(0.,-1.,0.));
#12630 = ORIENTED_EDGE('',*,*,#12631,.F.);
#12631 = EDGE_CURVE('',#12519,#12624,#12632,.T.);
#12632 = LINE('',#12633,#12634);
#12633 = CARTESIAN_POINT('',(-7.9883,2.1463,-5.7658));
#12634 = VECTOR('',#12635,1.);
#12635 = DIRECTION('',(-1.,0.,0.));
#12636 = PLANE('',#12637);
#12637 = AXIS2_PLACEMENT_3D('',#12638,#12639,#12640);
#12638 = CARTESIAN_POINT('',(9.271,-7.3787,-5.7658));
#12639 = DIRECTION('',(0.,0.,-1.));
#12640 = DIRECTION('',(-1.,0.,0.));
#12641 = ADVANCED_FACE('',(#12642),#12653,.T.);
#12642 = FACE_BOUND('',#12643,.F.);
#12643 = EDGE_LOOP('',(#12644,#12645,#12651,#12652));
#12644 = ORIENTED_EDGE('',*,*,#12518,.T.);
#12645 = ORIENTED_EDGE('',*,*,#12646,.T.);
#12646 = EDGE_CURVE('',#12519,#12385,#12647,.T.);
#12647 = LINE('',#12648,#12649);
#12648 = CARTESIAN_POINT('',(-7.9883,2.1463,-5.7658));
#12649 = VECTOR('',#12650,1.);
#12650 = DIRECTION('',(0.,0.,1.));
#12651 = ORIENTED_EDGE('',*,*,#12384,.F.);
#12652 = ORIENTED_EDGE('',*,*,#11261,.F.);
#12653 = PLANE('',#12654);
#12654 = AXIS2_PLACEMENT_3D('',#12655,#12656,#12657);
#12655 = CARTESIAN_POINT('',(-7.9883,-6.7437,-5.7658));
#12656 = DIRECTION('',(-1.,0.,0.));
#12657 = DIRECTION('',(0.,1.,0.));
#12658 = ADVANCED_FACE('',(#12659),#12670,.T.);
#12659 = FACE_BOUND('',#12660,.F.);
#12660 = EDGE_LOOP('',(#12661,#12662,#12668,#12669));
#12661 = ORIENTED_EDGE('',*,*,#12631,.T.);
#12662 = ORIENTED_EDGE('',*,*,#12663,.T.);
#12663 = EDGE_CURVE('',#12624,#12393,#12664,.T.);
#12664 = LINE('',#12665,#12666);
#12665 = CARTESIAN_POINT('',(-9.0043,2.1463,-5.7658));
#12666 = VECTOR('',#12667,1.);
#12667 = DIRECTION('',(0.,0.,1.));
#12668 = ORIENTED_EDGE('',*,*,#12392,.F.);
#12669 = ORIENTED_EDGE('',*,*,#12646,.F.);
#12670 = PLANE('',#12671);
#12671 = AXIS2_PLACEMENT_3D('',#12672,#12673,#12674);
#12672 = CARTESIAN_POINT('',(-7.9883,2.1463,-5.7658));
#12673 = DIRECTION('',(0.,-1.,0.));
#12674 = DIRECTION('',(-1.,0.,0.));
#12675 = ADVANCED_FACE('',(#12676),#12708,.F.);
#12676 = FACE_BOUND('',#12677,.F.);
#12677 = EDGE_LOOP('',(#12678,#12686,#12694,#12700,#12701,#12707));
#12678 = ORIENTED_EDGE('',*,*,#12679,.T.);
#12679 = EDGE_CURVE('',#11090,#12680,#12682,.T.);
#12680 = VERTEX_POINT('',#12681);
#12681 = CARTESIAN_POINT('',(-9.0043,2.1463,5.7658));
#12682 = LINE('',#12683,#12684);
#12683 = CARTESIAN_POINT('',(-9.0043,-7.3787,5.7658));
#12684 = VECTOR('',#12685,1.);
#12685 = DIRECTION('',(0.,1.,0.));
#12686 = ORIENTED_EDGE('',*,*,#12687,.T.);
#12687 = EDGE_CURVE('',#12680,#12688,#12690,.T.);
#12688 = VERTEX_POINT('',#12689);
#12689 = CARTESIAN_POINT('',(-9.0043,2.1463,5.2578));
#12690 = LINE('',#12691,#12692);
#12691 = CARTESIAN_POINT('',(-9.0043,2.1463,5.7658));
#12692 = VECTOR('',#12693,1.);
#12693 = DIRECTION('',(0.,0.,-1.));
#12694 = ORIENTED_EDGE('',*,*,#12695,.T.);
#12695 = EDGE_CURVE('',#12688,#11358,#12696,.T.);
#12696 = LINE('',#12697,#12698);
#12697 = CARTESIAN_POINT('',(-9.0043,2.1463,5.2578));
#12698 = VECTOR('',#12699,1.);
#12699 = DIRECTION('',(0.,-1.,0.));
#12700 = ORIENTED_EDGE('',*,*,#11357,.T.);
#12701 = ORIENTED_EDGE('',*,*,#12702,.T.);
#12702 = EDGE_CURVE('',#11350,#11074,#12703,.T.);
#12703 = LINE('',#12704,#12705);
#12704 = CARTESIAN_POINT('',(-9.0043,-6.7437,4.7498));
#12705 = VECTOR('',#12706,1.);
#12706 = DIRECTION('',(0.,-1.,0.));
#12707 = ORIENTED_EDGE('',*,*,#11097,.F.);
#12708 = PLANE('',#12709);
#12709 = AXIS2_PLACEMENT_3D('',#12710,#12711,#12712);
#12710 = CARTESIAN_POINT('',(-9.0043,-6.7437,5.7658));
#12711 = DIRECTION('',(-1.,0.,0.));
#12712 = DIRECTION('',(0.,-1.,0.));
#12713 = ADVANCED_FACE('',(#12714),#12727,.F.);
#12714 = FACE_BOUND('',#12715,.F.);
#12715 = EDGE_LOOP('',(#12716,#12717,#12718,#12719,#12720,#12721));
#12716 = ORIENTED_EDGE('',*,*,#11277,.T.);
#12717 = ORIENTED_EDGE('',*,*,#12400,.F.);
#12718 = ORIENTED_EDGE('',*,*,#12663,.F.);
#12719 = ORIENTED_EDGE('',*,*,#12623,.T.);
#12720 = ORIENTED_EDGE('',*,*,#11033,.F.);
#12721 = ORIENTED_EDGE('',*,*,#12722,.F.);
#12722 = EDGE_CURVE('',#11278,#11026,#12723,.T.);
#12723 = LINE('',#12724,#12725);
#12724 = CARTESIAN_POINT('',(-9.0043,-6.7437,-4.1148));
#12725 = VECTOR('',#12726,1.);
#12726 = DIRECTION('',(0.,-1.,0.));
#12727 = PLANE('',#12728);
#12728 = AXIS2_PLACEMENT_3D('',#12729,#12730,#12731);
#12729 = CARTESIAN_POINT('',(-9.0043,-6.7437,5.7658));
#12730 = DIRECTION('',(-1.,0.,0.));
#12731 = DIRECTION('',(0.,-1.,0.));
#12732 = ADVANCED_FACE('',(#12733),#12854,.T.);
#12733 = FACE_BOUND('',#12734,.F.);
#12734 = EDGE_LOOP('',(#12735,#12743,#12749,#12750,#12751,#12759,#12767,
    #12775,#12783,#12791,#12799,#12807,#12815,#12823,#12831,#12839,
    #12847,#12853));
#12735 = ORIENTED_EDGE('',*,*,#12736,.T.);
#12736 = EDGE_CURVE('',#11374,#12737,#12739,.T.);
#12737 = VERTEX_POINT('',#12738);
#12738 = CARTESIAN_POINT('',(-7.9883,2.1463,5.7658));
#12739 = LINE('',#12740,#12741);
#12740 = CARTESIAN_POINT('',(-7.9883,-6.7437,5.7658));
#12741 = VECTOR('',#12742,1.);
#12742 = DIRECTION('',(0.,1.,0.));
#12743 = ORIENTED_EDGE('',*,*,#12744,.T.);
#12744 = EDGE_CURVE('',#12737,#12680,#12745,.T.);
#12745 = LINE('',#12746,#12747);
#12746 = CARTESIAN_POINT('',(-7.9883,2.1463,5.7658));
#12747 = VECTOR('',#12748,1.);
#12748 = DIRECTION('',(-1.,0.,0.));
#12749 = ORIENTED_EDGE('',*,*,#12679,.F.);
#12750 = ORIENTED_EDGE('',*,*,#11089,.F.);
#12751 = ORIENTED_EDGE('',*,*,#12752,.T.);
#12752 = EDGE_CURVE('',#11082,#12753,#12755,.T.);
#12753 = VERTEX_POINT('',#12754);
#12754 = CARTESIAN_POINT('',(-10.541,7.3787,5.7658));
#12755 = LINE('',#12756,#12757);
#12756 = CARTESIAN_POINT('',(-10.541,-7.3787,5.7658));
#12757 = VECTOR('',#12758,1.);
#12758 = DIRECTION('',(0.,1.,0.));
#12759 = ORIENTED_EDGE('',*,*,#12760,.T.);
#12760 = EDGE_CURVE('',#12753,#12761,#12763,.T.);
#12761 = VERTEX_POINT('',#12762);
#12762 = CARTESIAN_POINT('',(-9.0043,7.3787,5.7658));
#12763 = LINE('',#12764,#12765);
#12764 = CARTESIAN_POINT('',(-10.541,7.3787,5.7658));
#12765 = VECTOR('',#12766,1.);
#12766 = DIRECTION('',(1.,0.,0.));
#12767 = ORIENTED_EDGE('',*,*,#12768,.T.);
#12768 = EDGE_CURVE('',#12761,#12769,#12771,.T.);
#12769 = VERTEX_POINT('',#12770);
#12770 = CARTESIAN_POINT('',(-9.0043,3.5687,5.7658));
#12771 = LINE('',#12772,#12773);
#12772 = CARTESIAN_POINT('',(-9.0043,7.3787,5.7658));
#12773 = VECTOR('',#12774,1.);
#12774 = DIRECTION('',(0.,-1.,0.));
#12775 = ORIENTED_EDGE('',*,*,#12776,.T.);
#12776 = EDGE_CURVE('',#12769,#12777,#12779,.T.);
#12777 = VERTEX_POINT('',#12778);
#12778 = CARTESIAN_POINT('',(-7.9883,3.5687,5.7658));
#12779 = LINE('',#12780,#12781);
#12780 = CARTESIAN_POINT('',(-9.0043,3.5687,5.7658));
#12781 = VECTOR('',#12782,1.);
#12782 = DIRECTION('',(1.,0.,0.));
#12783 = ORIENTED_EDGE('',*,*,#12784,.F.);
#12784 = EDGE_CURVE('',#12785,#12777,#12787,.T.);
#12785 = VERTEX_POINT('',#12786);
#12786 = CARTESIAN_POINT('',(-7.9883,7.3787,5.7658));
#12787 = LINE('',#12788,#12789);
#12788 = CARTESIAN_POINT('',(-7.9883,7.3787,5.7658));
#12789 = VECTOR('',#12790,1.);
#12790 = DIRECTION('',(0.,-1.,0.));
#12791 = ORIENTED_EDGE('',*,*,#12792,.T.);
#12792 = EDGE_CURVE('',#12785,#12793,#12795,.T.);
#12793 = VERTEX_POINT('',#12794);
#12794 = CARTESIAN_POINT('',(-2.3495,7.3787,5.7658));
#12795 = LINE('',#12796,#12797);
#12796 = CARTESIAN_POINT('',(-7.9883,7.3787,5.7658));
#12797 = VECTOR('',#12798,1.);
#12798 = DIRECTION('',(1.,0.,0.));
#12799 = ORIENTED_EDGE('',*,*,#12800,.F.);
#12800 = EDGE_CURVE('',#12801,#12793,#12803,.T.);
#12801 = VERTEX_POINT('',#12802);
#12802 = CARTESIAN_POINT('',(-2.200338926174,6.1087,5.7658));
#12803 = LINE('',#12804,#12805);
#12804 = CARTESIAN_POINT('',(-2.200338926174,6.1087,5.7658));
#12805 = VECTOR('',#12806,1.);
#12806 = DIRECTION('',(-0.116647874912,0.993173334962,0.));
#12807 = ORIENTED_EDGE('',*,*,#12808,.T.);
#12808 = EDGE_CURVE('',#12801,#12809,#12811,.T.);
#12809 = VERTEX_POINT('',#12810);
#12810 = CARTESIAN_POINT('',(-2.9718,6.1087,5.7658));
#12811 = LINE('',#12812,#12813);
#12812 = CARTESIAN_POINT('',(-2.200338926174,6.1087,5.7658));
#12813 = VECTOR('',#12814,1.);
#12814 = DIRECTION('',(-1.,0.,0.));
#12815 = ORIENTED_EDGE('',*,*,#12816,.F.);
#12816 = EDGE_CURVE('',#12817,#12809,#12819,.T.);
#12817 = VERTEX_POINT('',#12818);
#12818 = CARTESIAN_POINT('',(-3.2258,-7.3787,5.7658));
#12819 = LINE('',#12820,#12821);
#12820 = CARTESIAN_POINT('',(-3.2258,-7.3787,5.7658));
#12821 = VECTOR('',#12822,1.);
#12822 = DIRECTION('',(1.882905306339E-02,0.999822717666,0.));
#12823 = ORIENTED_EDGE('',*,*,#12824,.F.);
#12824 = EDGE_CURVE('',#12825,#12817,#12827,.T.);
#12825 = VERTEX_POINT('',#12826);
#12826 = CARTESIAN_POINT('',(-4.2418,-7.3787,5.7658));
#12827 = LINE('',#12828,#12829);
#12828 = CARTESIAN_POINT('',(-4.2418,-7.3787,5.7658));
#12829 = VECTOR('',#12830,1.);
#12830 = DIRECTION('',(1.,0.,0.));
#12831 = ORIENTED_EDGE('',*,*,#12832,.F.);
#12832 = EDGE_CURVE('',#12833,#12825,#12835,.T.);
#12833 = VERTEX_POINT('',#12834);
#12834 = CARTESIAN_POINT('',(-4.4958,6.1087,5.7658));
#12835 = LINE('',#12836,#12837);
#12836 = CARTESIAN_POINT('',(-4.4958,6.1087,5.7658));
#12837 = VECTOR('',#12838,1.);
#12838 = DIRECTION('',(1.882905306339E-02,-0.999822717666,0.));
#12839 = ORIENTED_EDGE('',*,*,#12840,.T.);
#12840 = EDGE_CURVE('',#12833,#12841,#12843,.T.);
#12841 = VERTEX_POINT('',#12842);
#12842 = CARTESIAN_POINT('',(-7.239,6.1087,5.7658));
#12843 = LINE('',#12844,#12845);
#12844 = CARTESIAN_POINT('',(-4.4958,6.1087,5.7658));
#12845 = VECTOR('',#12846,1.);
#12846 = DIRECTION('',(-1.,0.,0.));
#12847 = ORIENTED_EDGE('',*,*,#12848,.T.);
#12848 = EDGE_CURVE('',#12841,#11382,#12849,.T.);
#12849 = LINE('',#12850,#12851);
#12850 = CARTESIAN_POINT('',(-7.239,6.1087,5.7658));
#12851 = VECTOR('',#12852,1.);
#12852 = DIRECTION('',(-1.975898759185E-02,-0.999804772148,0.));
#12853 = ORIENTED_EDGE('',*,*,#11381,.T.);
#12854 = PLANE('',#12855);
#12855 = AXIS2_PLACEMENT_3D('',#12856,#12857,#12858);
#12856 = CARTESIAN_POINT('',(-10.541,-7.3787,5.7658));
#12857 = DIRECTION('',(0.,0.,1.));
#12858 = DIRECTION('',(1.,0.,-0.));
#12859 = ADVANCED_FACE('',(#12860),#12981,.T.);
#12860 = FACE_BOUND('',#12861,.F.);
#12861 = EDGE_LOOP('',(#12862,#12863,#12871,#12877,#12878,#12886,#12894,
    #12902,#12910,#12918,#12926,#12934,#12942,#12950,#12958,#12966,
    #12974,#12980));
#12862 = ORIENTED_EDGE('',*,*,#11176,.F.);
#12863 = ORIENTED_EDGE('',*,*,#12864,.T.);
#12864 = EDGE_CURVE('',#11169,#12865,#12867,.T.);
#12865 = VERTEX_POINT('',#12866);
#12866 = CARTESIAN_POINT('',(7.9883,2.1463,5.7658));
#12867 = LINE('',#12868,#12869);
#12868 = CARTESIAN_POINT('',(9.0043,2.1463,5.7658));
#12869 = VECTOR('',#12870,1.);
#12870 = DIRECTION('',(-1.,0.,0.));
#12871 = ORIENTED_EDGE('',*,*,#12872,.T.);
#12872 = EDGE_CURVE('',#12865,#11446,#12873,.T.);
#12873 = LINE('',#12874,#12875);
#12874 = CARTESIAN_POINT('',(7.9883,2.1463,5.7658));
#12875 = VECTOR('',#12876,1.);
#12876 = DIRECTION('',(0.,-1.,0.));
#12877 = ORIENTED_EDGE('',*,*,#11445,.T.);
#12878 = ORIENTED_EDGE('',*,*,#12879,.T.);
#12879 = EDGE_CURVE('',#11438,#12880,#12882,.T.);
#12880 = VERTEX_POINT('',#12881);
#12881 = CARTESIAN_POINT('',(7.239,6.1087,5.7658));
#12882 = LINE('',#12883,#12884);
#12883 = CARTESIAN_POINT('',(7.493,-6.7437,5.7658));
#12884 = VECTOR('',#12885,1.);
#12885 = DIRECTION('',(-1.975898759185E-02,0.999804772148,0.));
#12886 = ORIENTED_EDGE('',*,*,#12887,.T.);
#12887 = EDGE_CURVE('',#12880,#12888,#12890,.T.);
#12888 = VERTEX_POINT('',#12889);
#12889 = CARTESIAN_POINT('',(4.5212,6.1087,5.7658));
#12890 = LINE('',#12891,#12892);
#12891 = CARTESIAN_POINT('',(7.239,6.1087,5.7658));
#12892 = VECTOR('',#12893,1.);
#12893 = DIRECTION('',(-1.,0.,0.));
#12894 = ORIENTED_EDGE('',*,*,#12895,.F.);
#12895 = EDGE_CURVE('',#12896,#12888,#12898,.T.);
#12896 = VERTEX_POINT('',#12897);
#12897 = CARTESIAN_POINT('',(4.2672,-7.3787,5.7658));
#12898 = LINE('',#12899,#12900);
#12899 = CARTESIAN_POINT('',(4.2672,-7.3787,5.7658));
#12900 = VECTOR('',#12901,1.);
#12901 = DIRECTION('',(1.882905306339E-02,0.999822717666,0.));
#12902 = ORIENTED_EDGE('',*,*,#12903,.F.);
#12903 = EDGE_CURVE('',#12904,#12896,#12906,.T.);
#12904 = VERTEX_POINT('',#12905);
#12905 = CARTESIAN_POINT('',(3.2512,-7.3787,5.7658));
#12906 = LINE('',#12907,#12908);
#12907 = CARTESIAN_POINT('',(3.2512,-7.3787,5.7658));
#12908 = VECTOR('',#12909,1.);
#12909 = DIRECTION('',(1.,0.,0.));
#12910 = ORIENTED_EDGE('',*,*,#12911,.F.);
#12911 = EDGE_CURVE('',#12912,#12904,#12914,.T.);
#12912 = VERTEX_POINT('',#12913);
#12913 = CARTESIAN_POINT('',(2.9972,6.1087,5.7658));
#12914 = LINE('',#12915,#12916);
#12915 = CARTESIAN_POINT('',(2.9972,6.1087,5.7658));
#12916 = VECTOR('',#12917,1.);
#12917 = DIRECTION('',(1.882905306339E-02,-0.999822717666,0.));
#12918 = ORIENTED_EDGE('',*,*,#12919,.T.);
#12919 = EDGE_CURVE('',#12912,#12920,#12922,.T.);
#12920 = VERTEX_POINT('',#12921);
#12921 = CARTESIAN_POINT('',(2.200338926174,6.1087,5.7658));
#12922 = LINE('',#12923,#12924);
#12923 = CARTESIAN_POINT('',(2.9972,6.1087,5.7658));
#12924 = VECTOR('',#12925,1.);
#12925 = DIRECTION('',(-1.,0.,0.));
#12926 = ORIENTED_EDGE('',*,*,#12927,.F.);
#12927 = EDGE_CURVE('',#12928,#12920,#12930,.T.);
#12928 = VERTEX_POINT('',#12929);
#12929 = CARTESIAN_POINT('',(2.3495,7.3787,5.7658));
#12930 = LINE('',#12931,#12932);
#12931 = CARTESIAN_POINT('',(2.3495,7.3787,5.7658));
#12932 = VECTOR('',#12933,1.);
#12933 = DIRECTION('',(-0.116647874912,-0.993173334962,0.));
#12934 = ORIENTED_EDGE('',*,*,#12935,.T.);
#12935 = EDGE_CURVE('',#12928,#12936,#12938,.T.);
#12936 = VERTEX_POINT('',#12937);
#12937 = CARTESIAN_POINT('',(7.9883,7.3787,5.7658));
#12938 = LINE('',#12939,#12940);
#12939 = CARTESIAN_POINT('',(2.3495,7.3787,5.7658));
#12940 = VECTOR('',#12941,1.);
#12941 = DIRECTION('',(1.,0.,0.));
#12942 = ORIENTED_EDGE('',*,*,#12943,.T.);
#12943 = EDGE_CURVE('',#12936,#12944,#12946,.T.);
#12944 = VERTEX_POINT('',#12945);
#12945 = CARTESIAN_POINT('',(7.9883,3.5687,5.7658));
#12946 = LINE('',#12947,#12948);
#12947 = CARTESIAN_POINT('',(7.9883,7.3787,5.7658));
#12948 = VECTOR('',#12949,1.);
#12949 = DIRECTION('',(0.,-1.,0.));
#12950 = ORIENTED_EDGE('',*,*,#12951,.T.);
#12951 = EDGE_CURVE('',#12944,#12952,#12954,.T.);
#12952 = VERTEX_POINT('',#12953);
#12953 = CARTESIAN_POINT('',(9.0043,3.5687,5.7658));
#12954 = LINE('',#12955,#12956);
#12955 = CARTESIAN_POINT('',(7.9883,3.5687,5.7658));
#12956 = VECTOR('',#12957,1.);
#12957 = DIRECTION('',(1.,0.,0.));
#12958 = ORIENTED_EDGE('',*,*,#12959,.F.);
#12959 = EDGE_CURVE('',#12960,#12952,#12962,.T.);
#12960 = VERTEX_POINT('',#12961);
#12961 = CARTESIAN_POINT('',(9.0043,7.3787,5.7658));
#12962 = LINE('',#12963,#12964);
#12963 = CARTESIAN_POINT('',(9.0043,7.3787,5.7658));
#12964 = VECTOR('',#12965,1.);
#12965 = DIRECTION('',(0.,-1.,0.));
#12966 = ORIENTED_EDGE('',*,*,#12967,.T.);
#12967 = EDGE_CURVE('',#12960,#12968,#12970,.T.);
#12968 = VERTEX_POINT('',#12969);
#12969 = CARTESIAN_POINT('',(10.541,7.3787,5.7658));
#12970 = LINE('',#12971,#12972);
#12971 = CARTESIAN_POINT('',(9.0043,7.3787,5.7658));
#12972 = VECTOR('',#12973,1.);
#12973 = DIRECTION('',(1.,0.,0.));
#12974 = ORIENTED_EDGE('',*,*,#12975,.F.);
#12975 = EDGE_CURVE('',#11002,#12968,#12976,.T.);
#12976 = LINE('',#12977,#12978);
#12977 = CARTESIAN_POINT('',(10.541,-7.3787,5.7658));
#12978 = VECTOR('',#12979,1.);
#12979 = DIRECTION('',(0.,1.,0.));
#12980 = ORIENTED_EDGE('',*,*,#11001,.F.);
#12981 = PLANE('',#12982);
#12982 = AXIS2_PLACEMENT_3D('',#12983,#12984,#12985);
#12983 = CARTESIAN_POINT('',(-10.541,-7.3787,5.7658));
#12984 = DIRECTION('',(0.,0.,1.));
#12985 = DIRECTION('',(1.,0.,-0.));
#12986 = ADVANCED_FACE('',(#12987),#13005,.F.);
#12987 = FACE_BOUND('',#12988,.F.);
#12988 = EDGE_LOOP('',(#12989,#12990,#12991,#12999));
#12989 = ORIENTED_EDGE('',*,*,#12736,.F.);
#12990 = ORIENTED_EDGE('',*,*,#11373,.T.);
#12991 = ORIENTED_EDGE('',*,*,#12992,.T.);
#12992 = EDGE_CURVE('',#11366,#12993,#12995,.T.);
#12993 = VERTEX_POINT('',#12994);
#12994 = CARTESIAN_POINT('',(-7.9883,2.1463,5.2578));
#12995 = LINE('',#12996,#12997);
#12996 = CARTESIAN_POINT('',(-7.9883,-6.7437,5.2578));
#12997 = VECTOR('',#12998,1.);
#12998 = DIRECTION('',(0.,1.,0.));
#12999 = ORIENTED_EDGE('',*,*,#13000,.F.);
#13000 = EDGE_CURVE('',#12737,#12993,#13001,.T.);
#13001 = LINE('',#13002,#13003);
#13002 = CARTESIAN_POINT('',(-7.9883,2.1463,5.7658));
#13003 = VECTOR('',#13004,1.);
#13004 = DIRECTION('',(0.,0.,-1.));
#13005 = PLANE('',#13006);
#13006 = AXIS2_PLACEMENT_3D('',#13007,#13008,#13009);
#13007 = CARTESIAN_POINT('',(-7.9883,-6.7437,5.7658));
#13008 = DIRECTION('',(1.,0.,0.));
#13009 = DIRECTION('',(-0.,1.,0.));
#13010 = ADVANCED_FACE('',(#13011),#13029,.T.);
#13011 = FACE_BOUND('',#13012,.F.);
#13012 = EDGE_LOOP('',(#13013,#13014,#13022,#13028));
#13013 = ORIENTED_EDGE('',*,*,#11461,.T.);
#13014 = ORIENTED_EDGE('',*,*,#13015,.F.);
#13015 = EDGE_CURVE('',#13016,#11454,#13018,.T.);
#13016 = VERTEX_POINT('',#13017);
#13017 = CARTESIAN_POINT('',(7.9883,2.1463,5.2578));
#13018 = LINE('',#13019,#13020);
#13019 = CARTESIAN_POINT('',(7.9883,2.1463,5.2578));
#13020 = VECTOR('',#13021,1.);
#13021 = DIRECTION('',(0.,-1.,0.));
#13022 = ORIENTED_EDGE('',*,*,#13023,.F.);
#13023 = EDGE_CURVE('',#11161,#13016,#13024,.T.);
#13024 = LINE('',#13025,#13026);
#13025 = CARTESIAN_POINT('',(9.0043,2.1463,5.2578));
#13026 = VECTOR('',#13027,1.);
#13027 = DIRECTION('',(-1.,0.,0.));
#13028 = ORIENTED_EDGE('',*,*,#11160,.F.);
#13029 = PLANE('',#13030);
#13030 = AXIS2_PLACEMENT_3D('',#13031,#13032,#13033);
#13031 = CARTESIAN_POINT('',(-10.541,-7.3787,5.2578));
#13032 = DIRECTION('',(0.,0.,1.));
#13033 = DIRECTION('',(1.,0.,-0.));
#13034 = ADVANCED_FACE('',(#13035),#13046,.T.);
#13035 = FACE_BOUND('',#13036,.F.);
#13036 = EDGE_LOOP('',(#13037,#13038,#13039,#13045));
#13037 = ORIENTED_EDGE('',*,*,#11365,.T.);
#13038 = ORIENTED_EDGE('',*,*,#12695,.F.);
#13039 = ORIENTED_EDGE('',*,*,#13040,.F.);
#13040 = EDGE_CURVE('',#12993,#12688,#13041,.T.);
#13041 = LINE('',#13042,#13043);
#13042 = CARTESIAN_POINT('',(-7.9883,2.1463,5.2578));
#13043 = VECTOR('',#13044,1.);
#13044 = DIRECTION('',(-1.,0.,0.));
#13045 = ORIENTED_EDGE('',*,*,#12992,.F.);
#13046 = PLANE('',#13047);
#13047 = AXIS2_PLACEMENT_3D('',#13048,#13049,#13050);
#13048 = CARTESIAN_POINT('',(-10.541,-7.3787,5.2578));
#13049 = DIRECTION('',(0.,0.,1.));
#13050 = DIRECTION('',(1.,0.,-0.));
#13051 = ADVANCED_FACE('',(#13052),#13086,.T.);
#13052 = FACE_BOUND('',#13053,.F.);
#13053 = EDGE_LOOP('',(#13054,#13064,#13072,#13080));
#13054 = ORIENTED_EDGE('',*,*,#13055,.T.);
#13055 = EDGE_CURVE('',#13056,#13058,#13060,.T.);
#13056 = VERTEX_POINT('',#13057);
#13057 = CARTESIAN_POINT('',(-9.0043,6.8707,5.2578));
#13058 = VERTEX_POINT('',#13059);
#13059 = CARTESIAN_POINT('',(-7.9883,6.8707,5.2578));
#13060 = LINE('',#13061,#13062);
#13061 = CARTESIAN_POINT('',(-9.0043,6.8707,5.2578));
#13062 = VECTOR('',#13063,1.);
#13063 = DIRECTION('',(1.,0.,0.));
#13064 = ORIENTED_EDGE('',*,*,#13065,.F.);
#13065 = EDGE_CURVE('',#13066,#13058,#13068,.T.);
#13066 = VERTEX_POINT('',#13067);
#13067 = CARTESIAN_POINT('',(-7.9883,3.5687,5.2578));
#13068 = LINE('',#13069,#13070);
#13069 = CARTESIAN_POINT('',(-7.9883,3.5687,5.2578));
#13070 = VECTOR('',#13071,1.);
#13071 = DIRECTION('',(0.,1.,0.));
#13072 = ORIENTED_EDGE('',*,*,#13073,.F.);
#13073 = EDGE_CURVE('',#13074,#13066,#13076,.T.);
#13074 = VERTEX_POINT('',#13075);
#13075 = CARTESIAN_POINT('',(-9.0043,3.5687,5.2578));
#13076 = LINE('',#13077,#13078);
#13077 = CARTESIAN_POINT('',(-9.0043,3.5687,5.2578));
#13078 = VECTOR('',#13079,1.);
#13079 = DIRECTION('',(1.,0.,0.));
#13080 = ORIENTED_EDGE('',*,*,#13081,.F.);
#13081 = EDGE_CURVE('',#13056,#13074,#13082,.T.);
#13082 = LINE('',#13083,#13084);
#13083 = CARTESIAN_POINT('',(-9.0043,6.8707,5.2578));
#13084 = VECTOR('',#13085,1.);
#13085 = DIRECTION('',(0.,-1.,0.));
#13086 = PLANE('',#13087);
#13087 = AXIS2_PLACEMENT_3D('',#13088,#13089,#13090);
#13088 = CARTESIAN_POINT('',(-10.541,-7.3787,5.2578));
#13089 = DIRECTION('',(0.,0.,1.));
#13090 = DIRECTION('',(1.,0.,-0.));
#13091 = ADVANCED_FACE('',(#13092),#13126,.T.);
#13092 = FACE_BOUND('',#13093,.F.);
#13093 = EDGE_LOOP('',(#13094,#13104,#13112,#13120));
#13094 = ORIENTED_EDGE('',*,*,#13095,.T.);
#13095 = EDGE_CURVE('',#13096,#13098,#13100,.T.);
#13096 = VERTEX_POINT('',#13097);
#13097 = CARTESIAN_POINT('',(7.9883,6.8707,5.2578));
#13098 = VERTEX_POINT('',#13099);
#13099 = CARTESIAN_POINT('',(9.0043,6.8707,5.2578));
#13100 = LINE('',#13101,#13102);
#13101 = CARTESIAN_POINT('',(7.9883,6.8707,5.2578));
#13102 = VECTOR('',#13103,1.);
#13103 = DIRECTION('',(1.,0.,0.));
#13104 = ORIENTED_EDGE('',*,*,#13105,.F.);
#13105 = EDGE_CURVE('',#13106,#13098,#13108,.T.);
#13106 = VERTEX_POINT('',#13107);
#13107 = CARTESIAN_POINT('',(9.0043,3.5687,5.2578));
#13108 = LINE('',#13109,#13110);
#13109 = CARTESIAN_POINT('',(9.0043,3.5687,5.2578));
#13110 = VECTOR('',#13111,1.);
#13111 = DIRECTION('',(0.,1.,0.));
#13112 = ORIENTED_EDGE('',*,*,#13113,.F.);
#13113 = EDGE_CURVE('',#13114,#13106,#13116,.T.);
#13114 = VERTEX_POINT('',#13115);
#13115 = CARTESIAN_POINT('',(7.9883,3.5687,5.2578));
#13116 = LINE('',#13117,#13118);
#13117 = CARTESIAN_POINT('',(7.9883,3.5687,5.2578));
#13118 = VECTOR('',#13119,1.);
#13119 = DIRECTION('',(1.,0.,0.));
#13120 = ORIENTED_EDGE('',*,*,#13121,.F.);
#13121 = EDGE_CURVE('',#13096,#13114,#13122,.T.);
#13122 = LINE('',#13123,#13124);
#13123 = CARTESIAN_POINT('',(7.9883,6.8707,5.2578));
#13124 = VECTOR('',#13125,1.);
#13125 = DIRECTION('',(0.,-1.,0.));
#13126 = PLANE('',#13127);
#13127 = AXIS2_PLACEMENT_3D('',#13128,#13129,#13130);
#13128 = CARTESIAN_POINT('',(-10.541,-7.3787,5.2578));
#13129 = DIRECTION('',(0.,0.,1.));
#13130 = DIRECTION('',(1.,0.,-0.));
#13131 = ADVANCED_FACE('',(#13132),#13143,.F.);
#13132 = FACE_BOUND('',#13133,.F.);
#13133 = EDGE_LOOP('',(#13134,#13135,#13141,#13142));
#13134 = ORIENTED_EDGE('',*,*,#12872,.F.);
#13135 = ORIENTED_EDGE('',*,*,#13136,.T.);
#13136 = EDGE_CURVE('',#12865,#13016,#13137,.T.);
#13137 = LINE('',#13138,#13139);
#13138 = CARTESIAN_POINT('',(7.9883,2.1463,5.7658));
#13139 = VECTOR('',#13140,1.);
#13140 = DIRECTION('',(0.,0.,-1.));
#13141 = ORIENTED_EDGE('',*,*,#13015,.T.);
#13142 = ORIENTED_EDGE('',*,*,#11453,.F.);
#13143 = PLANE('',#13144);
#13144 = AXIS2_PLACEMENT_3D('',#13145,#13146,#13147);
#13145 = CARTESIAN_POINT('',(7.9883,2.1463,5.7658));
#13146 = DIRECTION('',(-1.,0.,0.));
#13147 = DIRECTION('',(0.,-1.,0.));
#13148 = ADVANCED_FACE('',(#13149),#13155,.F.);
#13149 = FACE_BOUND('',#13150,.F.);
#13150 = EDGE_LOOP('',(#13151,#13152,#13153,#13154));
#13151 = ORIENTED_EDGE('',*,*,#12864,.F.);
#13152 = ORIENTED_EDGE('',*,*,#11168,.T.);
#13153 = ORIENTED_EDGE('',*,*,#13023,.T.);
#13154 = ORIENTED_EDGE('',*,*,#13136,.F.);
#13155 = PLANE('',#13156);
#13156 = AXIS2_PLACEMENT_3D('',#13157,#13158,#13159);
#13157 = CARTESIAN_POINT('',(9.0043,2.1463,5.7658));
#13158 = DIRECTION('',(0.,1.,0.));
#13159 = DIRECTION('',(-1.,0.,0.));
#13160 = ADVANCED_FACE('',(#13161),#13167,.F.);
#13161 = FACE_BOUND('',#13162,.F.);
#13162 = EDGE_LOOP('',(#13163,#13164,#13165,#13166));
#13163 = ORIENTED_EDGE('',*,*,#12744,.F.);
#13164 = ORIENTED_EDGE('',*,*,#13000,.T.);
#13165 = ORIENTED_EDGE('',*,*,#13040,.T.);
#13166 = ORIENTED_EDGE('',*,*,#12687,.F.);
#13167 = PLANE('',#13168);
#13168 = AXIS2_PLACEMENT_3D('',#13169,#13170,#13171);
#13169 = CARTESIAN_POINT('',(-7.9883,2.1463,5.7658));
#13170 = DIRECTION('',(0.,1.,0.));
#13171 = DIRECTION('',(-1.,0.,0.));
#13172 = ADVANCED_FACE('',(#13173),#13207,.T.);
#13173 = FACE_BOUND('',#13174,.F.);
#13174 = EDGE_LOOP('',(#13175,#13185,#13193,#13201));
#13175 = ORIENTED_EDGE('',*,*,#13176,.F.);
#13176 = EDGE_CURVE('',#13177,#13179,#13181,.T.);
#13177 = VERTEX_POINT('',#13178);
#13178 = CARTESIAN_POINT('',(-9.0043,6.8707,-1.8542));
#13179 = VERTEX_POINT('',#13180);
#13180 = CARTESIAN_POINT('',(-9.0043,6.8707,0.6858));
#13181 = LINE('',#13182,#13183);
#13182 = CARTESIAN_POINT('',(-9.0043,6.8707,-1.8542));
#13183 = VECTOR('',#13184,1.);
#13184 = DIRECTION('',(0.,0.,1.));
#13185 = ORIENTED_EDGE('',*,*,#13186,.F.);
#13186 = EDGE_CURVE('',#13187,#13177,#13189,.T.);
#13187 = VERTEX_POINT('',#13188);
#13188 = CARTESIAN_POINT('',(-7.9883,6.8707,-1.8542));
#13189 = LINE('',#13190,#13191);
#13190 = CARTESIAN_POINT('',(-7.9883,6.8707,-1.8542));
#13191 = VECTOR('',#13192,1.);
#13192 = DIRECTION('',(-1.,0.,0.));
#13193 = ORIENTED_EDGE('',*,*,#13194,.F.);
#13194 = EDGE_CURVE('',#13195,#13187,#13197,.T.);
#13195 = VERTEX_POINT('',#13196);
#13196 = CARTESIAN_POINT('',(-7.9883,6.8707,0.6858));
#13197 = LINE('',#13198,#13199);
#13198 = CARTESIAN_POINT('',(-7.9883,6.8707,0.6858));
#13199 = VECTOR('',#13200,1.);
#13200 = DIRECTION('',(0.,0.,-1.));
#13201 = ORIENTED_EDGE('',*,*,#13202,.F.);
#13202 = EDGE_CURVE('',#13179,#13195,#13203,.T.);
#13203 = LINE('',#13204,#13205);
#13204 = CARTESIAN_POINT('',(-9.0043,6.8707,0.6858));
#13205 = VECTOR('',#13206,1.);
#13206 = DIRECTION('',(1.,0.,0.));
#13207 = PLANE('',#13208);
#13208 = AXIS2_PLACEMENT_3D('',#13209,#13210,#13211);
#13209 = CARTESIAN_POINT('',(0.,6.8707,0.));
#13210 = DIRECTION('',(0.,1.,0.));
#13211 = DIRECTION('',(1.,0.,0.));
#13212 = ADVANCED_FACE('',(#13213),#13247,.T.);
#13213 = FACE_BOUND('',#13214,.F.);
#13214 = EDGE_LOOP('',(#13215,#13225,#13233,#13241));
#13215 = ORIENTED_EDGE('',*,*,#13216,.F.);
#13216 = EDGE_CURVE('',#13217,#13219,#13221,.T.);
#13217 = VERTEX_POINT('',#13218);
#13218 = CARTESIAN_POINT('',(9.0043,6.8707,-1.8542));
#13219 = VERTEX_POINT('',#13220);
#13220 = CARTESIAN_POINT('',(7.9883,6.8707,-1.8542));
#13221 = LINE('',#13222,#13223);
#13222 = CARTESIAN_POINT('',(9.0043,6.8707,-1.8542));
#13223 = VECTOR('',#13224,1.);
#13224 = DIRECTION('',(-1.,0.,0.));
#13225 = ORIENTED_EDGE('',*,*,#13226,.F.);
#13226 = EDGE_CURVE('',#13227,#13217,#13229,.T.);
#13227 = VERTEX_POINT('',#13228);
#13228 = CARTESIAN_POINT('',(9.0043,6.8707,0.6858));
#13229 = LINE('',#13230,#13231);
#13230 = CARTESIAN_POINT('',(9.0043,6.8707,0.6858));
#13231 = VECTOR('',#13232,1.);
#13232 = DIRECTION('',(0.,0.,-1.));
#13233 = ORIENTED_EDGE('',*,*,#13234,.F.);
#13234 = EDGE_CURVE('',#13235,#13227,#13237,.T.);
#13235 = VERTEX_POINT('',#13236);
#13236 = CARTESIAN_POINT('',(7.9883,6.8707,0.6858));
#13237 = LINE('',#13238,#13239);
#13238 = CARTESIAN_POINT('',(7.9883,6.8707,0.6858));
#13239 = VECTOR('',#13240,1.);
#13240 = DIRECTION('',(1.,0.,0.));
#13241 = ORIENTED_EDGE('',*,*,#13242,.F.);
#13242 = EDGE_CURVE('',#13219,#13235,#13243,.T.);
#13243 = LINE('',#13244,#13245);
#13244 = CARTESIAN_POINT('',(7.9883,6.8707,-1.8542));
#13245 = VECTOR('',#13246,1.);
#13246 = DIRECTION('',(0.,0.,1.));
#13247 = PLANE('',#13248);
#13248 = AXIS2_PLACEMENT_3D('',#13249,#13250,#13251);
#13249 = CARTESIAN_POINT('',(0.,6.8707,0.));
#13250 = DIRECTION('',(0.,1.,0.));
#13251 = DIRECTION('',(1.,0.,0.));
#13252 = ADVANCED_FACE('',(#13253),#13278,.T.);
#13253 = FACE_BOUND('',#13254,.F.);
#13254 = EDGE_LOOP('',(#13255,#13256,#13264,#13272));
#13255 = ORIENTED_EDGE('',*,*,#13055,.F.);
#13256 = ORIENTED_EDGE('',*,*,#13257,.F.);
#13257 = EDGE_CURVE('',#13258,#13056,#13260,.T.);
#13258 = VERTEX_POINT('',#13259);
#13259 = CARTESIAN_POINT('',(-9.0043,6.8707,3.7338));
#13260 = LINE('',#13261,#13262);
#13261 = CARTESIAN_POINT('',(-9.0043,6.8707,3.7338));
#13262 = VECTOR('',#13263,1.);
#13263 = DIRECTION('',(0.,0.,1.));
#13264 = ORIENTED_EDGE('',*,*,#13265,.F.);
#13265 = EDGE_CURVE('',#13266,#13258,#13268,.T.);
#13266 = VERTEX_POINT('',#13267);
#13267 = CARTESIAN_POINT('',(-7.9883,6.8707,3.7338));
#13268 = LINE('',#13269,#13270);
#13269 = CARTESIAN_POINT('',(-7.9883,6.8707,3.7338));
#13270 = VECTOR('',#13271,1.);
#13271 = DIRECTION('',(-1.,0.,0.));
#13272 = ORIENTED_EDGE('',*,*,#13273,.F.);
#13273 = EDGE_CURVE('',#13058,#13266,#13274,.T.);
#13274 = LINE('',#13275,#13276);
#13275 = CARTESIAN_POINT('',(-7.9883,6.8707,5.2578));
#13276 = VECTOR('',#13277,1.);
#13277 = DIRECTION('',(0.,0.,-1.));
#13278 = PLANE('',#13279);
#13279 = AXIS2_PLACEMENT_3D('',#13280,#13281,#13282);
#13280 = CARTESIAN_POINT('',(0.,6.8707,0.));
#13281 = DIRECTION('',(0.,1.,0.));
#13282 = DIRECTION('',(1.,0.,0.));
#13283 = ADVANCED_FACE('',(#13284),#13309,.T.);
#13284 = FACE_BOUND('',#13285,.F.);
#13285 = EDGE_LOOP('',(#13286,#13287,#13295,#13303));
#13286 = ORIENTED_EDGE('',*,*,#13095,.F.);
#13287 = ORIENTED_EDGE('',*,*,#13288,.F.);
#13288 = EDGE_CURVE('',#13289,#13096,#13291,.T.);
#13289 = VERTEX_POINT('',#13290);
#13290 = CARTESIAN_POINT('',(7.9883,6.8707,3.7338));
#13291 = LINE('',#13292,#13293);
#13292 = CARTESIAN_POINT('',(7.9883,6.8707,3.7338));
#13293 = VECTOR('',#13294,1.);
#13294 = DIRECTION('',(0.,0.,1.));
#13295 = ORIENTED_EDGE('',*,*,#13296,.F.);
#13296 = EDGE_CURVE('',#13297,#13289,#13299,.T.);
#13297 = VERTEX_POINT('',#13298);
#13298 = CARTESIAN_POINT('',(9.0043,6.8707,3.7338));
#13299 = LINE('',#13300,#13301);
#13300 = CARTESIAN_POINT('',(9.0043,6.8707,3.7338));
#13301 = VECTOR('',#13302,1.);
#13302 = DIRECTION('',(-1.,0.,0.));
#13303 = ORIENTED_EDGE('',*,*,#13304,.F.);
#13304 = EDGE_CURVE('',#13098,#13297,#13305,.T.);
#13305 = LINE('',#13306,#13307);
#13306 = CARTESIAN_POINT('',(9.0043,6.8707,5.2578));
#13307 = VECTOR('',#13308,1.);
#13308 = DIRECTION('',(0.,0.,-1.));
#13309 = PLANE('',#13310);
#13310 = AXIS2_PLACEMENT_3D('',#13311,#13312,#13313);
#13311 = CARTESIAN_POINT('',(0.,6.8707,0.));
#13312 = DIRECTION('',(0.,1.,0.));
#13313 = DIRECTION('',(1.,0.,0.));
#13314 = ADVANCED_FACE('',(#13315),#13340,.T.);
#13315 = FACE_BOUND('',#13316,.F.);
#13316 = EDGE_LOOP('',(#13317,#13318,#13326,#13334));
#13317 = ORIENTED_EDGE('',*,*,#12414,.T.);
#13318 = ORIENTED_EDGE('',*,*,#13319,.F.);
#13319 = EDGE_CURVE('',#13320,#12417,#13322,.T.);
#13320 = VERTEX_POINT('',#13321);
#13321 = CARTESIAN_POINT('',(-7.9883,6.8707,-4.4958));
#13322 = LINE('',#13323,#13324);
#13323 = CARTESIAN_POINT('',(-7.9883,6.8707,-4.4958));
#13324 = VECTOR('',#13325,1.);
#13325 = DIRECTION('',(0.,0.,-1.));
#13326 = ORIENTED_EDGE('',*,*,#13327,.F.);
#13327 = EDGE_CURVE('',#13328,#13320,#13330,.T.);
#13328 = VERTEX_POINT('',#13329);
#13329 = CARTESIAN_POINT('',(-9.0043,6.8707,-4.4958));
#13330 = LINE('',#13331,#13332);
#13331 = CARTESIAN_POINT('',(-9.0043,6.8707,-4.4958));
#13332 = VECTOR('',#13333,1.);
#13333 = DIRECTION('',(1.,0.,0.));
#13334 = ORIENTED_EDGE('',*,*,#13335,.F.);
#13335 = EDGE_CURVE('',#12415,#13328,#13336,.T.);
#13336 = LINE('',#13337,#13338);
#13337 = CARTESIAN_POINT('',(-9.0043,6.8707,-5.2578));
#13338 = VECTOR('',#13339,1.);
#13339 = DIRECTION('',(0.,0.,1.));
#13340 = PLANE('',#13341);
#13341 = AXIS2_PLACEMENT_3D('',#13342,#13343,#13344);
#13342 = CARTESIAN_POINT('',(0.,6.8707,0.));
#13343 = DIRECTION('',(0.,1.,0.));
#13344 = DIRECTION('',(1.,0.,0.));
#13345 = ADVANCED_FACE('',(#13346),#13371,.T.);
#13346 = FACE_BOUND('',#13347,.F.);
#13347 = EDGE_LOOP('',(#13348,#13349,#13357,#13365));
#13348 = ORIENTED_EDGE('',*,*,#12454,.T.);
#13349 = ORIENTED_EDGE('',*,*,#13350,.F.);
#13350 = EDGE_CURVE('',#13351,#12457,#13353,.T.);
#13351 = VERTEX_POINT('',#13352);
#13352 = CARTESIAN_POINT('',(9.0043,6.8707,-4.4958));
#13353 = LINE('',#13354,#13355);
#13354 = CARTESIAN_POINT('',(9.0043,6.8707,-4.4958));
#13355 = VECTOR('',#13356,1.);
#13356 = DIRECTION('',(0.,0.,-1.));
#13357 = ORIENTED_EDGE('',*,*,#13358,.F.);
#13358 = EDGE_CURVE('',#13359,#13351,#13361,.T.);
#13359 = VERTEX_POINT('',#13360);
#13360 = CARTESIAN_POINT('',(7.9883,6.8707,-4.4958));
#13361 = LINE('',#13362,#13363);
#13362 = CARTESIAN_POINT('',(7.9883,6.8707,-4.4958));
#13363 = VECTOR('',#13364,1.);
#13364 = DIRECTION('',(1.,0.,0.));
#13365 = ORIENTED_EDGE('',*,*,#13366,.F.);
#13366 = EDGE_CURVE('',#12455,#13359,#13367,.T.);
#13367 = LINE('',#13368,#13369);
#13368 = CARTESIAN_POINT('',(7.9883,6.8707,-5.2578));
#13369 = VECTOR('',#13370,1.);
#13370 = DIRECTION('',(0.,0.,1.));
#13371 = PLANE('',#13372);
#13372 = AXIS2_PLACEMENT_3D('',#13373,#13374,#13375);
#13373 = CARTESIAN_POINT('',(0.,6.8707,0.));
#13374 = DIRECTION('',(0.,1.,0.));
#13375 = DIRECTION('',(1.,0.,0.));
#13376 = ADVANCED_FACE('',(#13377),#13402,.F.);
#13377 = FACE_BOUND('',#13378,.F.);
#13378 = EDGE_LOOP('',(#13379,#13389,#13395,#13396));
#13379 = ORIENTED_EDGE('',*,*,#13380,.F.);
#13380 = EDGE_CURVE('',#13381,#13383,#13385,.T.);
#13381 = VERTEX_POINT('',#13382);
#13382 = CARTESIAN_POINT('',(-9.0043,7.3787,-1.8542));
#13383 = VERTEX_POINT('',#13384);
#13384 = CARTESIAN_POINT('',(-9.0043,7.3787,0.6858));
#13385 = LINE('',#13386,#13387);
#13386 = CARTESIAN_POINT('',(-9.0043,7.3787,-1.8542));
#13387 = VECTOR('',#13388,1.);
#13388 = DIRECTION('',(0.,0.,1.));
#13389 = ORIENTED_EDGE('',*,*,#13390,.T.);
#13390 = EDGE_CURVE('',#13381,#13177,#13391,.T.);
#13391 = LINE('',#13392,#13393);
#13392 = CARTESIAN_POINT('',(-9.0043,7.3787,-1.8542));
#13393 = VECTOR('',#13394,1.);
#13394 = DIRECTION('',(0.,-1.,0.));
#13395 = ORIENTED_EDGE('',*,*,#13176,.T.);
#13396 = ORIENTED_EDGE('',*,*,#13397,.F.);
#13397 = EDGE_CURVE('',#13383,#13179,#13398,.T.);
#13398 = LINE('',#13399,#13400);
#13399 = CARTESIAN_POINT('',(-9.0043,7.3787,0.6858));
#13400 = VECTOR('',#13401,1.);
#13401 = DIRECTION('',(0.,-1.,0.));
#13402 = PLANE('',#13403);
#13403 = AXIS2_PLACEMENT_3D('',#13404,#13405,#13406);
#13404 = CARTESIAN_POINT('',(-9.0043,7.3787,-1.8542));
#13405 = DIRECTION('',(-1.,0.,0.));
#13406 = DIRECTION('',(0.,0.,1.));
#13407 = ADVANCED_FACE('',(#13408,#13539,#13589,#13639,#13664),#13698,
  .T.);
#13408 = FACE_BOUND('',#13409,.F.);
#13409 = EDGE_LOOP('',(#13410,#13418,#13426,#13432,#13433,#13441,#13449,
    #13455,#13456,#13464,#13470,#13471,#13479,#13487,#13493,#13494,
    #13500,#13501,#13509,#13517,#13523,#13524,#13532,#13538));
#13410 = ORIENTED_EDGE('',*,*,#13411,.F.);
#13411 = EDGE_CURVE('',#13412,#12601,#13414,.T.);
#13412 = VERTEX_POINT('',#13413);
#13413 = CARTESIAN_POINT('',(-9.0043,7.3787,-4.4958));
#13414 = LINE('',#13415,#13416);
#13415 = CARTESIAN_POINT('',(-9.0043,7.3787,-4.4958));
#13416 = VECTOR('',#13417,1.);
#13417 = DIRECTION('',(0.,0.,-1.));
#13418 = ORIENTED_EDGE('',*,*,#13419,.T.);
#13419 = EDGE_CURVE('',#13412,#13420,#13422,.T.);
#13420 = VERTEX_POINT('',#13421);
#13421 = CARTESIAN_POINT('',(-7.9883,7.3787,-4.4958));
#13422 = LINE('',#13423,#13424);
#13423 = CARTESIAN_POINT('',(-9.0043,7.3787,-4.4958));
#13424 = VECTOR('',#13425,1.);
#13425 = DIRECTION('',(1.,0.,0.));
#13426 = ORIENTED_EDGE('',*,*,#13427,.F.);
#13427 = EDGE_CURVE('',#12577,#13420,#13428,.T.);
#13428 = LINE('',#13429,#13430);
#13429 = CARTESIAN_POINT('',(-7.9883,7.3787,-5.7658));
#13430 = VECTOR('',#13431,1.);
#13431 = DIRECTION('',(0.,0.,1.));
#13432 = ORIENTED_EDGE('',*,*,#12576,.F.);
#13433 = ORIENTED_EDGE('',*,*,#13434,.F.);
#13434 = EDGE_CURVE('',#13435,#12569,#13437,.T.);
#13435 = VERTEX_POINT('',#13436);
#13436 = CARTESIAN_POINT('',(7.9883,7.3787,-4.4958));
#13437 = LINE('',#13438,#13439);
#13438 = CARTESIAN_POINT('',(7.9883,7.3787,-4.4958));
#13439 = VECTOR('',#13440,1.);
#13440 = DIRECTION('',(0.,0.,-1.));
#13441 = ORIENTED_EDGE('',*,*,#13442,.T.);
#13442 = EDGE_CURVE('',#13435,#13443,#13445,.T.);
#13443 = VERTEX_POINT('',#13444);
#13444 = CARTESIAN_POINT('',(9.0043,7.3787,-4.4958));
#13445 = LINE('',#13446,#13447);
#13446 = CARTESIAN_POINT('',(7.9883,7.3787,-4.4958));
#13447 = VECTOR('',#13448,1.);
#13448 = DIRECTION('',(1.,0.,0.));
#13449 = ORIENTED_EDGE('',*,*,#13450,.F.);
#13450 = EDGE_CURVE('',#12545,#13443,#13451,.T.);
#13451 = LINE('',#13452,#13453);
#13452 = CARTESIAN_POINT('',(9.0043,7.3787,-5.7658));
#13453 = VECTOR('',#13454,1.);
#13454 = DIRECTION('',(0.,0.,1.));
#13455 = ORIENTED_EDGE('',*,*,#12544,.F.);
#13456 = ORIENTED_EDGE('',*,*,#13457,.F.);
#13457 = EDGE_CURVE('',#13458,#12537,#13460,.T.);
#13458 = VERTEX_POINT('',#13459);
#13459 = CARTESIAN_POINT('',(10.541,7.3787,-4.4958));
#13460 = LINE('',#13461,#13462);
#13461 = CARTESIAN_POINT('',(10.541,7.3787,-4.4958));
#13462 = VECTOR('',#13463,1.);
#13463 = DIRECTION('',(-0.707106781187,0.,-0.707106781187));
#13464 = ORIENTED_EDGE('',*,*,#13465,.F.);
#13465 = EDGE_CURVE('',#12968,#13458,#13466,.T.);
#13466 = LINE('',#13467,#13468);
#13467 = CARTESIAN_POINT('',(10.541,7.3787,5.7658));
#13468 = VECTOR('',#13469,1.);
#13469 = DIRECTION('',(0.,0.,-1.));
#13470 = ORIENTED_EDGE('',*,*,#12967,.F.);
#13471 = ORIENTED_EDGE('',*,*,#13472,.F.);
#13472 = EDGE_CURVE('',#13473,#12960,#13475,.T.);
#13473 = VERTEX_POINT('',#13474);
#13474 = CARTESIAN_POINT('',(9.0043,7.3787,3.7338));
#13475 = LINE('',#13476,#13477);
#13476 = CARTESIAN_POINT('',(9.0043,7.3787,3.7338));
#13477 = VECTOR('',#13478,1.);
#13478 = DIRECTION('',(0.,0.,1.));
#13479 = ORIENTED_EDGE('',*,*,#13480,.T.);
#13480 = EDGE_CURVE('',#13473,#13481,#13483,.T.);
#13481 = VERTEX_POINT('',#13482);
#13482 = CARTESIAN_POINT('',(7.9883,7.3787,3.7338));
#13483 = LINE('',#13484,#13485);
#13484 = CARTESIAN_POINT('',(9.0043,7.3787,3.7338));
#13485 = VECTOR('',#13486,1.);
#13486 = DIRECTION('',(-1.,0.,0.));
#13487 = ORIENTED_EDGE('',*,*,#13488,.F.);
#13488 = EDGE_CURVE('',#12936,#13481,#13489,.T.);
#13489 = LINE('',#13490,#13491);
#13490 = CARTESIAN_POINT('',(7.9883,7.3787,5.7658));
#13491 = VECTOR('',#13492,1.);
#13492 = DIRECTION('',(0.,0.,-1.));
#13493 = ORIENTED_EDGE('',*,*,#12935,.F.);
#13494 = ORIENTED_EDGE('',*,*,#13495,.F.);
#13495 = EDGE_CURVE('',#12793,#12928,#13496,.T.);
#13496 = LINE('',#13497,#13498);
#13497 = CARTESIAN_POINT('',(-2.3495,7.3787,5.7658));
#13498 = VECTOR('',#13499,1.);
#13499 = DIRECTION('',(1.,0.,0.));
#13500 = ORIENTED_EDGE('',*,*,#12792,.F.);
#13501 = ORIENTED_EDGE('',*,*,#13502,.F.);
#13502 = EDGE_CURVE('',#13503,#12785,#13505,.T.);
#13503 = VERTEX_POINT('',#13504);
#13504 = CARTESIAN_POINT('',(-7.9883,7.3787,3.7338));
#13505 = LINE('',#13506,#13507);
#13506 = CARTESIAN_POINT('',(-7.9883,7.3787,3.7338));
#13507 = VECTOR('',#13508,1.);
#13508 = DIRECTION('',(0.,0.,1.));
#13509 = ORIENTED_EDGE('',*,*,#13510,.T.);
#13510 = EDGE_CURVE('',#13503,#13511,#13513,.T.);
#13511 = VERTEX_POINT('',#13512);
#13512 = CARTESIAN_POINT('',(-9.0043,7.3787,3.7338));
#13513 = LINE('',#13514,#13515);
#13514 = CARTESIAN_POINT('',(-7.9883,7.3787,3.7338));
#13515 = VECTOR('',#13516,1.);
#13516 = DIRECTION('',(-1.,0.,0.));
#13517 = ORIENTED_EDGE('',*,*,#13518,.F.);
#13518 = EDGE_CURVE('',#12761,#13511,#13519,.T.);
#13519 = LINE('',#13520,#13521);
#13520 = CARTESIAN_POINT('',(-9.0043,7.3787,5.7658));
#13521 = VECTOR('',#13522,1.);
#13522 = DIRECTION('',(0.,0.,-1.));
#13523 = ORIENTED_EDGE('',*,*,#12760,.F.);
#13524 = ORIENTED_EDGE('',*,*,#13525,.F.);
#13525 = EDGE_CURVE('',#13526,#12753,#13528,.T.);
#13526 = VERTEX_POINT('',#13527);
#13527 = CARTESIAN_POINT('',(-10.541,7.3787,-4.4958));
#13528 = LINE('',#13529,#13530);
#13529 = CARTESIAN_POINT('',(-10.541,7.3787,-4.4958));
#13530 = VECTOR('',#13531,1.);
#13531 = DIRECTION('',(0.,0.,1.));
#13532 = ORIENTED_EDGE('',*,*,#13533,.F.);
#13533 = EDGE_CURVE('',#12609,#13526,#13534,.T.);
#13534 = LINE('',#13535,#13536);
#13535 = CARTESIAN_POINT('',(-9.271,7.3787,-5.7658));
#13536 = VECTOR('',#13537,1.);
#13537 = DIRECTION('',(-0.707106781187,0.,0.707106781187));
#13538 = ORIENTED_EDGE('',*,*,#12608,.F.);
#13539 = FACE_BOUND('',#13540,.F.);
#13540 = EDGE_LOOP('',(#13541,#13551,#13559,#13567,#13575,#13583));
#13541 = ORIENTED_EDGE('',*,*,#13542,.T.);
#13542 = EDGE_CURVE('',#13543,#13545,#13547,.T.);
#13543 = VERTEX_POINT('',#13544);
#13544 = CARTESIAN_POINT('',(-0.4318,7.3787,-1.651));
#13545 = VERTEX_POINT('',#13546);
#13546 = CARTESIAN_POINT('',(-2.0828,7.3787,-3.302));
#13547 = LINE('',#13548,#13549);
#13548 = CARTESIAN_POINT('',(-0.4318,7.3787,-1.651));
#13549 = VECTOR('',#13550,1.);
#13550 = DIRECTION('',(-0.707106781187,0.,-0.707106781187));
#13551 = ORIENTED_EDGE('',*,*,#13552,.T.);
#13552 = EDGE_CURVE('',#13545,#13553,#13555,.T.);
#13553 = VERTEX_POINT('',#13554);
#13554 = CARTESIAN_POINT('',(-5.3848,7.3787,-3.302));
#13555 = LINE('',#13556,#13557);
#13556 = CARTESIAN_POINT('',(-2.0828,7.3787,-3.302));
#13557 = VECTOR('',#13558,1.);
#13558 = DIRECTION('',(-1.,0.,0.));
#13559 = ORIENTED_EDGE('',*,*,#13560,.T.);
#13560 = EDGE_CURVE('',#13553,#13561,#13563,.T.);
#13561 = VERTEX_POINT('',#13562);
#13562 = CARTESIAN_POINT('',(-7.0358,7.3787,-1.651));
#13563 = LINE('',#13564,#13565);
#13564 = CARTESIAN_POINT('',(-5.3848,7.3787,-3.302));
#13565 = VECTOR('',#13566,1.);
#13566 = DIRECTION('',(-0.707106781187,0.,0.707106781187));
#13567 = ORIENTED_EDGE('',*,*,#13568,.T.);
#13568 = EDGE_CURVE('',#13561,#13569,#13571,.T.);
#13569 = VERTEX_POINT('',#13570);
#13570 = CARTESIAN_POINT('',(-7.0358,7.3787,3.302));
#13571 = LINE('',#13572,#13573);
#13572 = CARTESIAN_POINT('',(-7.0358,7.3787,-1.651));
#13573 = VECTOR('',#13574,1.);
#13574 = DIRECTION('',(0.,0.,1.));
#13575 = ORIENTED_EDGE('',*,*,#13576,.T.);
#13576 = EDGE_CURVE('',#13569,#13577,#13579,.T.);
#13577 = VERTEX_POINT('',#13578);
#13578 = CARTESIAN_POINT('',(-0.4318,7.3787,3.302));
#13579 = LINE('',#13580,#13581);
#13580 = CARTESIAN_POINT('',(-7.0358,7.3787,3.302));
#13581 = VECTOR('',#13582,1.);
#13582 = DIRECTION('',(1.,0.,0.));
#13583 = ORIENTED_EDGE('',*,*,#13584,.T.);
#13584 = EDGE_CURVE('',#13577,#13543,#13585,.T.);
#13585 = LINE('',#13586,#13587);
#13586 = CARTESIAN_POINT('',(-0.4318,7.3787,3.302));
#13587 = VECTOR('',#13588,1.);
#13588 = DIRECTION('',(0.,0.,-1.));
#13589 = FACE_BOUND('',#13590,.F.);
#13590 = EDGE_LOOP('',(#13591,#13601,#13609,#13617,#13625,#13633));
#13591 = ORIENTED_EDGE('',*,*,#13592,.T.);
#13592 = EDGE_CURVE('',#13593,#13595,#13597,.T.);
#13593 = VERTEX_POINT('',#13594);
#13594 = CARTESIAN_POINT('',(0.4572,7.3787,-1.651));
#13595 = VERTEX_POINT('',#13596);
#13596 = CARTESIAN_POINT('',(0.4572,7.3787,3.302));
#13597 = LINE('',#13598,#13599);
#13598 = CARTESIAN_POINT('',(0.4572,7.3787,-1.651));
#13599 = VECTOR('',#13600,1.);
#13600 = DIRECTION('',(0.,0.,1.));
#13601 = ORIENTED_EDGE('',*,*,#13602,.T.);
#13602 = EDGE_CURVE('',#13595,#13603,#13605,.T.);
#13603 = VERTEX_POINT('',#13604);
#13604 = CARTESIAN_POINT('',(7.0612,7.3787,3.302));
#13605 = LINE('',#13606,#13607);
#13606 = CARTESIAN_POINT('',(0.4572,7.3787,3.302));
#13607 = VECTOR('',#13608,1.);
#13608 = DIRECTION('',(1.,0.,0.));
#13609 = ORIENTED_EDGE('',*,*,#13610,.T.);
#13610 = EDGE_CURVE('',#13603,#13611,#13613,.T.);
#13611 = VERTEX_POINT('',#13612);
#13612 = CARTESIAN_POINT('',(7.0612,7.3787,-1.651));
#13613 = LINE('',#13614,#13615);
#13614 = CARTESIAN_POINT('',(7.0612,7.3787,3.302));
#13615 = VECTOR('',#13616,1.);
#13616 = DIRECTION('',(0.,0.,-1.));
#13617 = ORIENTED_EDGE('',*,*,#13618,.T.);
#13618 = EDGE_CURVE('',#13611,#13619,#13621,.T.);
#13619 = VERTEX_POINT('',#13620);
#13620 = CARTESIAN_POINT('',(5.4102,7.3787,-3.302));
#13621 = LINE('',#13622,#13623);
#13622 = CARTESIAN_POINT('',(7.0612,7.3787,-1.651));
#13623 = VECTOR('',#13624,1.);
#13624 = DIRECTION('',(-0.707106781187,0.,-0.707106781187));
#13625 = ORIENTED_EDGE('',*,*,#13626,.T.);
#13626 = EDGE_CURVE('',#13619,#13627,#13629,.T.);
#13627 = VERTEX_POINT('',#13628);
#13628 = CARTESIAN_POINT('',(2.1082,7.3787,-3.302));
#13629 = LINE('',#13630,#13631);
#13630 = CARTESIAN_POINT('',(5.4102,7.3787,-3.302));
#13631 = VECTOR('',#13632,1.);
#13632 = DIRECTION('',(-1.,0.,0.));
#13633 = ORIENTED_EDGE('',*,*,#13634,.T.);
#13634 = EDGE_CURVE('',#13627,#13593,#13635,.T.);
#13635 = LINE('',#13636,#13637);
#13636 = CARTESIAN_POINT('',(2.1082,7.3787,-3.302));
#13637 = VECTOR('',#13638,1.);
#13638 = DIRECTION('',(-0.707106781187,0.,0.707106781187));
#13639 = FACE_BOUND('',#13640,.F.);
#13640 = EDGE_LOOP('',(#13641,#13642,#13650,#13658));
#13641 = ORIENTED_EDGE('',*,*,#13380,.T.);
#13642 = ORIENTED_EDGE('',*,*,#13643,.T.);
#13643 = EDGE_CURVE('',#13383,#13644,#13646,.T.);
#13644 = VERTEX_POINT('',#13645);
#13645 = CARTESIAN_POINT('',(-7.9883,7.3787,0.6858));
#13646 = LINE('',#13647,#13648);
#13647 = CARTESIAN_POINT('',(-9.0043,7.3787,0.6858));
#13648 = VECTOR('',#13649,1.);
#13649 = DIRECTION('',(1.,0.,0.));
#13650 = ORIENTED_EDGE('',*,*,#13651,.T.);
#13651 = EDGE_CURVE('',#13644,#13652,#13654,.T.);
#13652 = VERTEX_POINT('',#13653);
#13653 = CARTESIAN_POINT('',(-7.9883,7.3787,-1.8542));
#13654 = LINE('',#13655,#13656);
#13655 = CARTESIAN_POINT('',(-7.9883,7.3787,0.6858));
#13656 = VECTOR('',#13657,1.);
#13657 = DIRECTION('',(0.,0.,-1.));
#13658 = ORIENTED_EDGE('',*,*,#13659,.T.);
#13659 = EDGE_CURVE('',#13652,#13381,#13660,.T.);
#13660 = LINE('',#13661,#13662);
#13661 = CARTESIAN_POINT('',(-7.9883,7.3787,-1.8542));
#13662 = VECTOR('',#13663,1.);
#13663 = DIRECTION('',(-1.,0.,0.));
#13664 = FACE_BOUND('',#13665,.F.);
#13665 = EDGE_LOOP('',(#13666,#13676,#13684,#13692));
#13666 = ORIENTED_EDGE('',*,*,#13667,.T.);
#13667 = EDGE_CURVE('',#13668,#13670,#13672,.T.);
#13668 = VERTEX_POINT('',#13669);
#13669 = CARTESIAN_POINT('',(9.0043,7.3787,-1.8542));
#13670 = VERTEX_POINT('',#13671);
#13671 = CARTESIAN_POINT('',(7.9883,7.3787,-1.8542));
#13672 = LINE('',#13673,#13674);
#13673 = CARTESIAN_POINT('',(9.0043,7.3787,-1.8542));
#13674 = VECTOR('',#13675,1.);
#13675 = DIRECTION('',(-1.,0.,0.));
#13676 = ORIENTED_EDGE('',*,*,#13677,.T.);
#13677 = EDGE_CURVE('',#13670,#13678,#13680,.T.);
#13678 = VERTEX_POINT('',#13679);
#13679 = CARTESIAN_POINT('',(7.9883,7.3787,0.6858));
#13680 = LINE('',#13681,#13682);
#13681 = CARTESIAN_POINT('',(7.9883,7.3787,-1.8542));
#13682 = VECTOR('',#13683,1.);
#13683 = DIRECTION('',(0.,0.,1.));
#13684 = ORIENTED_EDGE('',*,*,#13685,.T.);
#13685 = EDGE_CURVE('',#13678,#13686,#13688,.T.);
#13686 = VERTEX_POINT('',#13687);
#13687 = CARTESIAN_POINT('',(9.0043,7.3787,0.6858));
#13688 = LINE('',#13689,#13690);
#13689 = CARTESIAN_POINT('',(7.9883,7.3787,0.6858));
#13690 = VECTOR('',#13691,1.);
#13691 = DIRECTION('',(1.,0.,0.));
#13692 = ORIENTED_EDGE('',*,*,#13693,.T.);
#13693 = EDGE_CURVE('',#13686,#13668,#13694,.T.);
#13694 = LINE('',#13695,#13696);
#13695 = CARTESIAN_POINT('',(9.0043,7.3787,0.6858));
#13696 = VECTOR('',#13697,1.);
#13697 = DIRECTION('',(0.,0.,-1.));
#13698 = PLANE('',#13699);
#13699 = AXIS2_PLACEMENT_3D('',#13700,#13701,#13702);
#13700 = CARTESIAN_POINT('',(0.,7.3787,0.));
#13701 = DIRECTION('',(0.,1.,0.));
#13702 = DIRECTION('',(1.,0.,0.));
#13703 = ADVANCED_FACE('',(#13704),#13729,.F.);
#13704 = FACE_BOUND('',#13705,.F.);
#13705 = EDGE_LOOP('',(#13706,#13707,#13715,#13723));
#13706 = ORIENTED_EDGE('',*,*,#13592,.F.);
#13707 = ORIENTED_EDGE('',*,*,#13708,.T.);
#13708 = EDGE_CURVE('',#13593,#13709,#13711,.T.);
#13709 = VERTEX_POINT('',#13710);
#13710 = CARTESIAN_POINT('',(0.4572,-4.1529,-1.651));
#13711 = LINE('',#13712,#13713);
#13712 = CARTESIAN_POINT('',(0.4572,7.3787,-1.651));
#13713 = VECTOR('',#13714,1.);
#13714 = DIRECTION('',(0.,-1.,0.));
#13715 = ORIENTED_EDGE('',*,*,#13716,.T.);
#13716 = EDGE_CURVE('',#13709,#13717,#13719,.T.);
#13717 = VERTEX_POINT('',#13718);
#13718 = CARTESIAN_POINT('',(0.4572,-4.1529,3.302));
#13719 = LINE('',#13720,#13721);
#13720 = CARTESIAN_POINT('',(0.4572,-4.1529,-1.651));
#13721 = VECTOR('',#13722,1.);
#13722 = DIRECTION('',(0.,0.,1.));
#13723 = ORIENTED_EDGE('',*,*,#13724,.F.);
#13724 = EDGE_CURVE('',#13595,#13717,#13725,.T.);
#13725 = LINE('',#13726,#13727);
#13726 = CARTESIAN_POINT('',(0.4572,7.3787,3.302));
#13727 = VECTOR('',#13728,1.);
#13728 = DIRECTION('',(0.,-1.,0.));
#13729 = PLANE('',#13730);
#13730 = AXIS2_PLACEMENT_3D('',#13731,#13732,#13733);
#13731 = CARTESIAN_POINT('',(0.4572,7.3787,-1.651));
#13732 = DIRECTION('',(-1.,0.,0.));
#13733 = DIRECTION('',(0.,0.,1.));
#13734 = ADVANCED_FACE('',(#13735),#13753,.F.);
#13735 = FACE_BOUND('',#13736,.F.);
#13736 = EDGE_LOOP('',(#13737,#13738,#13746,#13752));
#13737 = ORIENTED_EDGE('',*,*,#13634,.F.);
#13738 = ORIENTED_EDGE('',*,*,#13739,.T.);
#13739 = EDGE_CURVE('',#13627,#13740,#13742,.T.);
#13740 = VERTEX_POINT('',#13741);
#13741 = CARTESIAN_POINT('',(2.1082,-4.1529,-3.302));
#13742 = LINE('',#13743,#13744);
#13743 = CARTESIAN_POINT('',(2.1082,7.3787,-3.302));
#13744 = VECTOR('',#13745,1.);
#13745 = DIRECTION('',(0.,-1.,0.));
#13746 = ORIENTED_EDGE('',*,*,#13747,.T.);
#13747 = EDGE_CURVE('',#13740,#13709,#13748,.T.);
#13748 = LINE('',#13749,#13750);
#13749 = CARTESIAN_POINT('',(2.1082,-4.1529,-3.302));
#13750 = VECTOR('',#13751,1.);
#13751 = DIRECTION('',(-0.707106781187,0.,0.707106781187));
#13752 = ORIENTED_EDGE('',*,*,#13708,.F.);
#13753 = PLANE('',#13754);
#13754 = AXIS2_PLACEMENT_3D('',#13755,#13756,#13757);
#13755 = CARTESIAN_POINT('',(2.1082,7.3787,-3.302));
#13756 = DIRECTION('',(-0.707106781187,0.,-0.707106781187));
#13757 = DIRECTION('',(-0.707106781187,0.,0.707106781187));
#13758 = ADVANCED_FACE('',(#13759),#13777,.F.);
#13759 = FACE_BOUND('',#13760,.F.);
#13760 = EDGE_LOOP('',(#13761,#13762,#13770,#13776));
#13761 = ORIENTED_EDGE('',*,*,#13626,.F.);
#13762 = ORIENTED_EDGE('',*,*,#13763,.T.);
#13763 = EDGE_CURVE('',#13619,#13764,#13766,.T.);
#13764 = VERTEX_POINT('',#13765);
#13765 = CARTESIAN_POINT('',(5.4102,-4.1529,-3.302));
#13766 = LINE('',#13767,#13768);
#13767 = CARTESIAN_POINT('',(5.4102,7.3787,-3.302));
#13768 = VECTOR('',#13769,1.);
#13769 = DIRECTION('',(0.,-1.,0.));
#13770 = ORIENTED_EDGE('',*,*,#13771,.T.);
#13771 = EDGE_CURVE('',#13764,#13740,#13772,.T.);
#13772 = LINE('',#13773,#13774);
#13773 = CARTESIAN_POINT('',(5.4102,-4.1529,-3.302));
#13774 = VECTOR('',#13775,1.);
#13775 = DIRECTION('',(-1.,0.,0.));
#13776 = ORIENTED_EDGE('',*,*,#13739,.F.);
#13777 = PLANE('',#13778);
#13778 = AXIS2_PLACEMENT_3D('',#13779,#13780,#13781);
#13779 = CARTESIAN_POINT('',(5.4102,7.3787,-3.302));
#13780 = DIRECTION('',(0.,0.,-1.));
#13781 = DIRECTION('',(-1.,0.,0.));
#13782 = ADVANCED_FACE('',(#13783),#13801,.F.);
#13783 = FACE_BOUND('',#13784,.F.);
#13784 = EDGE_LOOP('',(#13785,#13786,#13794,#13800));
#13785 = ORIENTED_EDGE('',*,*,#13618,.F.);
#13786 = ORIENTED_EDGE('',*,*,#13787,.T.);
#13787 = EDGE_CURVE('',#13611,#13788,#13790,.T.);
#13788 = VERTEX_POINT('',#13789);
#13789 = CARTESIAN_POINT('',(7.0612,-4.1529,-1.651));
#13790 = LINE('',#13791,#13792);
#13791 = CARTESIAN_POINT('',(7.0612,7.3787,-1.651));
#13792 = VECTOR('',#13793,1.);
#13793 = DIRECTION('',(0.,-1.,0.));
#13794 = ORIENTED_EDGE('',*,*,#13795,.T.);
#13795 = EDGE_CURVE('',#13788,#13764,#13796,.T.);
#13796 = LINE('',#13797,#13798);
#13797 = CARTESIAN_POINT('',(7.0612,-4.1529,-1.651));
#13798 = VECTOR('',#13799,1.);
#13799 = DIRECTION('',(-0.707106781187,0.,-0.707106781187));
#13800 = ORIENTED_EDGE('',*,*,#13763,.F.);
#13801 = PLANE('',#13802);
#13802 = AXIS2_PLACEMENT_3D('',#13803,#13804,#13805);
#13803 = CARTESIAN_POINT('',(7.0612,7.3787,-1.651));
#13804 = DIRECTION('',(0.707106781187,0.,-0.707106781187));
#13805 = DIRECTION('',(-0.707106781187,0.,-0.707106781187));
#13806 = ADVANCED_FACE('',(#13807),#13825,.F.);
#13807 = FACE_BOUND('',#13808,.F.);
#13808 = EDGE_LOOP('',(#13809,#13810,#13818,#13824));
#13809 = ORIENTED_EDGE('',*,*,#13610,.F.);
#13810 = ORIENTED_EDGE('',*,*,#13811,.T.);
#13811 = EDGE_CURVE('',#13603,#13812,#13814,.T.);
#13812 = VERTEX_POINT('',#13813);
#13813 = CARTESIAN_POINT('',(7.0612,-4.1529,3.302));
#13814 = LINE('',#13815,#13816);
#13815 = CARTESIAN_POINT('',(7.0612,7.3787,3.302));
#13816 = VECTOR('',#13817,1.);
#13817 = DIRECTION('',(0.,-1.,0.));
#13818 = ORIENTED_EDGE('',*,*,#13819,.T.);
#13819 = EDGE_CURVE('',#13812,#13788,#13820,.T.);
#13820 = LINE('',#13821,#13822);
#13821 = CARTESIAN_POINT('',(7.0612,-4.1529,3.302));
#13822 = VECTOR('',#13823,1.);
#13823 = DIRECTION('',(0.,0.,-1.));
#13824 = ORIENTED_EDGE('',*,*,#13787,.F.);
#13825 = PLANE('',#13826);
#13826 = AXIS2_PLACEMENT_3D('',#13827,#13828,#13829);
#13827 = CARTESIAN_POINT('',(7.0612,7.3787,3.302));
#13828 = DIRECTION('',(1.,0.,0.));
#13829 = DIRECTION('',(0.,0.,-1.));
#13830 = ADVANCED_FACE('',(#13831),#13842,.F.);
#13831 = FACE_BOUND('',#13832,.F.);
#13832 = EDGE_LOOP('',(#13833,#13834,#13835,#13841));
#13833 = ORIENTED_EDGE('',*,*,#13602,.F.);
#13834 = ORIENTED_EDGE('',*,*,#13724,.T.);
#13835 = ORIENTED_EDGE('',*,*,#13836,.T.);
#13836 = EDGE_CURVE('',#13717,#13812,#13837,.T.);
#13837 = LINE('',#13838,#13839);
#13838 = CARTESIAN_POINT('',(0.4572,-4.1529,3.302));
#13839 = VECTOR('',#13840,1.);
#13840 = DIRECTION('',(1.,0.,0.));
#13841 = ORIENTED_EDGE('',*,*,#13811,.F.);
#13842 = PLANE('',#13843);
#13843 = AXIS2_PLACEMENT_3D('',#13844,#13845,#13846);
#13844 = CARTESIAN_POINT('',(0.4572,7.3787,3.302));
#13845 = DIRECTION('',(0.,0.,1.));
#13846 = DIRECTION('',(1.,0.,-0.));
#13847 = ADVANCED_FACE('',(#13848,#13856),#13890,.T.);
#13848 = FACE_BOUND('',#13849,.F.);
#13849 = EDGE_LOOP('',(#13850,#13851,#13852,#13853,#13854,#13855));
#13850 = ORIENTED_EDGE('',*,*,#13716,.F.);
#13851 = ORIENTED_EDGE('',*,*,#13747,.F.);
#13852 = ORIENTED_EDGE('',*,*,#13771,.F.);
#13853 = ORIENTED_EDGE('',*,*,#13795,.F.);
#13854 = ORIENTED_EDGE('',*,*,#13819,.F.);
#13855 = ORIENTED_EDGE('',*,*,#13836,.F.);
#13856 = FACE_BOUND('',#13857,.F.);
#13857 = EDGE_LOOP('',(#13858,#13868,#13876,#13884));
#13858 = ORIENTED_EDGE('',*,*,#13859,.T.);
#13859 = EDGE_CURVE('',#13860,#13862,#13864,.T.);
#13860 = VERTEX_POINT('',#13861);
#13861 = CARTESIAN_POINT('',(3.5052,-4.1529,-1.5875));
#13862 = VERTEX_POINT('',#13863);
#13863 = CARTESIAN_POINT('',(3.5052,-4.1529,1.5875));
#13864 = LINE('',#13865,#13866);
#13865 = CARTESIAN_POINT('',(3.5052,-4.1529,-1.5875));
#13866 = VECTOR('',#13867,1.);
#13867 = DIRECTION('',(0.,0.,1.));
#13868 = ORIENTED_EDGE('',*,*,#13869,.T.);
#13869 = EDGE_CURVE('',#13862,#13870,#13872,.T.);
#13870 = VERTEX_POINT('',#13871);
#13871 = CARTESIAN_POINT('',(4.0132,-4.1529,1.5875));
#13872 = LINE('',#13873,#13874);
#13873 = CARTESIAN_POINT('',(3.5052,-4.1529,1.5875));
#13874 = VECTOR('',#13875,1.);
#13875 = DIRECTION('',(1.,0.,0.));
#13876 = ORIENTED_EDGE('',*,*,#13877,.T.);
#13877 = EDGE_CURVE('',#13870,#13878,#13880,.T.);
#13878 = VERTEX_POINT('',#13879);
#13879 = CARTESIAN_POINT('',(4.0132,-4.1529,-1.5875));
#13880 = LINE('',#13881,#13882);
#13881 = CARTESIAN_POINT('',(4.0132,-4.1529,1.5875));
#13882 = VECTOR('',#13883,1.);
#13883 = DIRECTION('',(0.,0.,-1.));
#13884 = ORIENTED_EDGE('',*,*,#13885,.T.);
#13885 = EDGE_CURVE('',#13878,#13860,#13886,.T.);
#13886 = LINE('',#13887,#13888);
#13887 = CARTESIAN_POINT('',(4.0132,-4.1529,-1.5875));
#13888 = VECTOR('',#13889,1.);
#13889 = DIRECTION('',(-1.,0.,0.));
#13890 = PLANE('',#13891);
#13891 = AXIS2_PLACEMENT_3D('',#13892,#13893,#13894);
#13892 = CARTESIAN_POINT('',(0.,-4.1529,0.));
#13893 = DIRECTION('',(0.,1.,0.));
#13894 = DIRECTION('',(1.,0.,0.));
#13895 = ADVANCED_FACE('',(#13896,#13946),#13980,.T.);
#13896 = FACE_BOUND('',#13897,.F.);
#13897 = EDGE_LOOP('',(#13898,#13908,#13916,#13924,#13932,#13940));
#13898 = ORIENTED_EDGE('',*,*,#13899,.F.);
#13899 = EDGE_CURVE('',#13900,#13902,#13904,.T.);
#13900 = VERTEX_POINT('',#13901);
#13901 = CARTESIAN_POINT('',(-0.4318,-4.1529,-1.651));
#13902 = VERTEX_POINT('',#13903);
#13903 = CARTESIAN_POINT('',(-2.0828,-4.1529,-3.302));
#13904 = LINE('',#13905,#13906);
#13905 = CARTESIAN_POINT('',(-0.4318,-4.1529,-1.651));
#13906 = VECTOR('',#13907,1.);
#13907 = DIRECTION('',(-0.707106781187,0.,-0.707106781187));
#13908 = ORIENTED_EDGE('',*,*,#13909,.F.);
#13909 = EDGE_CURVE('',#13910,#13900,#13912,.T.);
#13910 = VERTEX_POINT('',#13911);
#13911 = CARTESIAN_POINT('',(-0.4318,-4.1529,3.302));
#13912 = LINE('',#13913,#13914);
#13913 = CARTESIAN_POINT('',(-0.4318,-4.1529,3.302));
#13914 = VECTOR('',#13915,1.);
#13915 = DIRECTION('',(0.,0.,-1.));
#13916 = ORIENTED_EDGE('',*,*,#13917,.F.);
#13917 = EDGE_CURVE('',#13918,#13910,#13920,.T.);
#13918 = VERTEX_POINT('',#13919);
#13919 = CARTESIAN_POINT('',(-7.0358,-4.1529,3.302));
#13920 = LINE('',#13921,#13922);
#13921 = CARTESIAN_POINT('',(-7.0358,-4.1529,3.302));
#13922 = VECTOR('',#13923,1.);
#13923 = DIRECTION('',(1.,0.,0.));
#13924 = ORIENTED_EDGE('',*,*,#13925,.F.);
#13925 = EDGE_CURVE('',#13926,#13918,#13928,.T.);
#13926 = VERTEX_POINT('',#13927);
#13927 = CARTESIAN_POINT('',(-7.0358,-4.1529,-1.651));
#13928 = LINE('',#13929,#13930);
#13929 = CARTESIAN_POINT('',(-7.0358,-4.1529,-1.651));
#13930 = VECTOR('',#13931,1.);
#13931 = DIRECTION('',(0.,0.,1.));
#13932 = ORIENTED_EDGE('',*,*,#13933,.F.);
#13933 = EDGE_CURVE('',#13934,#13926,#13936,.T.);
#13934 = VERTEX_POINT('',#13935);
#13935 = CARTESIAN_POINT('',(-5.3848,-4.1529,-3.302));
#13936 = LINE('',#13937,#13938);
#13937 = CARTESIAN_POINT('',(-5.3848,-4.1529,-3.302));
#13938 = VECTOR('',#13939,1.);
#13939 = DIRECTION('',(-0.707106781187,0.,0.707106781187));
#13940 = ORIENTED_EDGE('',*,*,#13941,.F.);
#13941 = EDGE_CURVE('',#13902,#13934,#13942,.T.);
#13942 = LINE('',#13943,#13944);
#13943 = CARTESIAN_POINT('',(-2.0828,-4.1529,-3.302));
#13944 = VECTOR('',#13945,1.);
#13945 = DIRECTION('',(-1.,0.,0.));
#13946 = FACE_BOUND('',#13947,.F.);
#13947 = EDGE_LOOP('',(#13948,#13958,#13966,#13974));
#13948 = ORIENTED_EDGE('',*,*,#13949,.T.);
#13949 = EDGE_CURVE('',#13950,#13952,#13954,.T.);
#13950 = VERTEX_POINT('',#13951);
#13951 = CARTESIAN_POINT('',(-3.9878,-4.1529,-1.5875));
#13952 = VERTEX_POINT('',#13953);
#13953 = CARTESIAN_POINT('',(-3.9878,-4.1529,1.5875));
#13954 = LINE('',#13955,#13956);
#13955 = CARTESIAN_POINT('',(-3.9878,-4.1529,-1.5875));
#13956 = VECTOR('',#13957,1.);
#13957 = DIRECTION('',(0.,0.,1.));
#13958 = ORIENTED_EDGE('',*,*,#13959,.T.);
#13959 = EDGE_CURVE('',#13952,#13960,#13962,.T.);
#13960 = VERTEX_POINT('',#13961);
#13961 = CARTESIAN_POINT('',(-3.4798,-4.1529,1.5875));
#13962 = LINE('',#13963,#13964);
#13963 = CARTESIAN_POINT('',(-3.9878,-4.1529,1.5875));
#13964 = VECTOR('',#13965,1.);
#13965 = DIRECTION('',(1.,0.,0.));
#13966 = ORIENTED_EDGE('',*,*,#13967,.T.);
#13967 = EDGE_CURVE('',#13960,#13968,#13970,.T.);
#13968 = VERTEX_POINT('',#13969);
#13969 = CARTESIAN_POINT('',(-3.4798,-4.1529,-1.5875));
#13970 = LINE('',#13971,#13972);
#13971 = CARTESIAN_POINT('',(-3.4798,-4.1529,1.5875));
#13972 = VECTOR('',#13973,1.);
#13973 = DIRECTION('',(0.,0.,-1.));
#13974 = ORIENTED_EDGE('',*,*,#13975,.T.);
#13975 = EDGE_CURVE('',#13968,#13950,#13976,.T.);
#13976 = LINE('',#13977,#13978);
#13977 = CARTESIAN_POINT('',(-3.4798,-4.1529,-1.5875));
#13978 = VECTOR('',#13979,1.);
#13979 = DIRECTION('',(-1.,0.,0.));
#13980 = PLANE('',#13981);
#13981 = AXIS2_PLACEMENT_3D('',#13982,#13983,#13984);
#13982 = CARTESIAN_POINT('',(0.,-4.1529,0.));
#13983 = DIRECTION('',(0.,1.,0.));
#13984 = DIRECTION('',(1.,0.,0.));
#13985 = ADVANCED_FACE('',(#13986),#14002,.F.);
#13986 = FACE_BOUND('',#13987,.F.);
#13987 = EDGE_LOOP('',(#13988,#13989,#13995,#13996));
#13988 = ORIENTED_EDGE('',*,*,#13542,.F.);
#13989 = ORIENTED_EDGE('',*,*,#13990,.T.);
#13990 = EDGE_CURVE('',#13543,#13900,#13991,.T.);
#13991 = LINE('',#13992,#13993);
#13992 = CARTESIAN_POINT('',(-0.4318,7.3787,-1.651));
#13993 = VECTOR('',#13994,1.);
#13994 = DIRECTION('',(0.,-1.,0.));
#13995 = ORIENTED_EDGE('',*,*,#13899,.T.);
#13996 = ORIENTED_EDGE('',*,*,#13997,.F.);
#13997 = EDGE_CURVE('',#13545,#13902,#13998,.T.);
#13998 = LINE('',#13999,#14000);
#13999 = CARTESIAN_POINT('',(-2.0828,7.3787,-3.302));
#14000 = VECTOR('',#14001,1.);
#14001 = DIRECTION('',(0.,-1.,0.));
#14002 = PLANE('',#14003);
#14003 = AXIS2_PLACEMENT_3D('',#14004,#14005,#14006);
#14004 = CARTESIAN_POINT('',(-0.4318,7.3787,-1.651));
#14005 = DIRECTION('',(0.707106781187,0.,-0.707106781187));
#14006 = DIRECTION('',(-0.707106781187,0.,-0.707106781187));
#14007 = ADVANCED_FACE('',(#14008),#14019,.F.);
#14008 = FACE_BOUND('',#14009,.F.);
#14009 = EDGE_LOOP('',(#14010,#14011,#14017,#14018));
#14010 = ORIENTED_EDGE('',*,*,#13584,.F.);
#14011 = ORIENTED_EDGE('',*,*,#14012,.T.);
#14012 = EDGE_CURVE('',#13577,#13910,#14013,.T.);
#14013 = LINE('',#14014,#14015);
#14014 = CARTESIAN_POINT('',(-0.4318,7.3787,3.302));
#14015 = VECTOR('',#14016,1.);
#14016 = DIRECTION('',(0.,-1.,0.));
#14017 = ORIENTED_EDGE('',*,*,#13909,.T.);
#14018 = ORIENTED_EDGE('',*,*,#13990,.F.);
#14019 = PLANE('',#14020);
#14020 = AXIS2_PLACEMENT_3D('',#14021,#14022,#14023);
#14021 = CARTESIAN_POINT('',(-0.4318,7.3787,3.302));
#14022 = DIRECTION('',(1.,0.,0.));
#14023 = DIRECTION('',(0.,0.,-1.));
#14024 = ADVANCED_FACE('',(#14025),#14036,.F.);
#14025 = FACE_BOUND('',#14026,.F.);
#14026 = EDGE_LOOP('',(#14027,#14028,#14034,#14035));
#14027 = ORIENTED_EDGE('',*,*,#13576,.F.);
#14028 = ORIENTED_EDGE('',*,*,#14029,.T.);
#14029 = EDGE_CURVE('',#13569,#13918,#14030,.T.);
#14030 = LINE('',#14031,#14032);
#14031 = CARTESIAN_POINT('',(-7.0358,7.3787,3.302));
#14032 = VECTOR('',#14033,1.);
#14033 = DIRECTION('',(0.,-1.,0.));
#14034 = ORIENTED_EDGE('',*,*,#13917,.T.);
#14035 = ORIENTED_EDGE('',*,*,#14012,.F.);
#14036 = PLANE('',#14037);
#14037 = AXIS2_PLACEMENT_3D('',#14038,#14039,#14040);
#14038 = CARTESIAN_POINT('',(-7.0358,7.3787,3.302));
#14039 = DIRECTION('',(0.,0.,1.));
#14040 = DIRECTION('',(1.,0.,-0.));
#14041 = ADVANCED_FACE('',(#14042),#14053,.F.);
#14042 = FACE_BOUND('',#14043,.F.);
#14043 = EDGE_LOOP('',(#14044,#14045,#14051,#14052));
#14044 = ORIENTED_EDGE('',*,*,#13568,.F.);
#14045 = ORIENTED_EDGE('',*,*,#14046,.T.);
#14046 = EDGE_CURVE('',#13561,#13926,#14047,.T.);
#14047 = LINE('',#14048,#14049);
#14048 = CARTESIAN_POINT('',(-7.0358,7.3787,-1.651));
#14049 = VECTOR('',#14050,1.);
#14050 = DIRECTION('',(0.,-1.,0.));
#14051 = ORIENTED_EDGE('',*,*,#13925,.T.);
#14052 = ORIENTED_EDGE('',*,*,#14029,.F.);
#14053 = PLANE('',#14054);
#14054 = AXIS2_PLACEMENT_3D('',#14055,#14056,#14057);
#14055 = CARTESIAN_POINT('',(-7.0358,7.3787,-1.651));
#14056 = DIRECTION('',(-1.,0.,0.));
#14057 = DIRECTION('',(0.,0.,1.));
#14058 = ADVANCED_FACE('',(#14059),#14070,.F.);
#14059 = FACE_BOUND('',#14060,.F.);
#14060 = EDGE_LOOP('',(#14061,#14062,#14068,#14069));
#14061 = ORIENTED_EDGE('',*,*,#13560,.F.);
#14062 = ORIENTED_EDGE('',*,*,#14063,.T.);
#14063 = EDGE_CURVE('',#13553,#13934,#14064,.T.);
#14064 = LINE('',#14065,#14066);
#14065 = CARTESIAN_POINT('',(-5.3848,7.3787,-3.302));
#14066 = VECTOR('',#14067,1.);
#14067 = DIRECTION('',(0.,-1.,0.));
#14068 = ORIENTED_EDGE('',*,*,#13933,.T.);
#14069 = ORIENTED_EDGE('',*,*,#14046,.F.);
#14070 = PLANE('',#14071);
#14071 = AXIS2_PLACEMENT_3D('',#14072,#14073,#14074);
#14072 = CARTESIAN_POINT('',(-5.3848,7.3787,-3.302));
#14073 = DIRECTION('',(-0.707106781187,0.,-0.707106781187));
#14074 = DIRECTION('',(-0.707106781187,0.,0.707106781187));
#14075 = ADVANCED_FACE('',(#14076),#14082,.F.);
#14076 = FACE_BOUND('',#14077,.F.);
#14077 = EDGE_LOOP('',(#14078,#14079,#14080,#14081));
#14078 = ORIENTED_EDGE('',*,*,#13552,.F.);
#14079 = ORIENTED_EDGE('',*,*,#13997,.T.);
#14080 = ORIENTED_EDGE('',*,*,#13941,.T.);
#14081 = ORIENTED_EDGE('',*,*,#14063,.F.);
#14082 = PLANE('',#14083);
#14083 = AXIS2_PLACEMENT_3D('',#14084,#14085,#14086);
#14084 = CARTESIAN_POINT('',(-2.0828,7.3787,-3.302));
#14085 = DIRECTION('',(0.,0.,-1.));
#14086 = DIRECTION('',(-1.,0.,0.));
#14087 = ADVANCED_FACE('',(#14088),#14113,.T.);
#14088 = FACE_BOUND('',#14089,.F.);
#14089 = EDGE_LOOP('',(#14090,#14091,#14099,#14107));
#14090 = ORIENTED_EDGE('',*,*,#13859,.F.);
#14091 = ORIENTED_EDGE('',*,*,#14092,.T.);
#14092 = EDGE_CURVE('',#13860,#14093,#14095,.T.);
#14093 = VERTEX_POINT('',#14094);
#14094 = CARTESIAN_POINT('',(3.5052,0.7366,-1.5875));
#14095 = LINE('',#14096,#14097);
#14096 = CARTESIAN_POINT('',(3.5052,-4.1529,-1.5875));
#14097 = VECTOR('',#14098,1.);
#14098 = DIRECTION('',(0.,1.,0.));
#14099 = ORIENTED_EDGE('',*,*,#14100,.T.);
#14100 = EDGE_CURVE('',#14093,#14101,#14103,.T.);
#14101 = VERTEX_POINT('',#14102);
#14102 = CARTESIAN_POINT('',(3.5052,0.7366,1.5875));
#14103 = LINE('',#14104,#14105);
#14104 = CARTESIAN_POINT('',(3.5052,0.7366,-1.5875));
#14105 = VECTOR('',#14106,1.);
#14106 = DIRECTION('',(0.,0.,1.));
#14107 = ORIENTED_EDGE('',*,*,#14108,.F.);
#14108 = EDGE_CURVE('',#13862,#14101,#14109,.T.);
#14109 = LINE('',#14110,#14111);
#14110 = CARTESIAN_POINT('',(3.5052,-4.1529,1.5875));
#14111 = VECTOR('',#14112,1.);
#14112 = DIRECTION('',(0.,1.,0.));
#14113 = PLANE('',#14114);
#14114 = AXIS2_PLACEMENT_3D('',#14115,#14116,#14117);
#14115 = CARTESIAN_POINT('',(3.5052,-4.1529,-1.5875));
#14116 = DIRECTION('',(-1.,0.,0.));
#14117 = DIRECTION('',(0.,0.,1.));
#14118 = ADVANCED_FACE('',(#14119),#14137,.T.);
#14119 = FACE_BOUND('',#14120,.F.);
#14120 = EDGE_LOOP('',(#14121,#14122,#14130,#14136));
#14121 = ORIENTED_EDGE('',*,*,#13885,.F.);
#14122 = ORIENTED_EDGE('',*,*,#14123,.T.);
#14123 = EDGE_CURVE('',#13878,#14124,#14126,.T.);
#14124 = VERTEX_POINT('',#14125);
#14125 = CARTESIAN_POINT('',(4.0132,0.7366,-1.5875));
#14126 = LINE('',#14127,#14128);
#14127 = CARTESIAN_POINT('',(4.0132,-4.1529,-1.5875));
#14128 = VECTOR('',#14129,1.);
#14129 = DIRECTION('',(0.,1.,0.));
#14130 = ORIENTED_EDGE('',*,*,#14131,.T.);
#14131 = EDGE_CURVE('',#14124,#14093,#14132,.T.);
#14132 = LINE('',#14133,#14134);
#14133 = CARTESIAN_POINT('',(4.0132,0.7366,-1.5875));
#14134 = VECTOR('',#14135,1.);
#14135 = DIRECTION('',(-1.,0.,0.));
#14136 = ORIENTED_EDGE('',*,*,#14092,.F.);
#14137 = PLANE('',#14138);
#14138 = AXIS2_PLACEMENT_3D('',#14139,#14140,#14141);
#14139 = CARTESIAN_POINT('',(4.0132,-4.1529,-1.5875));
#14140 = DIRECTION('',(0.,0.,-1.));
#14141 = DIRECTION('',(-1.,0.,0.));
#14142 = ADVANCED_FACE('',(#14143),#14161,.T.);
#14143 = FACE_BOUND('',#14144,.F.);
#14144 = EDGE_LOOP('',(#14145,#14146,#14154,#14160));
#14145 = ORIENTED_EDGE('',*,*,#13877,.F.);
#14146 = ORIENTED_EDGE('',*,*,#14147,.T.);
#14147 = EDGE_CURVE('',#13870,#14148,#14150,.T.);
#14148 = VERTEX_POINT('',#14149);
#14149 = CARTESIAN_POINT('',(4.0132,0.7366,1.5875));
#14150 = LINE('',#14151,#14152);
#14151 = CARTESIAN_POINT('',(4.0132,-4.1529,1.5875));
#14152 = VECTOR('',#14153,1.);
#14153 = DIRECTION('',(0.,1.,0.));
#14154 = ORIENTED_EDGE('',*,*,#14155,.T.);
#14155 = EDGE_CURVE('',#14148,#14124,#14156,.T.);
#14156 = LINE('',#14157,#14158);
#14157 = CARTESIAN_POINT('',(4.0132,0.7366,1.5875));
#14158 = VECTOR('',#14159,1.);
#14159 = DIRECTION('',(0.,0.,-1.));
#14160 = ORIENTED_EDGE('',*,*,#14123,.F.);
#14161 = PLANE('',#14162);
#14162 = AXIS2_PLACEMENT_3D('',#14163,#14164,#14165);
#14163 = CARTESIAN_POINT('',(4.0132,-4.1529,1.5875));
#14164 = DIRECTION('',(1.,0.,0.));
#14165 = DIRECTION('',(0.,0.,-1.));
#14166 = ADVANCED_FACE('',(#14167),#14178,.T.);
#14167 = FACE_BOUND('',#14168,.F.);
#14168 = EDGE_LOOP('',(#14169,#14170,#14171,#14177));
#14169 = ORIENTED_EDGE('',*,*,#13869,.F.);
#14170 = ORIENTED_EDGE('',*,*,#14108,.T.);
#14171 = ORIENTED_EDGE('',*,*,#14172,.T.);
#14172 = EDGE_CURVE('',#14101,#14148,#14173,.T.);
#14173 = LINE('',#14174,#14175);
#14174 = CARTESIAN_POINT('',(3.5052,0.7366,1.5875));
#14175 = VECTOR('',#14176,1.);
#14176 = DIRECTION('',(1.,0.,0.));
#14177 = ORIENTED_EDGE('',*,*,#14147,.F.);
#14178 = PLANE('',#14179);
#14179 = AXIS2_PLACEMENT_3D('',#14180,#14181,#14182);
#14180 = CARTESIAN_POINT('',(3.5052,-4.1529,1.5875));
#14181 = DIRECTION('',(0.,0.,1.));
#14182 = DIRECTION('',(1.,0.,-0.));
#14183 = ADVANCED_FACE('',(#14184),#14209,.F.);
#14184 = FACE_BOUND('',#14185,.F.);
#14185 = EDGE_LOOP('',(#14186,#14196,#14202,#14203));
#14186 = ORIENTED_EDGE('',*,*,#14187,.T.);
#14187 = EDGE_CURVE('',#14188,#14190,#14192,.T.);
#14188 = VERTEX_POINT('',#14189);
#14189 = CARTESIAN_POINT('',(3.6957,0.9271,1.397));
#14190 = VERTEX_POINT('',#14191);
#14191 = CARTESIAN_POINT('',(3.8227,0.9271,1.397));
#14192 = LINE('',#14193,#14194);
#14193 = CARTESIAN_POINT('',(3.6957,0.9271,1.397));
#14194 = VECTOR('',#14195,1.);
#14195 = DIRECTION('',(1.,0.,0.));
#14196 = ORIENTED_EDGE('',*,*,#14197,.T.);
#14197 = EDGE_CURVE('',#14190,#14148,#14198,.T.);
#14198 = LINE('',#14199,#14200);
#14199 = CARTESIAN_POINT('',(3.8227,0.9271,1.397));
#14200 = VECTOR('',#14201,1.);
#14201 = DIRECTION('',(0.57735026919,-0.57735026919,0.57735026919));
#14202 = ORIENTED_EDGE('',*,*,#14172,.F.);
#14203 = ORIENTED_EDGE('',*,*,#14204,.F.);
#14204 = EDGE_CURVE('',#14188,#14101,#14205,.T.);
#14205 = LINE('',#14206,#14207);
#14206 = CARTESIAN_POINT('',(3.6957,0.9271,1.397));
#14207 = VECTOR('',#14208,1.);
#14208 = DIRECTION('',(-0.57735026919,-0.57735026919,0.57735026919));
#14209 = PLANE('',#14210);
#14210 = AXIS2_PLACEMENT_3D('',#14211,#14212,#14213);
#14211 = CARTESIAN_POINT('',(3.5052,0.9271,1.397));
#14212 = DIRECTION('',(0.,-0.707106781187,-0.707106781187));
#14213 = DIRECTION('',(1.,0.,0.));
#14214 = ADVANCED_FACE('',(#14215),#14240,.T.);
#14215 = FACE_BOUND('',#14216,.F.);
#14216 = EDGE_LOOP('',(#14217,#14225,#14233,#14239));
#14217 = ORIENTED_EDGE('',*,*,#14218,.F.);
#14218 = EDGE_CURVE('',#14219,#14188,#14221,.T.);
#14219 = VERTEX_POINT('',#14220);
#14220 = CARTESIAN_POINT('',(3.6957,0.9271,-1.397));
#14221 = LINE('',#14222,#14223);
#14222 = CARTESIAN_POINT('',(3.6957,0.9271,-1.397));
#14223 = VECTOR('',#14224,1.);
#14224 = DIRECTION('',(0.,0.,1.));
#14225 = ORIENTED_EDGE('',*,*,#14226,.F.);
#14226 = EDGE_CURVE('',#14227,#14219,#14229,.T.);
#14227 = VERTEX_POINT('',#14228);
#14228 = CARTESIAN_POINT('',(3.8227,0.9271,-1.397));
#14229 = LINE('',#14230,#14231);
#14230 = CARTESIAN_POINT('',(3.8227,0.9271,-1.397));
#14231 = VECTOR('',#14232,1.);
#14232 = DIRECTION('',(-1.,0.,0.));
#14233 = ORIENTED_EDGE('',*,*,#14234,.F.);
#14234 = EDGE_CURVE('',#14190,#14227,#14235,.T.);
#14235 = LINE('',#14236,#14237);
#14236 = CARTESIAN_POINT('',(3.8227,0.9271,1.397));
#14237 = VECTOR('',#14238,1.);
#14238 = DIRECTION('',(0.,0.,-1.));
#14239 = ORIENTED_EDGE('',*,*,#14187,.F.);
#14240 = PLANE('',#14241);
#14241 = AXIS2_PLACEMENT_3D('',#14242,#14243,#14244);
#14242 = CARTESIAN_POINT('',(0.,0.9271,0.));
#14243 = DIRECTION('',(0.,1.,0.));
#14244 = DIRECTION('',(1.,0.,0.));
#14245 = ADVANCED_FACE('',(#14246),#14257,.F.);
#14246 = FACE_BOUND('',#14247,.F.);
#14247 = EDGE_LOOP('',(#14248,#14249,#14250,#14251));
#14248 = ORIENTED_EDGE('',*,*,#14218,.T.);
#14249 = ORIENTED_EDGE('',*,*,#14204,.T.);
#14250 = ORIENTED_EDGE('',*,*,#14100,.F.);
#14251 = ORIENTED_EDGE('',*,*,#14252,.F.);
#14252 = EDGE_CURVE('',#14219,#14093,#14253,.T.);
#14253 = LINE('',#14254,#14255);
#14254 = CARTESIAN_POINT('',(3.6957,0.9271,-1.397));
#14255 = VECTOR('',#14256,1.);
#14256 = DIRECTION('',(-0.57735026919,-0.57735026919,-0.57735026919));
#14257 = PLANE('',#14258);
#14258 = AXIS2_PLACEMENT_3D('',#14259,#14260,#14261);
#14259 = CARTESIAN_POINT('',(3.6957,0.9271,-1.5875));
#14260 = DIRECTION('',(0.707106781187,-0.707106781187,0.));
#14261 = DIRECTION('',(0.,0.,1.));
#14262 = ADVANCED_FACE('',(#14263),#14274,.F.);
#14263 = FACE_BOUND('',#14264,.F.);
#14264 = EDGE_LOOP('',(#14265,#14266,#14267,#14268));
#14265 = ORIENTED_EDGE('',*,*,#14226,.T.);
#14266 = ORIENTED_EDGE('',*,*,#14252,.T.);
#14267 = ORIENTED_EDGE('',*,*,#14131,.F.);
#14268 = ORIENTED_EDGE('',*,*,#14269,.F.);
#14269 = EDGE_CURVE('',#14227,#14124,#14270,.T.);
#14270 = LINE('',#14271,#14272);
#14271 = CARTESIAN_POINT('',(3.8227,0.9271,-1.397));
#14272 = VECTOR('',#14273,1.);
#14273 = DIRECTION('',(0.57735026919,-0.57735026919,-0.57735026919));
#14274 = PLANE('',#14275);
#14275 = AXIS2_PLACEMENT_3D('',#14276,#14277,#14278);
#14276 = CARTESIAN_POINT('',(4.0132,0.9271,-1.397));
#14277 = DIRECTION('',(0.,-0.707106781187,0.707106781187));
#14278 = DIRECTION('',(-1.,0.,0.));
#14279 = ADVANCED_FACE('',(#14280),#14286,.F.);
#14280 = FACE_BOUND('',#14281,.F.);
#14281 = EDGE_LOOP('',(#14282,#14283,#14284,#14285));
#14282 = ORIENTED_EDGE('',*,*,#14234,.T.);
#14283 = ORIENTED_EDGE('',*,*,#14269,.T.);
#14284 = ORIENTED_EDGE('',*,*,#14155,.F.);
#14285 = ORIENTED_EDGE('',*,*,#14197,.F.);
#14286 = PLANE('',#14287);
#14287 = AXIS2_PLACEMENT_3D('',#14288,#14289,#14290);
#14288 = CARTESIAN_POINT('',(3.8227,0.9271,1.5875));
#14289 = DIRECTION('',(-0.707106781187,-0.707106781187,0.));
#14290 = DIRECTION('',(-0.,0.,-1.));
#14291 = ADVANCED_FACE('',(#14292),#14317,.T.);
#14292 = FACE_BOUND('',#14293,.F.);
#14293 = EDGE_LOOP('',(#14294,#14302,#14310,#14316));
#14294 = ORIENTED_EDGE('',*,*,#14295,.T.);
#14295 = EDGE_CURVE('',#13950,#14296,#14298,.T.);
#14296 = VERTEX_POINT('',#14297);
#14297 = CARTESIAN_POINT('',(-3.9878,0.7366,-1.5875));
#14298 = LINE('',#14299,#14300);
#14299 = CARTESIAN_POINT('',(-3.9878,-4.1529,-1.5875));
#14300 = VECTOR('',#14301,1.);
#14301 = DIRECTION('',(0.,1.,0.));
#14302 = ORIENTED_EDGE('',*,*,#14303,.T.);
#14303 = EDGE_CURVE('',#14296,#14304,#14306,.T.);
#14304 = VERTEX_POINT('',#14305);
#14305 = CARTESIAN_POINT('',(-3.9878,0.7366,1.5875));
#14306 = LINE('',#14307,#14308);
#14307 = CARTESIAN_POINT('',(-3.9878,0.7366,-1.5875));
#14308 = VECTOR('',#14309,1.);
#14309 = DIRECTION('',(0.,0.,1.));
#14310 = ORIENTED_EDGE('',*,*,#14311,.F.);
#14311 = EDGE_CURVE('',#13952,#14304,#14312,.T.);
#14312 = LINE('',#14313,#14314);
#14313 = CARTESIAN_POINT('',(-3.9878,-4.1529,1.5875));
#14314 = VECTOR('',#14315,1.);
#14315 = DIRECTION('',(0.,1.,0.));
#14316 = ORIENTED_EDGE('',*,*,#13949,.F.);
#14317 = PLANE('',#14318);
#14318 = AXIS2_PLACEMENT_3D('',#14319,#14320,#14321);
#14319 = CARTESIAN_POINT('',(-3.9878,-4.1529,-1.5875));
#14320 = DIRECTION('',(-1.,0.,0.));
#14321 = DIRECTION('',(0.,0.,1.));
#14322 = ADVANCED_FACE('',(#14323),#14341,.T.);
#14323 = FACE_BOUND('',#14324,.F.);
#14324 = EDGE_LOOP('',(#14325,#14326,#14327,#14335));
#14325 = ORIENTED_EDGE('',*,*,#14295,.F.);
#14326 = ORIENTED_EDGE('',*,*,#13975,.F.);
#14327 = ORIENTED_EDGE('',*,*,#14328,.T.);
#14328 = EDGE_CURVE('',#13968,#14329,#14331,.T.);
#14329 = VERTEX_POINT('',#14330);
#14330 = CARTESIAN_POINT('',(-3.4798,0.7366,-1.5875));
#14331 = LINE('',#14332,#14333);
#14332 = CARTESIAN_POINT('',(-3.4798,-4.1529,-1.5875));
#14333 = VECTOR('',#14334,1.);
#14334 = DIRECTION('',(0.,1.,0.));
#14335 = ORIENTED_EDGE('',*,*,#14336,.T.);
#14336 = EDGE_CURVE('',#14329,#14296,#14337,.T.);
#14337 = LINE('',#14338,#14339);
#14338 = CARTESIAN_POINT('',(-3.4798,0.7366,-1.5875));
#14339 = VECTOR('',#14340,1.);
#14340 = DIRECTION('',(-1.,0.,0.));
#14341 = PLANE('',#14342);
#14342 = AXIS2_PLACEMENT_3D('',#14343,#14344,#14345);
#14343 = CARTESIAN_POINT('',(-3.4798,-4.1529,-1.5875));
#14344 = DIRECTION('',(0.,0.,-1.));
#14345 = DIRECTION('',(-1.,0.,0.));
#14346 = ADVANCED_FACE('',(#14347),#14365,.T.);
#14347 = FACE_BOUND('',#14348,.F.);
#14348 = EDGE_LOOP('',(#14349,#14357,#14363,#14364));
#14349 = ORIENTED_EDGE('',*,*,#14350,.T.);
#14350 = EDGE_CURVE('',#13960,#14351,#14353,.T.);
#14351 = VERTEX_POINT('',#14352);
#14352 = CARTESIAN_POINT('',(-3.4798,0.7366,1.5875));
#14353 = LINE('',#14354,#14355);
#14354 = CARTESIAN_POINT('',(-3.4798,-4.1529,1.5875));
#14355 = VECTOR('',#14356,1.);
#14356 = DIRECTION('',(0.,1.,0.));
#14357 = ORIENTED_EDGE('',*,*,#14358,.T.);
#14358 = EDGE_CURVE('',#14351,#14329,#14359,.T.);
#14359 = LINE('',#14360,#14361);
#14360 = CARTESIAN_POINT('',(-3.4798,0.7366,1.5875));
#14361 = VECTOR('',#14362,1.);
#14362 = DIRECTION('',(0.,0.,-1.));
#14363 = ORIENTED_EDGE('',*,*,#14328,.F.);
#14364 = ORIENTED_EDGE('',*,*,#13967,.F.);
#14365 = PLANE('',#14366);
#14366 = AXIS2_PLACEMENT_3D('',#14367,#14368,#14369);
#14367 = CARTESIAN_POINT('',(-3.4798,-4.1529,1.5875));
#14368 = DIRECTION('',(1.,0.,0.));
#14369 = DIRECTION('',(0.,0.,-1.));
#14370 = ADVANCED_FACE('',(#14371),#14382,.T.);
#14371 = FACE_BOUND('',#14372,.F.);
#14372 = EDGE_LOOP('',(#14373,#14374,#14380,#14381));
#14373 = ORIENTED_EDGE('',*,*,#14311,.T.);
#14374 = ORIENTED_EDGE('',*,*,#14375,.T.);
#14375 = EDGE_CURVE('',#14304,#14351,#14376,.T.);
#14376 = LINE('',#14377,#14378);
#14377 = CARTESIAN_POINT('',(-3.9878,0.7366,1.5875));
#14378 = VECTOR('',#14379,1.);
#14379 = DIRECTION('',(1.,0.,0.));
#14380 = ORIENTED_EDGE('',*,*,#14350,.F.);
#14381 = ORIENTED_EDGE('',*,*,#13959,.F.);
#14382 = PLANE('',#14383);
#14383 = AXIS2_PLACEMENT_3D('',#14384,#14385,#14386);
#14384 = CARTESIAN_POINT('',(-3.9878,-4.1529,1.5875));
#14385 = DIRECTION('',(0.,0.,1.));
#14386 = DIRECTION('',(1.,0.,-0.));
#14387 = ADVANCED_FACE('',(#14388),#14413,.F.);
#14388 = FACE_BOUND('',#14389,.F.);
#14389 = EDGE_LOOP('',(#14390,#14400,#14406,#14407));
#14390 = ORIENTED_EDGE('',*,*,#14391,.T.);
#14391 = EDGE_CURVE('',#14392,#14394,#14396,.T.);
#14392 = VERTEX_POINT('',#14393);
#14393 = CARTESIAN_POINT('',(-3.7973,0.9271,1.397));
#14394 = VERTEX_POINT('',#14395);
#14395 = CARTESIAN_POINT('',(-3.6703,0.9271,1.397));
#14396 = LINE('',#14397,#14398);
#14397 = CARTESIAN_POINT('',(-3.7973,0.9271,1.397));
#14398 = VECTOR('',#14399,1.);
#14399 = DIRECTION('',(1.,0.,0.));
#14400 = ORIENTED_EDGE('',*,*,#14401,.T.);
#14401 = EDGE_CURVE('',#14394,#14351,#14402,.T.);
#14402 = LINE('',#14403,#14404);
#14403 = CARTESIAN_POINT('',(-3.6703,0.9271,1.397));
#14404 = VECTOR('',#14405,1.);
#14405 = DIRECTION('',(0.57735026919,-0.57735026919,0.57735026919));
#14406 = ORIENTED_EDGE('',*,*,#14375,.F.);
#14407 = ORIENTED_EDGE('',*,*,#14408,.F.);
#14408 = EDGE_CURVE('',#14392,#14304,#14409,.T.);
#14409 = LINE('',#14410,#14411);
#14410 = CARTESIAN_POINT('',(-3.7973,0.9271,1.397));
#14411 = VECTOR('',#14412,1.);
#14412 = DIRECTION('',(-0.57735026919,-0.57735026919,0.57735026919));
#14413 = PLANE('',#14414);
#14414 = AXIS2_PLACEMENT_3D('',#14415,#14416,#14417);
#14415 = CARTESIAN_POINT('',(-3.9878,0.9271,1.397));
#14416 = DIRECTION('',(0.,-0.707106781187,-0.707106781187));
#14417 = DIRECTION('',(1.,0.,0.));
#14418 = ADVANCED_FACE('',(#14419),#14444,.T.);
#14419 = FACE_BOUND('',#14420,.F.);
#14420 = EDGE_LOOP('',(#14421,#14429,#14437,#14443));
#14421 = ORIENTED_EDGE('',*,*,#14422,.F.);
#14422 = EDGE_CURVE('',#14423,#14392,#14425,.T.);
#14423 = VERTEX_POINT('',#14424);
#14424 = CARTESIAN_POINT('',(-3.7973,0.9271,-1.397));
#14425 = LINE('',#14426,#14427);
#14426 = CARTESIAN_POINT('',(-3.7973,0.9271,-1.397));
#14427 = VECTOR('',#14428,1.);
#14428 = DIRECTION('',(0.,0.,1.));
#14429 = ORIENTED_EDGE('',*,*,#14430,.F.);
#14430 = EDGE_CURVE('',#14431,#14423,#14433,.T.);
#14431 = VERTEX_POINT('',#14432);
#14432 = CARTESIAN_POINT('',(-3.6703,0.9271,-1.397));
#14433 = LINE('',#14434,#14435);
#14434 = CARTESIAN_POINT('',(-3.6703,0.9271,-1.397));
#14435 = VECTOR('',#14436,1.);
#14436 = DIRECTION('',(-1.,0.,0.));
#14437 = ORIENTED_EDGE('',*,*,#14438,.F.);
#14438 = EDGE_CURVE('',#14394,#14431,#14439,.T.);
#14439 = LINE('',#14440,#14441);
#14440 = CARTESIAN_POINT('',(-3.6703,0.9271,1.397));
#14441 = VECTOR('',#14442,1.);
#14442 = DIRECTION('',(0.,0.,-1.));
#14443 = ORIENTED_EDGE('',*,*,#14391,.F.);
#14444 = PLANE('',#14445);
#14445 = AXIS2_PLACEMENT_3D('',#14446,#14447,#14448);
#14446 = CARTESIAN_POINT('',(0.,0.9271,0.));
#14447 = DIRECTION('',(0.,1.,0.));
#14448 = DIRECTION('',(1.,0.,0.));
#14449 = ADVANCED_FACE('',(#14450),#14461,.F.);
#14450 = FACE_BOUND('',#14451,.F.);
#14451 = EDGE_LOOP('',(#14452,#14453,#14454,#14455));
#14452 = ORIENTED_EDGE('',*,*,#14422,.T.);
#14453 = ORIENTED_EDGE('',*,*,#14408,.T.);
#14454 = ORIENTED_EDGE('',*,*,#14303,.F.);
#14455 = ORIENTED_EDGE('',*,*,#14456,.F.);
#14456 = EDGE_CURVE('',#14423,#14296,#14457,.T.);
#14457 = LINE('',#14458,#14459);
#14458 = CARTESIAN_POINT('',(-3.7973,0.9271,-1.397));
#14459 = VECTOR('',#14460,1.);
#14460 = DIRECTION('',(-0.57735026919,-0.57735026919,-0.57735026919));
#14461 = PLANE('',#14462);
#14462 = AXIS2_PLACEMENT_3D('',#14463,#14464,#14465);
#14463 = CARTESIAN_POINT('',(-3.7973,0.9271,-1.5875));
#14464 = DIRECTION('',(0.707106781187,-0.707106781187,0.));
#14465 = DIRECTION('',(0.,0.,1.));
#14466 = ADVANCED_FACE('',(#14467),#14478,.F.);
#14467 = FACE_BOUND('',#14468,.F.);
#14468 = EDGE_LOOP('',(#14469,#14470,#14471,#14472));
#14469 = ORIENTED_EDGE('',*,*,#14430,.T.);
#14470 = ORIENTED_EDGE('',*,*,#14456,.T.);
#14471 = ORIENTED_EDGE('',*,*,#14336,.F.);
#14472 = ORIENTED_EDGE('',*,*,#14473,.F.);
#14473 = EDGE_CURVE('',#14431,#14329,#14474,.T.);
#14474 = LINE('',#14475,#14476);
#14475 = CARTESIAN_POINT('',(-3.6703,0.9271,-1.397));
#14476 = VECTOR('',#14477,1.);
#14477 = DIRECTION('',(0.57735026919,-0.57735026919,-0.57735026919));
#14478 = PLANE('',#14479);
#14479 = AXIS2_PLACEMENT_3D('',#14480,#14481,#14482);
#14480 = CARTESIAN_POINT('',(-3.4798,0.9271,-1.397));
#14481 = DIRECTION('',(0.,-0.707106781187,0.707106781187));
#14482 = DIRECTION('',(-1.,0.,0.));
#14483 = ADVANCED_FACE('',(#14484),#14490,.F.);
#14484 = FACE_BOUND('',#14485,.F.);
#14485 = EDGE_LOOP('',(#14486,#14487,#14488,#14489));
#14486 = ORIENTED_EDGE('',*,*,#14438,.T.);
#14487 = ORIENTED_EDGE('',*,*,#14473,.T.);
#14488 = ORIENTED_EDGE('',*,*,#14358,.F.);
#14489 = ORIENTED_EDGE('',*,*,#14401,.F.);
#14490 = PLANE('',#14491);
#14491 = AXIS2_PLACEMENT_3D('',#14492,#14493,#14494);
#14492 = CARTESIAN_POINT('',(-3.6703,0.9271,1.5875));
#14493 = DIRECTION('',(-0.707106781187,-0.707106781187,0.));
#14494 = DIRECTION('',(-0.,0.,-1.));
#14495 = ADVANCED_FACE('',(#14496),#14514,.T.);
#14496 = FACE_BOUND('',#14497,.F.);
#14497 = EDGE_LOOP('',(#14498,#14499,#14500,#14506,#14507,#14508));
#14498 = ORIENTED_EDGE('',*,*,#12424,.F.);
#14499 = ORIENTED_EDGE('',*,*,#13335,.T.);
#14500 = ORIENTED_EDGE('',*,*,#14501,.F.);
#14501 = EDGE_CURVE('',#13412,#13328,#14502,.T.);
#14502 = LINE('',#14503,#14504);
#14503 = CARTESIAN_POINT('',(-9.0043,7.3787,-4.4958));
#14504 = VECTOR('',#14505,1.);
#14505 = DIRECTION('',(0.,-1.,0.));
#14506 = ORIENTED_EDGE('',*,*,#13411,.T.);
#14507 = ORIENTED_EDGE('',*,*,#12600,.T.);
#14508 = ORIENTED_EDGE('',*,*,#14509,.T.);
#14509 = EDGE_CURVE('',#12593,#12425,#14510,.T.);
#14510 = LINE('',#14511,#14512);
#14511 = CARTESIAN_POINT('',(-9.0043,3.5687,-5.7658));
#14512 = VECTOR('',#14513,1.);
#14513 = DIRECTION('',(0.,0.,1.));
#14514 = PLANE('',#14515);
#14515 = AXIS2_PLACEMENT_3D('',#14516,#14517,#14518);
#14516 = CARTESIAN_POINT('',(-9.0043,7.3787,-5.7658));
#14517 = DIRECTION('',(1.,0.,0.));
#14518 = DIRECTION('',(0.,-1.,0.));
#14519 = ADVANCED_FACE('',(#14520),#14531,.F.);
#14520 = FACE_BOUND('',#14521,.F.);
#14521 = EDGE_LOOP('',(#14522,#14523,#14524,#14525));
#14522 = ORIENTED_EDGE('',*,*,#13419,.F.);
#14523 = ORIENTED_EDGE('',*,*,#14501,.T.);
#14524 = ORIENTED_EDGE('',*,*,#13327,.T.);
#14525 = ORIENTED_EDGE('',*,*,#14526,.F.);
#14526 = EDGE_CURVE('',#13420,#13320,#14527,.T.);
#14527 = LINE('',#14528,#14529);
#14528 = CARTESIAN_POINT('',(-7.9883,7.3787,-4.4958));
#14529 = VECTOR('',#14530,1.);
#14530 = DIRECTION('',(0.,-1.,0.));
#14531 = PLANE('',#14532);
#14532 = AXIS2_PLACEMENT_3D('',#14533,#14534,#14535);
#14533 = CARTESIAN_POINT('',(-9.0043,7.3787,-4.4958));
#14534 = DIRECTION('',(0.,0.,1.));
#14535 = DIRECTION('',(1.,0.,-0.));
#14536 = ADVANCED_FACE('',(#14537),#14550,.T.);
#14537 = FACE_BOUND('',#14538,.F.);
#14538 = EDGE_LOOP('',(#14539,#14540,#14541,#14542,#14543,#14549));
#14539 = ORIENTED_EDGE('',*,*,#13427,.T.);
#14540 = ORIENTED_EDGE('',*,*,#14526,.T.);
#14541 = ORIENTED_EDGE('',*,*,#13319,.T.);
#14542 = ORIENTED_EDGE('',*,*,#12440,.F.);
#14543 = ORIENTED_EDGE('',*,*,#14544,.F.);
#14544 = EDGE_CURVE('',#12585,#12433,#14545,.T.);
#14545 = LINE('',#14546,#14547);
#14546 = CARTESIAN_POINT('',(-7.9883,3.5687,-5.7658));
#14547 = VECTOR('',#14548,1.);
#14548 = DIRECTION('',(0.,0.,1.));
#14549 = ORIENTED_EDGE('',*,*,#12584,.F.);
#14550 = PLANE('',#14551);
#14551 = AXIS2_PLACEMENT_3D('',#14552,#14553,#14554);
#14552 = CARTESIAN_POINT('',(-7.9883,3.5687,-5.7658));
#14553 = DIRECTION('',(-1.,0.,0.));
#14554 = DIRECTION('',(0.,1.,0.));
#14555 = ADVANCED_FACE('',(#14556),#14562,.T.);
#14556 = FACE_BOUND('',#14557,.F.);
#14557 = EDGE_LOOP('',(#14558,#14559,#14560,#14561));
#14558 = ORIENTED_EDGE('',*,*,#12592,.T.);
#14559 = ORIENTED_EDGE('',*,*,#14544,.T.);
#14560 = ORIENTED_EDGE('',*,*,#12432,.F.);
#14561 = ORIENTED_EDGE('',*,*,#14509,.F.);
#14562 = PLANE('',#14563);
#14563 = AXIS2_PLACEMENT_3D('',#14564,#14565,#14566);
#14564 = CARTESIAN_POINT('',(-9.0043,3.5687,-5.7658));
#14565 = DIRECTION('',(0.,1.,0.));
#14566 = DIRECTION('',(1.,0.,0.));
#14567 = ADVANCED_FACE('',(#14568),#14586,.T.);
#14568 = FACE_BOUND('',#14569,.F.);
#14569 = EDGE_LOOP('',(#14570,#14571,#14572,#14578,#14579,#14580));
#14570 = ORIENTED_EDGE('',*,*,#12464,.F.);
#14571 = ORIENTED_EDGE('',*,*,#13366,.T.);
#14572 = ORIENTED_EDGE('',*,*,#14573,.F.);
#14573 = EDGE_CURVE('',#13435,#13359,#14574,.T.);
#14574 = LINE('',#14575,#14576);
#14575 = CARTESIAN_POINT('',(7.9883,7.3787,-4.4958));
#14576 = VECTOR('',#14577,1.);
#14577 = DIRECTION('',(0.,-1.,0.));
#14578 = ORIENTED_EDGE('',*,*,#13434,.T.);
#14579 = ORIENTED_EDGE('',*,*,#12568,.T.);
#14580 = ORIENTED_EDGE('',*,*,#14581,.T.);
#14581 = EDGE_CURVE('',#12561,#12465,#14582,.T.);
#14582 = LINE('',#14583,#14584);
#14583 = CARTESIAN_POINT('',(7.9883,3.5687,-5.7658));
#14584 = VECTOR('',#14585,1.);
#14585 = DIRECTION('',(0.,0.,1.));
#14586 = PLANE('',#14587);
#14587 = AXIS2_PLACEMENT_3D('',#14588,#14589,#14590);
#14588 = CARTESIAN_POINT('',(7.9883,7.3787,-5.7658));
#14589 = DIRECTION('',(1.,0.,0.));
#14590 = DIRECTION('',(0.,-1.,0.));
#14591 = ADVANCED_FACE('',(#14592),#14603,.F.);
#14592 = FACE_BOUND('',#14593,.F.);
#14593 = EDGE_LOOP('',(#14594,#14595,#14596,#14597));
#14594 = ORIENTED_EDGE('',*,*,#13442,.F.);
#14595 = ORIENTED_EDGE('',*,*,#14573,.T.);
#14596 = ORIENTED_EDGE('',*,*,#13358,.T.);
#14597 = ORIENTED_EDGE('',*,*,#14598,.F.);
#14598 = EDGE_CURVE('',#13443,#13351,#14599,.T.);
#14599 = LINE('',#14600,#14601);
#14600 = CARTESIAN_POINT('',(9.0043,7.3787,-4.4958));
#14601 = VECTOR('',#14602,1.);
#14602 = DIRECTION('',(0.,-1.,0.));
#14603 = PLANE('',#14604);
#14604 = AXIS2_PLACEMENT_3D('',#14605,#14606,#14607);
#14605 = CARTESIAN_POINT('',(7.9883,7.3787,-4.4958));
#14606 = DIRECTION('',(0.,0.,1.));
#14607 = DIRECTION('',(1.,0.,-0.));
#14608 = ADVANCED_FACE('',(#14609),#14622,.T.);
#14609 = FACE_BOUND('',#14610,.F.);
#14610 = EDGE_LOOP('',(#14611,#14612,#14613,#14614,#14615,#14621));
#14611 = ORIENTED_EDGE('',*,*,#13450,.T.);
#14612 = ORIENTED_EDGE('',*,*,#14598,.T.);
#14613 = ORIENTED_EDGE('',*,*,#13350,.T.);
#14614 = ORIENTED_EDGE('',*,*,#12480,.F.);
#14615 = ORIENTED_EDGE('',*,*,#14616,.F.);
#14616 = EDGE_CURVE('',#12553,#12473,#14617,.T.);
#14617 = LINE('',#14618,#14619);
#14618 = CARTESIAN_POINT('',(9.0043,3.5687,-5.7658));
#14619 = VECTOR('',#14620,1.);
#14620 = DIRECTION('',(0.,0.,1.));
#14621 = ORIENTED_EDGE('',*,*,#12552,.F.);
#14622 = PLANE('',#14623);
#14623 = AXIS2_PLACEMENT_3D('',#14624,#14625,#14626);
#14624 = CARTESIAN_POINT('',(9.0043,3.5687,-5.7658));
#14625 = DIRECTION('',(-1.,0.,0.));
#14626 = DIRECTION('',(0.,1.,0.));
#14627 = ADVANCED_FACE('',(#14628),#14634,.T.);
#14628 = FACE_BOUND('',#14629,.F.);
#14629 = EDGE_LOOP('',(#14630,#14631,#14632,#14633));
#14630 = ORIENTED_EDGE('',*,*,#12560,.T.);
#14631 = ORIENTED_EDGE('',*,*,#14616,.T.);
#14632 = ORIENTED_EDGE('',*,*,#12472,.F.);
#14633 = ORIENTED_EDGE('',*,*,#14581,.F.);
#14634 = PLANE('',#14635);
#14635 = AXIS2_PLACEMENT_3D('',#14636,#14637,#14638);
#14636 = CARTESIAN_POINT('',(7.9883,3.5687,-5.7658));
#14637 = DIRECTION('',(0.,1.,0.));
#14638 = DIRECTION('',(1.,0.,0.));
#14639 = ADVANCED_FACE('',(#14640),#14651,.T.);
#14640 = FACE_BOUND('',#14641,.F.);
#14641 = EDGE_LOOP('',(#14642,#14643,#14649,#14650));
#14642 = ORIENTED_EDGE('',*,*,#10953,.F.);
#14643 = ORIENTED_EDGE('',*,*,#14644,.T.);
#14644 = EDGE_CURVE('',#10946,#13458,#14645,.T.);
#14645 = LINE('',#14646,#14647);
#14646 = CARTESIAN_POINT('',(10.541,-7.3787,-4.4958));
#14647 = VECTOR('',#14648,1.);
#14648 = DIRECTION('',(0.,1.,0.));
#14649 = ORIENTED_EDGE('',*,*,#13457,.T.);
#14650 = ORIENTED_EDGE('',*,*,#12536,.F.);
#14651 = PLANE('',#14652);
#14652 = AXIS2_PLACEMENT_3D('',#14653,#14654,#14655);
#14653 = CARTESIAN_POINT('',(10.541,-7.3787,-4.4958));
#14654 = DIRECTION('',(0.707106781187,0.,-0.707106781187));
#14655 = DIRECTION('',(-0.707106781187,0.,-0.707106781187));
#14656 = ADVANCED_FACE('',(#14657),#14679,.T.);
#14657 = FACE_BOUND('',#14658,.F.);
#14658 = EDGE_LOOP('',(#14659,#14660,#14668,#14674,#14675,#14676,#14677,
    #14678));
#14659 = ORIENTED_EDGE('',*,*,#11136,.T.);
#14660 = ORIENTED_EDGE('',*,*,#14661,.T.);
#14661 = EDGE_CURVE('',#11129,#14662,#14664,.T.);
#14662 = VERTEX_POINT('',#14663);
#14663 = CARTESIAN_POINT('',(10.541,6.3627,4.7498));
#14664 = LINE('',#14665,#14666);
#14665 = CARTESIAN_POINT('',(10.541,6.3627,-4.1148));
#14666 = VECTOR('',#14667,1.);
#14667 = DIRECTION('',(0.,0.,1.));
#14668 = ORIENTED_EDGE('',*,*,#14669,.F.);
#14669 = EDGE_CURVE('',#10984,#14662,#14670,.T.);
#14670 = LINE('',#14671,#14672);
#14671 = CARTESIAN_POINT('',(10.541,-7.3787,4.7498));
#14672 = VECTOR('',#14673,1.);
#14673 = DIRECTION('',(0.,1.,0.));
#14674 = ORIENTED_EDGE('',*,*,#11009,.F.);
#14675 = ORIENTED_EDGE('',*,*,#12975,.T.);
#14676 = ORIENTED_EDGE('',*,*,#13465,.T.);
#14677 = ORIENTED_EDGE('',*,*,#14644,.F.);
#14678 = ORIENTED_EDGE('',*,*,#10945,.F.);
#14679 = PLANE('',#14680);
#14680 = AXIS2_PLACEMENT_3D('',#14681,#14682,#14683);
#14681 = CARTESIAN_POINT('',(10.541,-7.3787,5.7658));
#14682 = DIRECTION('',(1.,0.,0.));
#14683 = DIRECTION('',(0.,0.,-1.));
#14684 = ADVANCED_FACE('',(#14685),#14703,.F.);
#14685 = FACE_BOUND('',#14686,.F.);
#14686 = EDGE_LOOP('',(#14687,#14688,#14689,#14697));
#14687 = ORIENTED_EDGE('',*,*,#14661,.F.);
#14688 = ORIENTED_EDGE('',*,*,#11128,.T.);
#14689 = ORIENTED_EDGE('',*,*,#14690,.T.);
#14690 = EDGE_CURVE('',#11121,#14691,#14693,.T.);
#14691 = VERTEX_POINT('',#14692);
#14692 = CARTESIAN_POINT('',(9.0043,6.3627,4.7498));
#14693 = LINE('',#14694,#14695);
#14694 = CARTESIAN_POINT('',(9.0043,6.3627,-4.1148));
#14695 = VECTOR('',#14696,1.);
#14696 = DIRECTION('',(0.,0.,1.));
#14697 = ORIENTED_EDGE('',*,*,#14698,.F.);
#14698 = EDGE_CURVE('',#14662,#14691,#14699,.T.);
#14699 = LINE('',#14700,#14701);
#14700 = CARTESIAN_POINT('',(10.541,6.3627,4.7498));
#14701 = VECTOR('',#14702,1.);
#14702 = DIRECTION('',(-1.,0.,0.));
#14703 = PLANE('',#14704);
#14704 = AXIS2_PLACEMENT_3D('',#14705,#14706,#14707);
#14705 = CARTESIAN_POINT('',(10.541,6.3627,-4.1148));
#14706 = DIRECTION('',(0.,1.,0.));
#14707 = DIRECTION('',(0.,-0.,1.));
#14708 = ADVANCED_FACE('',(#14709),#14768,.T.);
#14709 = FACE_BOUND('',#14710,.F.);
#14710 = EDGE_LOOP('',(#14711,#14719,#14728,#14734,#14735,#14743,#14752,
    #14758,#14759,#14765,#14766,#14767));
#14711 = ORIENTED_EDGE('',*,*,#14712,.T.);
#14712 = EDGE_CURVE('',#11525,#14713,#14715,.T.);
#14713 = VERTEX_POINT('',#14714);
#14714 = CARTESIAN_POINT('',(9.0043,0.1651,-3.937));
#14715 = LINE('',#14716,#14717);
#14716 = CARTESIAN_POINT('',(9.0043,-6.7437,-3.937));
#14717 = VECTOR('',#14718,1.);
#14718 = DIRECTION('',(0.,1.,0.));
#14719 = ORIENTED_EDGE('',*,*,#14720,.T.);
#14720 = EDGE_CURVE('',#14713,#14721,#14723,.T.);
#14721 = VERTEX_POINT('',#14722);
#14722 = CARTESIAN_POINT('',(9.0043,0.1651,-2.5146));
#14723 = CIRCLE('',#14724,0.7112);
#14724 = AXIS2_PLACEMENT_3D('',#14725,#14726,#14727);
#14725 = CARTESIAN_POINT('',(9.0043,0.1651,-3.2258));
#14726 = DIRECTION('',(1.,0.,0.));
#14727 = DIRECTION('',(0.,0.,-1.));
#14728 = ORIENTED_EDGE('',*,*,#14729,.F.);
#14729 = EDGE_CURVE('',#11501,#14721,#14730,.T.);
#14730 = LINE('',#14731,#14732);
#14731 = CARTESIAN_POINT('',(9.0043,-6.7437,-2.5146));
#14732 = VECTOR('',#14733,1.);
#14733 = DIRECTION('',(0.,1.,0.));
#14734 = ORIENTED_EDGE('',*,*,#11500,.F.);
#14735 = ORIENTED_EDGE('',*,*,#14736,.T.);
#14736 = EDGE_CURVE('',#11493,#14737,#14739,.T.);
#14737 = VERTEX_POINT('',#14738);
#14738 = CARTESIAN_POINT('',(9.0043,0.1651,0.508));
#14739 = LINE('',#14740,#14741);
#14740 = CARTESIAN_POINT('',(9.0043,-6.7437,0.508));
#14741 = VECTOR('',#14742,1.);
#14742 = DIRECTION('',(0.,1.,0.));
#14743 = ORIENTED_EDGE('',*,*,#14744,.T.);
#14744 = EDGE_CURVE('',#14737,#14745,#14747,.T.);
#14745 = VERTEX_POINT('',#14746);
#14746 = CARTESIAN_POINT('',(9.0043,0.1651,1.9304));
#14747 = CIRCLE('',#14748,0.7112);
#14748 = AXIS2_PLACEMENT_3D('',#14749,#14750,#14751);
#14749 = CARTESIAN_POINT('',(9.0043,0.1651,1.2192));
#14750 = DIRECTION('',(1.,0.,0.));
#14751 = DIRECTION('',(0.,0.,-1.));
#14752 = ORIENTED_EDGE('',*,*,#14753,.F.);
#14753 = EDGE_CURVE('',#11469,#14745,#14754,.T.);
#14754 = LINE('',#14755,#14756);
#14755 = CARTESIAN_POINT('',(9.0043,-6.7437,1.9304));
#14756 = VECTOR('',#14757,1.);
#14757 = DIRECTION('',(0.,1.,0.));
#14758 = ORIENTED_EDGE('',*,*,#11468,.F.);
#14759 = ORIENTED_EDGE('',*,*,#14760,.F.);
#14760 = EDGE_CURVE('',#14691,#11153,#14761,.T.);
#14761 = LINE('',#14762,#14763);
#14762 = CARTESIAN_POINT('',(9.0043,6.3627,4.7498));
#14763 = VECTOR('',#14764,1.);
#14764 = DIRECTION('',(0.,-1.,0.));
#14765 = ORIENTED_EDGE('',*,*,#14690,.F.);
#14766 = ORIENTED_EDGE('',*,*,#11120,.F.);
#14767 = ORIENTED_EDGE('',*,*,#11532,.F.);
#14768 = PLANE('',#14769);
#14769 = AXIS2_PLACEMENT_3D('',#14770,#14771,#14772);
#14770 = CARTESIAN_POINT('',(9.0043,-7.3787,5.7658));
#14771 = DIRECTION('',(1.,0.,0.));
#14772 = DIRECTION('',(0.,0.,-1.));
#14773 = ADVANCED_FACE('',(#14774),#14792,.F.);
#14774 = FACE_BOUND('',#14775,.F.);
#14775 = EDGE_LOOP('',(#14776,#14777,#14785,#14791));
#14776 = ORIENTED_EDGE('',*,*,#11524,.T.);
#14777 = ORIENTED_EDGE('',*,*,#14778,.T.);
#14778 = EDGE_CURVE('',#11517,#14779,#14781,.T.);
#14779 = VERTEX_POINT('',#14780);
#14780 = CARTESIAN_POINT('',(8.3693,0.1651,-3.937));
#14781 = LINE('',#14782,#14783);
#14782 = CARTESIAN_POINT('',(8.3693,-6.7437,-3.937));
#14783 = VECTOR('',#14784,1.);
#14784 = DIRECTION('',(0.,1.,0.));
#14785 = ORIENTED_EDGE('',*,*,#14786,.F.);
#14786 = EDGE_CURVE('',#14713,#14779,#14787,.T.);
#14787 = LINE('',#14788,#14789);
#14788 = CARTESIAN_POINT('',(9.0043,0.1651,-3.937));
#14789 = VECTOR('',#14790,1.);
#14790 = DIRECTION('',(-1.,0.,0.));
#14791 = ORIENTED_EDGE('',*,*,#14712,.F.);
#14792 = PLANE('',#14793);
#14793 = AXIS2_PLACEMENT_3D('',#14794,#14795,#14796);
#14794 = CARTESIAN_POINT('',(9.0043,-6.7437,-3.937));
#14795 = DIRECTION('',(0.,0.,-1.));
#14796 = DIRECTION('',(0.,1.,0.));
#14797 = ADVANCED_FACE('',(#14798),#14824,.T.);
#14798 = FACE_BOUND('',#14799,.F.);
#14799 = EDGE_LOOP('',(#14800,#14801,#14809,#14818));
#14800 = ORIENTED_EDGE('',*,*,#11484,.F.);
#14801 = ORIENTED_EDGE('',*,*,#14802,.F.);
#14802 = EDGE_CURVE('',#14803,#11477,#14805,.T.);
#14803 = VERTEX_POINT('',#14804);
#14804 = CARTESIAN_POINT('',(8.3693,0.1651,1.9304));
#14805 = LINE('',#14806,#14807);
#14806 = CARTESIAN_POINT('',(8.3693,0.1651,1.9304));
#14807 = VECTOR('',#14808,1.);
#14808 = DIRECTION('',(0.,-1.,0.));
#14809 = ORIENTED_EDGE('',*,*,#14810,.F.);
#14810 = EDGE_CURVE('',#14811,#14803,#14813,.T.);
#14811 = VERTEX_POINT('',#14812);
#14812 = CARTESIAN_POINT('',(8.3693,0.1651,0.508));
#14813 = CIRCLE('',#14814,0.7112);
#14814 = AXIS2_PLACEMENT_3D('',#14815,#14816,#14817);
#14815 = CARTESIAN_POINT('',(8.3693,0.1651,1.2192));
#14816 = DIRECTION('',(1.,0.,0.));
#14817 = DIRECTION('',(0.,0.,-1.));
#14818 = ORIENTED_EDGE('',*,*,#14819,.F.);
#14819 = EDGE_CURVE('',#11485,#14811,#14820,.T.);
#14820 = LINE('',#14821,#14822);
#14821 = CARTESIAN_POINT('',(8.3693,-6.7437,0.508));
#14822 = VECTOR('',#14823,1.);
#14823 = DIRECTION('',(0.,1.,0.));
#14824 = PLANE('',#14825);
#14825 = AXIS2_PLACEMENT_3D('',#14826,#14827,#14828);
#14826 = CARTESIAN_POINT('',(8.3693,-7.3787,5.7658));
#14827 = DIRECTION('',(1.,0.,0.));
#14828 = DIRECTION('',(0.,0.,-1.));
#14829 = ADVANCED_FACE('',(#14830),#14849,.T.);
#14830 = FACE_BOUND('',#14831,.F.);
#14831 = EDGE_LOOP('',(#14832,#14833,#14841,#14848));
#14832 = ORIENTED_EDGE('',*,*,#11516,.F.);
#14833 = ORIENTED_EDGE('',*,*,#14834,.F.);
#14834 = EDGE_CURVE('',#14835,#11509,#14837,.T.);
#14835 = VERTEX_POINT('',#14836);
#14836 = CARTESIAN_POINT('',(8.3693,0.1651,-2.5146));
#14837 = LINE('',#14838,#14839);
#14838 = CARTESIAN_POINT('',(8.3693,0.1651,-2.5146));
#14839 = VECTOR('',#14840,1.);
#14840 = DIRECTION('',(0.,-1.,0.));
#14841 = ORIENTED_EDGE('',*,*,#14842,.F.);
#14842 = EDGE_CURVE('',#14779,#14835,#14843,.T.);
#14843 = CIRCLE('',#14844,0.7112);
#14844 = AXIS2_PLACEMENT_3D('',#14845,#14846,#14847);
#14845 = CARTESIAN_POINT('',(8.3693,0.1651,-3.2258));
#14846 = DIRECTION('',(1.,0.,0.));
#14847 = DIRECTION('',(0.,0.,-1.));
#14848 = ORIENTED_EDGE('',*,*,#14778,.F.);
#14849 = PLANE('',#14850);
#14850 = AXIS2_PLACEMENT_3D('',#14851,#14852,#14853);
#14851 = CARTESIAN_POINT('',(8.3693,-7.3787,5.7658));
#14852 = DIRECTION('',(1.,0.,0.));
#14853 = DIRECTION('',(0.,0.,-1.));
#14854 = ADVANCED_FACE('',(#14855),#14866,.F.);
#14855 = FACE_BOUND('',#14856,.F.);
#14856 = EDGE_LOOP('',(#14857,#14858,#14859,#14865));
#14857 = ORIENTED_EDGE('',*,*,#11476,.F.);
#14858 = ORIENTED_EDGE('',*,*,#14753,.T.);
#14859 = ORIENTED_EDGE('',*,*,#14860,.T.);
#14860 = EDGE_CURVE('',#14745,#14803,#14861,.T.);
#14861 = LINE('',#14862,#14863);
#14862 = CARTESIAN_POINT('',(9.0043,0.1651,1.9304));
#14863 = VECTOR('',#14864,1.);
#14864 = DIRECTION('',(-1.,0.,0.));
#14865 = ORIENTED_EDGE('',*,*,#14802,.T.);
#14866 = PLANE('',#14867);
#14867 = AXIS2_PLACEMENT_3D('',#14868,#14869,#14870);
#14868 = CARTESIAN_POINT('',(9.0043,0.1651,1.9304));
#14869 = DIRECTION('',(0.,0.,1.));
#14870 = DIRECTION('',(0.,-1.,0.));
#14871 = ADVANCED_FACE('',(#14872),#14883,.F.);
#14872 = FACE_BOUND('',#14873,.F.);
#14873 = EDGE_LOOP('',(#14874,#14875,#14881,#14882));
#14874 = ORIENTED_EDGE('',*,*,#14744,.F.);
#14875 = ORIENTED_EDGE('',*,*,#14876,.T.);
#14876 = EDGE_CURVE('',#14737,#14811,#14877,.T.);
#14877 = LINE('',#14878,#14879);
#14878 = CARTESIAN_POINT('',(9.0043,0.1651,0.508));
#14879 = VECTOR('',#14880,1.);
#14880 = DIRECTION('',(-1.,0.,0.));
#14881 = ORIENTED_EDGE('',*,*,#14810,.T.);
#14882 = ORIENTED_EDGE('',*,*,#14860,.F.);
#14883 = CYLINDRICAL_SURFACE('',#14884,0.7112);
#14884 = AXIS2_PLACEMENT_3D('',#14885,#14886,#14887);
#14885 = CARTESIAN_POINT('',(9.0043,0.1651,1.2192));
#14886 = DIRECTION('',(1.,0.,0.));
#14887 = DIRECTION('',(0.,0.,-1.));
#14888 = ADVANCED_FACE('',(#14889),#14895,.F.);
#14889 = FACE_BOUND('',#14890,.F.);
#14890 = EDGE_LOOP('',(#14891,#14892,#14893,#14894));
#14891 = ORIENTED_EDGE('',*,*,#11492,.T.);
#14892 = ORIENTED_EDGE('',*,*,#14819,.T.);
#14893 = ORIENTED_EDGE('',*,*,#14876,.F.);
#14894 = ORIENTED_EDGE('',*,*,#14736,.F.);
#14895 = PLANE('',#14896);
#14896 = AXIS2_PLACEMENT_3D('',#14897,#14898,#14899);
#14897 = CARTESIAN_POINT('',(9.0043,-6.7437,0.508));
#14898 = DIRECTION('',(0.,0.,-1.));
#14899 = DIRECTION('',(0.,1.,0.));
#14900 = ADVANCED_FACE('',(#14901),#14912,.F.);
#14901 = FACE_BOUND('',#14902,.F.);
#14902 = EDGE_LOOP('',(#14903,#14904,#14905,#14911));
#14903 = ORIENTED_EDGE('',*,*,#11508,.F.);
#14904 = ORIENTED_EDGE('',*,*,#14729,.T.);
#14905 = ORIENTED_EDGE('',*,*,#14906,.T.);
#14906 = EDGE_CURVE('',#14721,#14835,#14907,.T.);
#14907 = LINE('',#14908,#14909);
#14908 = CARTESIAN_POINT('',(9.0043,0.1651,-2.5146));
#14909 = VECTOR('',#14910,1.);
#14910 = DIRECTION('',(-1.,0.,0.));
#14911 = ORIENTED_EDGE('',*,*,#14834,.T.);
#14912 = PLANE('',#14913);
#14913 = AXIS2_PLACEMENT_3D('',#14914,#14915,#14916);
#14914 = CARTESIAN_POINT('',(9.0043,0.1651,-2.5146));
#14915 = DIRECTION('',(0.,0.,1.));
#14916 = DIRECTION('',(0.,-1.,0.));
#14917 = ADVANCED_FACE('',(#14918),#14924,.F.);
#14918 = FACE_BOUND('',#14919,.F.);
#14919 = EDGE_LOOP('',(#14920,#14921,#14922,#14923));
#14920 = ORIENTED_EDGE('',*,*,#14720,.F.);
#14921 = ORIENTED_EDGE('',*,*,#14786,.T.);
#14922 = ORIENTED_EDGE('',*,*,#14842,.T.);
#14923 = ORIENTED_EDGE('',*,*,#14906,.F.);
#14924 = CYLINDRICAL_SURFACE('',#14925,0.7112);
#14925 = AXIS2_PLACEMENT_3D('',#14926,#14927,#14928);
#14926 = CARTESIAN_POINT('',(9.0043,0.1651,-3.2258));
#14927 = DIRECTION('',(1.,0.,0.));
#14928 = DIRECTION('',(0.,0.,-1.));
#14929 = ADVANCED_FACE('',(#14930),#14937,.F.);
#14930 = FACE_BOUND('',#14931,.F.);
#14931 = EDGE_LOOP('',(#14932,#14933,#14934,#14935,#14936));
#14932 = ORIENTED_EDGE('',*,*,#10983,.F.);
#14933 = ORIENTED_EDGE('',*,*,#14669,.T.);
#14934 = ORIENTED_EDGE('',*,*,#14698,.T.);
#14935 = ORIENTED_EDGE('',*,*,#14760,.T.);
#14936 = ORIENTED_EDGE('',*,*,#11183,.F.);
#14937 = PLANE('',#14938);
#14938 = AXIS2_PLACEMENT_3D('',#14939,#14940,#14941);
#14939 = CARTESIAN_POINT('',(10.541,6.3627,4.7498));
#14940 = DIRECTION('',(0.,0.,1.));
#14941 = DIRECTION('',(0.,-1.,0.));
#14942 = ADVANCED_FACE('',(#14943),#14961,.F.);
#14943 = FACE_BOUND('',#14944,.F.);
#14944 = EDGE_LOOP('',(#14945,#14946,#14947,#14953,#14954,#14955));
#14945 = ORIENTED_EDGE('',*,*,#13105,.T.);
#14946 = ORIENTED_EDGE('',*,*,#13304,.T.);
#14947 = ORIENTED_EDGE('',*,*,#14948,.F.);
#14948 = EDGE_CURVE('',#13473,#13297,#14949,.T.);
#14949 = LINE('',#14950,#14951);
#14950 = CARTESIAN_POINT('',(9.0043,7.3787,3.7338));
#14951 = VECTOR('',#14952,1.);
#14952 = DIRECTION('',(0.,-1.,0.));
#14953 = ORIENTED_EDGE('',*,*,#13472,.T.);
#14954 = ORIENTED_EDGE('',*,*,#12959,.T.);
#14955 = ORIENTED_EDGE('',*,*,#14956,.T.);
#14956 = EDGE_CURVE('',#12952,#13106,#14957,.T.);
#14957 = LINE('',#14958,#14959);
#14958 = CARTESIAN_POINT('',(9.0043,3.5687,5.7658));
#14959 = VECTOR('',#14960,1.);
#14960 = DIRECTION('',(0.,0.,-1.));
#14961 = PLANE('',#14962);
#14962 = AXIS2_PLACEMENT_3D('',#14963,#14964,#14965);
#14963 = CARTESIAN_POINT('',(9.0043,3.5687,5.7658));
#14964 = DIRECTION('',(1.,0.,0.));
#14965 = DIRECTION('',(-0.,1.,0.));
#14966 = ADVANCED_FACE('',(#14967),#14978,.F.);
#14967 = FACE_BOUND('',#14968,.F.);
#14968 = EDGE_LOOP('',(#14969,#14970,#14971,#14972));
#14969 = ORIENTED_EDGE('',*,*,#13480,.F.);
#14970 = ORIENTED_EDGE('',*,*,#14948,.T.);
#14971 = ORIENTED_EDGE('',*,*,#13296,.T.);
#14972 = ORIENTED_EDGE('',*,*,#14973,.F.);
#14973 = EDGE_CURVE('',#13481,#13289,#14974,.T.);
#14974 = LINE('',#14975,#14976);
#14975 = CARTESIAN_POINT('',(7.9883,7.3787,3.7338));
#14976 = VECTOR('',#14977,1.);
#14977 = DIRECTION('',(0.,-1.,0.));
#14978 = PLANE('',#14979);
#14979 = AXIS2_PLACEMENT_3D('',#14980,#14981,#14982);
#14980 = CARTESIAN_POINT('',(9.0043,7.3787,3.7338));
#14981 = DIRECTION('',(0.,0.,-1.));
#14982 = DIRECTION('',(-1.,0.,0.));
#14983 = ADVANCED_FACE('',(#14984),#14997,.F.);
#14984 = FACE_BOUND('',#14985,.F.);
#14985 = EDGE_LOOP('',(#14986,#14987,#14988,#14989,#14990,#14996));
#14986 = ORIENTED_EDGE('',*,*,#13488,.T.);
#14987 = ORIENTED_EDGE('',*,*,#14973,.T.);
#14988 = ORIENTED_EDGE('',*,*,#13288,.T.);
#14989 = ORIENTED_EDGE('',*,*,#13121,.T.);
#14990 = ORIENTED_EDGE('',*,*,#14991,.F.);
#14991 = EDGE_CURVE('',#12944,#13114,#14992,.T.);
#14992 = LINE('',#14993,#14994);
#14993 = CARTESIAN_POINT('',(7.9883,3.5687,5.7658));
#14994 = VECTOR('',#14995,1.);
#14995 = DIRECTION('',(0.,0.,-1.));
#14996 = ORIENTED_EDGE('',*,*,#12943,.F.);
#14997 = PLANE('',#14998);
#14998 = AXIS2_PLACEMENT_3D('',#14999,#15000,#15001);
#14999 = CARTESIAN_POINT('',(7.9883,7.3787,5.7658));
#15000 = DIRECTION('',(-1.,0.,0.));
#15001 = DIRECTION('',(0.,-1.,0.));
#15002 = ADVANCED_FACE('',(#15003),#15009,.F.);
#15003 = FACE_BOUND('',#15004,.F.);
#15004 = EDGE_LOOP('',(#15005,#15006,#15007,#15008));
#15005 = ORIENTED_EDGE('',*,*,#12951,.F.);
#15006 = ORIENTED_EDGE('',*,*,#14991,.T.);
#15007 = ORIENTED_EDGE('',*,*,#13113,.T.);
#15008 = ORIENTED_EDGE('',*,*,#14956,.F.);
#15009 = PLANE('',#15010);
#15010 = AXIS2_PLACEMENT_3D('',#15011,#15012,#15013);
#15011 = CARTESIAN_POINT('',(7.9883,3.5687,5.7658));
#15012 = DIRECTION('',(0.,-1.,0.));
#15013 = DIRECTION('',(1.,0.,0.));
#15014 = ADVANCED_FACE('',(#15015),#15040,.T.);
#15015 = FACE_BOUND('',#15016,.F.);
#15016 = EDGE_LOOP('',(#15017,#15025,#15033,#15039));
#15017 = ORIENTED_EDGE('',*,*,#15018,.T.);
#15018 = EDGE_CURVE('',#12928,#15019,#15021,.T.);
#15019 = VERTEX_POINT('',#15020);
#15020 = CARTESIAN_POINT('',(2.083993288591,5.1181,7.62));
#15021 = LINE('',#15022,#15023);
#15022 = CARTESIAN_POINT('',(2.3495,7.3787,5.7658));
#15023 = VECTOR('',#15024,1.);
#15024 = DIRECTION('',(-9.043790519949E-02,-0.77001416427,0.631584651592
    ));
#15025 = ORIENTED_EDGE('',*,*,#15026,.F.);
#15026 = EDGE_CURVE('',#15027,#15019,#15029,.T.);
#15027 = VERTEX_POINT('',#15028);
#15028 = CARTESIAN_POINT('',(-2.083993288591,5.1181,7.62));
#15029 = LINE('',#15030,#15031);
#15030 = CARTESIAN_POINT('',(-2.083993288591,5.1181,7.62));
#15031 = VECTOR('',#15032,1.);
#15032 = DIRECTION('',(1.,0.,0.));
#15033 = ORIENTED_EDGE('',*,*,#15034,.F.);
#15034 = EDGE_CURVE('',#12793,#15027,#15035,.T.);
#15035 = LINE('',#15036,#15037);
#15036 = CARTESIAN_POINT('',(-2.3495,7.3787,5.7658));
#15037 = VECTOR('',#15038,1.);
#15038 = DIRECTION('',(9.043790519949E-02,-0.77001416427,0.631584651592)
  );
#15039 = ORIENTED_EDGE('',*,*,#13495,.T.);
#15040 = PLANE('',#15041);
#15041 = AXIS2_PLACEMENT_3D('',#15042,#15043,#15044);
#15042 = CARTESIAN_POINT('',(-2.3495,7.3787,5.7658));
#15043 = DIRECTION('',(0.,0.634183474434,0.773182592118));
#15044 = DIRECTION('',(0.,-0.773182592118,0.634183474434));
#15045 = ADVANCED_FACE('',(#15046),#15072,.F.);
#15046 = FACE_BOUND('',#15047,.F.);
#15047 = EDGE_LOOP('',(#15048,#15049,#15050,#15058,#15066));
#15048 = ORIENTED_EDGE('',*,*,#15018,.F.);
#15049 = ORIENTED_EDGE('',*,*,#12927,.T.);
#15050 = ORIENTED_EDGE('',*,*,#15051,.F.);
#15051 = EDGE_CURVE('',#15052,#12920,#15054,.T.);
#15052 = VERTEX_POINT('',#15053);
#15053 = CARTESIAN_POINT('',(1.943399637809,3.921045487629,5.7658));
#15054 = LINE('',#15055,#15056);
#15055 = CARTESIAN_POINT('',(1.943399637809,3.921045487629,5.7658));
#15056 = VECTOR('',#15057,1.);
#15057 = DIRECTION('',(0.116647874912,0.993173334962,0.));
#15058 = ORIENTED_EDGE('',*,*,#15059,.F.);
#15059 = EDGE_CURVE('',#15060,#15052,#15062,.T.);
#15060 = VERTEX_POINT('',#15061);
#15061 = CARTESIAN_POINT('',(1.905,3.5941,7.62));
#15062 = LINE('',#15063,#15064);
#15063 = CARTESIAN_POINT('',(1.905,3.5941,7.62));
#15064 = VECTOR('',#15065,1.);
#15065 = DIRECTION('',(2.03906798568E-02,0.173612074209,-0.984603000129)
  );
#15066 = ORIENTED_EDGE('',*,*,#15067,.F.);
#15067 = EDGE_CURVE('',#15019,#15060,#15068,.T.);
#15068 = LINE('',#15069,#15070);
#15069 = CARTESIAN_POINT('',(2.083993288591,5.1181,7.62));
#15070 = VECTOR('',#15071,1.);
#15071 = DIRECTION('',(-0.116647874912,-0.993173334962,0.));
#15072 = PLANE('',#15073);
#15073 = AXIS2_PLACEMENT_3D('',#15074,#15075,#15076);
#15074 = CARTESIAN_POINT('',(2.3495,7.3787,7.62));
#15075 = DIRECTION('',(-0.993173334962,0.116647874912,0.));
#15076 = DIRECTION('',(-0.116647874912,-0.993173334962,0.));
#15077 = ADVANCED_FACE('',(#15078),#15101,.T.);
#15078 = FACE_BOUND('',#15079,.F.);
#15079 = EDGE_LOOP('',(#15080,#15081,#15087,#15095));
#15080 = ORIENTED_EDGE('',*,*,#15051,.T.);
#15081 = ORIENTED_EDGE('',*,*,#15082,.F.);
#15082 = EDGE_CURVE('',#12801,#12920,#15083,.T.);
#15083 = LINE('',#15084,#15085);
#15084 = CARTESIAN_POINT('',(-2.200338926174,6.1087,5.7658));
#15085 = VECTOR('',#15086,1.);
#15086 = DIRECTION('',(1.,0.,0.));
#15087 = ORIENTED_EDGE('',*,*,#15088,.F.);
#15088 = EDGE_CURVE('',#15089,#12801,#15091,.T.);
#15089 = VERTEX_POINT('',#15090);
#15090 = CARTESIAN_POINT('',(-1.943399637809,3.921045487629,5.7658));
#15091 = LINE('',#15092,#15093);
#15092 = CARTESIAN_POINT('',(-1.943399637809,3.921045487629,5.7658));
#15093 = VECTOR('',#15094,1.);
#15094 = DIRECTION('',(-0.116647874912,0.993173334962,0.));
#15095 = ORIENTED_EDGE('',*,*,#15096,.T.);
#15096 = EDGE_CURVE('',#15089,#15052,#15097,.T.);
#15097 = LINE('',#15098,#15099);
#15098 = CARTESIAN_POINT('',(-1.943399637809,3.921045487629,5.7658));
#15099 = VECTOR('',#15100,1.);
#15100 = DIRECTION('',(1.,0.,0.));
#15101 = PLANE('',#15102);
#15102 = AXIS2_PLACEMENT_3D('',#15103,#15104,#15105);
#15103 = CARTESIAN_POINT('',(-2.3495,3.921045487629,5.7658));
#15104 = DIRECTION('',(0.,0.,-1.));
#15105 = DIRECTION('',(0.,1.,0.));
#15106 = ADVANCED_FACE('',(#15107),#15132,.F.);
#15107 = FACE_BOUND('',#15108,.F.);
#15108 = EDGE_LOOP('',(#15109,#15117,#15118,#15126));
#15109 = ORIENTED_EDGE('',*,*,#15110,.T.);
#15110 = EDGE_CURVE('',#15111,#12888,#15113,.T.);
#15111 = VERTEX_POINT('',#15112);
#15112 = CARTESIAN_POINT('',(4.5212,6.1087,4.4958));
#15113 = LINE('',#15114,#15115);
#15114 = CARTESIAN_POINT('',(4.5212,6.1087,4.4958));
#15115 = VECTOR('',#15116,1.);
#15116 = DIRECTION('',(0.,0.,1.));
#15117 = ORIENTED_EDGE('',*,*,#12887,.F.);
#15118 = ORIENTED_EDGE('',*,*,#15119,.T.);
#15119 = EDGE_CURVE('',#12880,#15120,#15122,.T.);
#15120 = VERTEX_POINT('',#15121);
#15121 = CARTESIAN_POINT('',(7.239,6.1087,4.4958));
#15122 = LINE('',#15123,#15124);
#15123 = CARTESIAN_POINT('',(7.239,6.1087,5.7658));
#15124 = VECTOR('',#15125,1.);
#15125 = DIRECTION('',(0.,0.,-1.));
#15126 = ORIENTED_EDGE('',*,*,#15127,.T.);
#15127 = EDGE_CURVE('',#15120,#15111,#15128,.T.);
#15128 = LINE('',#15129,#15130);
#15129 = CARTESIAN_POINT('',(7.239,6.1087,4.4958));
#15130 = VECTOR('',#15131,1.);
#15131 = DIRECTION('',(-1.,0.,0.));
#15132 = PLANE('',#15133);
#15133 = AXIS2_PLACEMENT_3D('',#15134,#15135,#15136);
#15134 = CARTESIAN_POINT('',(7.239,6.1087,5.7658));
#15135 = DIRECTION('',(0.,1.,0.));
#15136 = DIRECTION('',(-1.,0.,0.));
#15137 = ADVANCED_FACE('',(#15138),#15163,.F.);
#15138 = FACE_BOUND('',#15139,.F.);
#15139 = EDGE_LOOP('',(#15140,#15148,#15156,#15162));
#15140 = ORIENTED_EDGE('',*,*,#15141,.F.);
#15141 = EDGE_CURVE('',#15142,#12833,#15144,.T.);
#15142 = VERTEX_POINT('',#15143);
#15143 = CARTESIAN_POINT('',(-4.4958,6.1087,4.4958));
#15144 = LINE('',#15145,#15146);
#15145 = CARTESIAN_POINT('',(-4.4958,6.1087,4.4958));
#15146 = VECTOR('',#15147,1.);
#15147 = DIRECTION('',(0.,0.,1.));
#15148 = ORIENTED_EDGE('',*,*,#15149,.T.);
#15149 = EDGE_CURVE('',#15142,#15150,#15152,.T.);
#15150 = VERTEX_POINT('',#15151);
#15151 = CARTESIAN_POINT('',(-7.239,6.1087,4.4958));
#15152 = LINE('',#15153,#15154);
#15153 = CARTESIAN_POINT('',(-4.4958,6.1087,4.4958));
#15154 = VECTOR('',#15155,1.);
#15155 = DIRECTION('',(-1.,0.,0.));
#15156 = ORIENTED_EDGE('',*,*,#15157,.F.);
#15157 = EDGE_CURVE('',#12841,#15150,#15158,.T.);
#15158 = LINE('',#15159,#15160);
#15159 = CARTESIAN_POINT('',(-7.239,6.1087,5.7658));
#15160 = VECTOR('',#15161,1.);
#15161 = DIRECTION('',(0.,0.,-1.));
#15162 = ORIENTED_EDGE('',*,*,#12840,.F.);
#15163 = PLANE('',#15164);
#15164 = AXIS2_PLACEMENT_3D('',#15165,#15166,#15167);
#15165 = CARTESIAN_POINT('',(7.239,6.1087,5.7658));
#15166 = DIRECTION('',(0.,1.,0.));
#15167 = DIRECTION('',(-1.,0.,0.));
#15168 = ADVANCED_FACE('',(#15169),#15196,.F.);
#15169 = FACE_BOUND('',#15170,.F.);
#15170 = EDGE_LOOP('',(#15171,#15172,#15173,#15181,#15189,#15195));
#15171 = ORIENTED_EDGE('',*,*,#15082,.T.);
#15172 = ORIENTED_EDGE('',*,*,#12919,.F.);
#15173 = ORIENTED_EDGE('',*,*,#15174,.F.);
#15174 = EDGE_CURVE('',#15175,#12912,#15177,.T.);
#15175 = VERTEX_POINT('',#15176);
#15176 = CARTESIAN_POINT('',(2.9972,6.1087,4.4958));
#15177 = LINE('',#15178,#15179);
#15178 = CARTESIAN_POINT('',(2.9972,6.1087,4.4958));
#15179 = VECTOR('',#15180,1.);
#15180 = DIRECTION('',(0.,0.,1.));
#15181 = ORIENTED_EDGE('',*,*,#15182,.T.);
#15182 = EDGE_CURVE('',#15175,#15183,#15185,.T.);
#15183 = VERTEX_POINT('',#15184);
#15184 = CARTESIAN_POINT('',(-2.9718,6.1087,4.4958));
#15185 = LINE('',#15186,#15187);
#15186 = CARTESIAN_POINT('',(2.9972,6.1087,4.4958));
#15187 = VECTOR('',#15188,1.);
#15188 = DIRECTION('',(-1.,0.,0.));
#15189 = ORIENTED_EDGE('',*,*,#15190,.T.);
#15190 = EDGE_CURVE('',#15183,#12809,#15191,.T.);
#15191 = LINE('',#15192,#15193);
#15192 = CARTESIAN_POINT('',(-2.9718,6.1087,4.4958));
#15193 = VECTOR('',#15194,1.);
#15194 = DIRECTION('',(0.,0.,1.));
#15195 = ORIENTED_EDGE('',*,*,#12808,.F.);
#15196 = PLANE('',#15197);
#15197 = AXIS2_PLACEMENT_3D('',#15198,#15199,#15200);
#15198 = CARTESIAN_POINT('',(7.239,6.1087,5.7658));
#15199 = DIRECTION('',(0.,1.,0.));
#15200 = DIRECTION('',(-1.,0.,0.));
#15201 = ADVANCED_FACE('',(#15202),#15226,.T.);
#15202 = FACE_BOUND('',#15203,.F.);
#15203 = EDGE_LOOP('',(#15204,#15210,#15218,#15224,#15225));
#15204 = ORIENTED_EDGE('',*,*,#15205,.F.);
#15205 = EDGE_CURVE('',#11422,#15111,#15206,.T.);
#15206 = LINE('',#15207,#15208);
#15207 = CARTESIAN_POINT('',(4.279158568737,-6.7437,4.4958));
#15208 = VECTOR('',#15209,1.);
#15209 = DIRECTION('',(1.882905306339E-02,0.999822717666,0.));
#15210 = ORIENTED_EDGE('',*,*,#15211,.F.);
#15211 = EDGE_CURVE('',#15212,#11422,#15214,.T.);
#15212 = VERTEX_POINT('',#15213);
#15213 = CARTESIAN_POINT('',(4.2672,-7.3787,4.4958));
#15214 = LINE('',#15215,#15216);
#15215 = CARTESIAN_POINT('',(4.2672,-7.3787,4.4958));
#15216 = VECTOR('',#15217,1.);
#15217 = DIRECTION('',(1.882905306339E-02,0.999822717666,0.));
#15218 = ORIENTED_EDGE('',*,*,#15219,.T.);
#15219 = EDGE_CURVE('',#15212,#12896,#15220,.T.);
#15220 = LINE('',#15221,#15222);
#15221 = CARTESIAN_POINT('',(4.2672,-7.3787,4.4958));
#15222 = VECTOR('',#15223,1.);
#15223 = DIRECTION('',(0.,0.,1.));
#15224 = ORIENTED_EDGE('',*,*,#12895,.T.);
#15225 = ORIENTED_EDGE('',*,*,#15110,.F.);
#15226 = PLANE('',#15227);
#15227 = AXIS2_PLACEMENT_3D('',#15228,#15229,#15230);
#15228 = CARTESIAN_POINT('',(4.2672,-7.3787,4.4958));
#15229 = DIRECTION('',(0.999822717666,-1.882905306339E-02,0.));
#15230 = DIRECTION('',(1.882905306339E-02,0.999822717666,0.));
#15231 = ADVANCED_FACE('',(#15232),#15243,.T.);
#15232 = FACE_BOUND('',#15233,.F.);
#15233 = EDGE_LOOP('',(#15234,#15235,#15236,#15242));
#15234 = ORIENTED_EDGE('',*,*,#15205,.T.);
#15235 = ORIENTED_EDGE('',*,*,#15127,.F.);
#15236 = ORIENTED_EDGE('',*,*,#15237,.F.);
#15237 = EDGE_CURVE('',#11430,#15120,#15238,.T.);
#15238 = LINE('',#15239,#15240);
#15239 = CARTESIAN_POINT('',(7.493,-6.7437,4.4958));
#15240 = VECTOR('',#15241,1.);
#15241 = DIRECTION('',(-1.975898759185E-02,0.999804772148,0.));
#15242 = ORIENTED_EDGE('',*,*,#11429,.F.);
#15243 = PLANE('',#15244);
#15244 = AXIS2_PLACEMENT_3D('',#15245,#15246,#15247);
#15245 = CARTESIAN_POINT('',(-10.541,-7.3787,4.4958));
#15246 = DIRECTION('',(0.,0.,1.));
#15247 = DIRECTION('',(1.,0.,-0.));
#15248 = ADVANCED_FACE('',(#15249),#15265,.T.);
#15249 = FACE_BOUND('',#15250,.F.);
#15250 = EDGE_LOOP('',(#15251,#15257,#15258,#15264));
#15251 = ORIENTED_EDGE('',*,*,#15252,.F.);
#15252 = EDGE_CURVE('',#11398,#15142,#15253,.T.);
#15253 = LINE('',#15254,#15255);
#15254 = CARTESIAN_POINT('',(-4.253758568737,-6.7437,4.4958));
#15255 = VECTOR('',#15256,1.);
#15256 = DIRECTION('',(-1.882905306339E-02,0.999822717666,0.));
#15257 = ORIENTED_EDGE('',*,*,#11397,.F.);
#15258 = ORIENTED_EDGE('',*,*,#15259,.F.);
#15259 = EDGE_CURVE('',#15150,#11390,#15260,.T.);
#15260 = LINE('',#15261,#15262);
#15261 = CARTESIAN_POINT('',(-7.239,6.1087,4.4958));
#15262 = VECTOR('',#15263,1.);
#15263 = DIRECTION('',(-1.975898759185E-02,-0.999804772148,0.));
#15264 = ORIENTED_EDGE('',*,*,#15149,.F.);
#15265 = PLANE('',#15266);
#15266 = AXIS2_PLACEMENT_3D('',#15267,#15268,#15269);
#15267 = CARTESIAN_POINT('',(-10.541,-7.3787,4.4958));
#15268 = DIRECTION('',(0.,0.,1.));
#15269 = DIRECTION('',(1.,0.,-0.));
#15270 = ADVANCED_FACE('',(#15271),#15287,.T.);
#15271 = FACE_BOUND('',#15272,.F.);
#15272 = EDGE_LOOP('',(#15273,#15279,#15280,#15286));
#15273 = ORIENTED_EDGE('',*,*,#15274,.T.);
#15274 = EDGE_CURVE('',#11406,#15183,#15275,.T.);
#15275 = LINE('',#15276,#15277);
#15276 = CARTESIAN_POINT('',(-3.213841431263,-6.7437,4.4958));
#15277 = VECTOR('',#15278,1.);
#15278 = DIRECTION('',(1.882905306339E-02,0.999822717666,0.));
#15279 = ORIENTED_EDGE('',*,*,#15182,.F.);
#15280 = ORIENTED_EDGE('',*,*,#15281,.F.);
#15281 = EDGE_CURVE('',#11414,#15175,#15282,.T.);
#15282 = LINE('',#15283,#15284);
#15283 = CARTESIAN_POINT('',(3.239241431263,-6.7437,4.4958));
#15284 = VECTOR('',#15285,1.);
#15285 = DIRECTION('',(-1.882905306339E-02,0.999822717666,0.));
#15286 = ORIENTED_EDGE('',*,*,#11413,.F.);
#15287 = PLANE('',#15288);
#15288 = AXIS2_PLACEMENT_3D('',#15289,#15290,#15291);
#15289 = CARTESIAN_POINT('',(-10.541,-7.3787,4.4958));
#15290 = DIRECTION('',(0.,0.,1.));
#15291 = DIRECTION('',(1.,0.,-0.));
#15292 = ADVANCED_FACE('',(#15293),#15299,.F.);
#15293 = FACE_BOUND('',#15294,.F.);
#15294 = EDGE_LOOP('',(#15295,#15296,#15297,#15298));
#15295 = ORIENTED_EDGE('',*,*,#12879,.F.);
#15296 = ORIENTED_EDGE('',*,*,#11437,.T.);
#15297 = ORIENTED_EDGE('',*,*,#15237,.T.);
#15298 = ORIENTED_EDGE('',*,*,#15119,.F.);
#15299 = PLANE('',#15300);
#15300 = AXIS2_PLACEMENT_3D('',#15301,#15302,#15303);
#15301 = CARTESIAN_POINT('',(7.493,-6.7437,5.7658));
#15302 = DIRECTION('',(0.999804772148,1.975898759185E-02,0.));
#15303 = DIRECTION('',(-1.975898759185E-02,0.999804772148,0.));
#15304 = ADVANCED_FACE('',(#15305),#15324,.T.);
#15305 = FACE_BOUND('',#15306,.F.);
#15306 = EDGE_LOOP('',(#15307,#15308,#15309,#15310,#15318));
#15307 = ORIENTED_EDGE('',*,*,#15252,.T.);
#15308 = ORIENTED_EDGE('',*,*,#15141,.T.);
#15309 = ORIENTED_EDGE('',*,*,#12832,.T.);
#15310 = ORIENTED_EDGE('',*,*,#15311,.F.);
#15311 = EDGE_CURVE('',#15312,#12825,#15314,.T.);
#15312 = VERTEX_POINT('',#15313);
#15313 = CARTESIAN_POINT('',(-4.2418,-7.3787,4.4958));
#15314 = LINE('',#15315,#15316);
#15315 = CARTESIAN_POINT('',(-4.2418,-7.3787,4.4958));
#15316 = VECTOR('',#15317,1.);
#15317 = DIRECTION('',(0.,0.,1.));
#15318 = ORIENTED_EDGE('',*,*,#15319,.F.);
#15319 = EDGE_CURVE('',#11398,#15312,#15320,.T.);
#15320 = LINE('',#15321,#15322);
#15321 = CARTESIAN_POINT('',(-4.253758568737,-6.7437,4.4958));
#15322 = VECTOR('',#15323,1.);
#15323 = DIRECTION('',(1.882905306339E-02,-0.999822717666,0.));
#15324 = PLANE('',#15325);
#15325 = AXIS2_PLACEMENT_3D('',#15326,#15327,#15328);
#15326 = CARTESIAN_POINT('',(-4.4958,6.1087,4.4958));
#15327 = DIRECTION('',(-0.999822717666,-1.882905306339E-02,0.));
#15328 = DIRECTION('',(1.882905306339E-02,-0.999822717666,0.));
#15329 = ADVANCED_FACE('',(#15330),#15348,.T.);
#15330 = FACE_BOUND('',#15331,.F.);
#15331 = EDGE_LOOP('',(#15332,#15340,#15341,#15342));
#15332 = ORIENTED_EDGE('',*,*,#15333,.F.);
#15333 = EDGE_CURVE('',#15312,#15334,#15336,.T.);
#15334 = VERTEX_POINT('',#15335);
#15335 = CARTESIAN_POINT('',(-3.2258,-7.3787,4.4958));
#15336 = LINE('',#15337,#15338);
#15337 = CARTESIAN_POINT('',(-4.2418,-7.3787,4.4958));
#15338 = VECTOR('',#15339,1.);
#15339 = DIRECTION('',(1.,0.,0.));
#15340 = ORIENTED_EDGE('',*,*,#15311,.T.);
#15341 = ORIENTED_EDGE('',*,*,#12824,.T.);
#15342 = ORIENTED_EDGE('',*,*,#15343,.F.);
#15343 = EDGE_CURVE('',#15334,#12817,#15344,.T.);
#15344 = LINE('',#15345,#15346);
#15345 = CARTESIAN_POINT('',(-3.2258,-7.3787,4.4958));
#15346 = VECTOR('',#15347,1.);
#15347 = DIRECTION('',(0.,0.,1.));
#15348 = PLANE('',#15349);
#15349 = AXIS2_PLACEMENT_3D('',#15350,#15351,#15352);
#15350 = CARTESIAN_POINT('',(-4.2418,-7.3787,4.4958));
#15351 = DIRECTION('',(0.,-1.,0.));
#15352 = DIRECTION('',(1.,0.,0.));
#15353 = ADVANCED_FACE('',(#15354),#15365,.F.);
#15354 = FACE_BOUND('',#15355,.F.);
#15355 = EDGE_LOOP('',(#15356,#15357,#15358,#15359));
#15356 = ORIENTED_EDGE('',*,*,#11405,.F.);
#15357 = ORIENTED_EDGE('',*,*,#15319,.T.);
#15358 = ORIENTED_EDGE('',*,*,#15333,.T.);
#15359 = ORIENTED_EDGE('',*,*,#15360,.T.);
#15360 = EDGE_CURVE('',#15334,#11406,#15361,.T.);
#15361 = LINE('',#15362,#15363);
#15362 = CARTESIAN_POINT('',(-3.2258,-7.3787,4.4958));
#15363 = VECTOR('',#15364,1.);
#15364 = DIRECTION('',(1.882905306339E-02,0.999822717666,0.));
#15365 = PLANE('',#15366);
#15366 = AXIS2_PLACEMENT_3D('',#15367,#15368,#15369);
#15367 = CARTESIAN_POINT('',(-10.541,-7.3787,4.4958));
#15368 = DIRECTION('',(0.,0.,1.));
#15369 = DIRECTION('',(1.,0.,-0.));
#15370 = ADVANCED_FACE('',(#15371),#15378,.T.);
#15371 = FACE_BOUND('',#15372,.F.);
#15372 = EDGE_LOOP('',(#15373,#15374,#15375,#15376,#15377));
#15373 = ORIENTED_EDGE('',*,*,#15274,.F.);
#15374 = ORIENTED_EDGE('',*,*,#15360,.F.);
#15375 = ORIENTED_EDGE('',*,*,#15343,.T.);
#15376 = ORIENTED_EDGE('',*,*,#12816,.T.);
#15377 = ORIENTED_EDGE('',*,*,#15190,.F.);
#15378 = PLANE('',#15379);
#15379 = AXIS2_PLACEMENT_3D('',#15380,#15381,#15382);
#15380 = CARTESIAN_POINT('',(-3.2258,-7.3787,4.4958));
#15381 = DIRECTION('',(0.999822717666,-1.882905306339E-02,0.));
#15382 = DIRECTION('',(1.882905306339E-02,0.999822717666,0.));
#15383 = ADVANCED_FACE('',(#15384),#15390,.F.);
#15384 = FACE_BOUND('',#15385,.F.);
#15385 = EDGE_LOOP('',(#15386,#15387,#15388,#15389));
#15386 = ORIENTED_EDGE('',*,*,#12848,.F.);
#15387 = ORIENTED_EDGE('',*,*,#15157,.T.);
#15388 = ORIENTED_EDGE('',*,*,#15259,.T.);
#15389 = ORIENTED_EDGE('',*,*,#11389,.F.);
#15390 = PLANE('',#15391);
#15391 = AXIS2_PLACEMENT_3D('',#15392,#15393,#15394);
#15392 = CARTESIAN_POINT('',(-7.239,6.1087,5.7658));
#15393 = DIRECTION('',(-0.999804772148,1.975898759185E-02,0.));
#15394 = DIRECTION('',(-1.975898759185E-02,-0.999804772148,0.));
#15395 = ADVANCED_FACE('',(#15396),#15415,.T.);
#15396 = FACE_BOUND('',#15397,.F.);
#15397 = EDGE_LOOP('',(#15398,#15399,#15400,#15401,#15409));
#15398 = ORIENTED_EDGE('',*,*,#15281,.T.);
#15399 = ORIENTED_EDGE('',*,*,#15174,.T.);
#15400 = ORIENTED_EDGE('',*,*,#12911,.T.);
#15401 = ORIENTED_EDGE('',*,*,#15402,.F.);
#15402 = EDGE_CURVE('',#15403,#12904,#15405,.T.);
#15403 = VERTEX_POINT('',#15404);
#15404 = CARTESIAN_POINT('',(3.2512,-7.3787,4.4958));
#15405 = LINE('',#15406,#15407);
#15406 = CARTESIAN_POINT('',(3.2512,-7.3787,4.4958));
#15407 = VECTOR('',#15408,1.);
#15408 = DIRECTION('',(0.,0.,1.));
#15409 = ORIENTED_EDGE('',*,*,#15410,.F.);
#15410 = EDGE_CURVE('',#11414,#15403,#15411,.T.);
#15411 = LINE('',#15412,#15413);
#15412 = CARTESIAN_POINT('',(3.239241431263,-6.7437,4.4958));
#15413 = VECTOR('',#15414,1.);
#15414 = DIRECTION('',(1.882905306339E-02,-0.999822717666,0.));
#15415 = PLANE('',#15416);
#15416 = AXIS2_PLACEMENT_3D('',#15417,#15418,#15419);
#15417 = CARTESIAN_POINT('',(2.9972,6.1087,4.4958));
#15418 = DIRECTION('',(-0.999822717666,-1.882905306339E-02,0.));
#15419 = DIRECTION('',(1.882905306339E-02,-0.999822717666,0.));
#15420 = ADVANCED_FACE('',(#15421),#15432,.T.);
#15421 = FACE_BOUND('',#15422,.F.);
#15422 = EDGE_LOOP('',(#15423,#15429,#15430,#15431));
#15423 = ORIENTED_EDGE('',*,*,#15424,.F.);
#15424 = EDGE_CURVE('',#15403,#15212,#15425,.T.);
#15425 = LINE('',#15426,#15427);
#15426 = CARTESIAN_POINT('',(3.2512,-7.3787,4.4958));
#15427 = VECTOR('',#15428,1.);
#15428 = DIRECTION('',(1.,0.,0.));
#15429 = ORIENTED_EDGE('',*,*,#15402,.T.);
#15430 = ORIENTED_EDGE('',*,*,#12903,.T.);
#15431 = ORIENTED_EDGE('',*,*,#15219,.F.);
#15432 = PLANE('',#15433);
#15433 = AXIS2_PLACEMENT_3D('',#15434,#15435,#15436);
#15434 = CARTESIAN_POINT('',(3.2512,-7.3787,4.4958));
#15435 = DIRECTION('',(0.,-1.,0.));
#15436 = DIRECTION('',(1.,0.,0.));
#15437 = ADVANCED_FACE('',(#15438),#15444,.F.);
#15438 = FACE_BOUND('',#15439,.F.);
#15439 = EDGE_LOOP('',(#15440,#15441,#15442,#15443));
#15440 = ORIENTED_EDGE('',*,*,#11421,.F.);
#15441 = ORIENTED_EDGE('',*,*,#15410,.T.);
#15442 = ORIENTED_EDGE('',*,*,#15424,.T.);
#15443 = ORIENTED_EDGE('',*,*,#15211,.T.);
#15444 = PLANE('',#15445);
#15445 = AXIS2_PLACEMENT_3D('',#15446,#15447,#15448);
#15446 = CARTESIAN_POINT('',(-10.541,-7.3787,4.4958));
#15447 = DIRECTION('',(0.,0.,1.));
#15448 = DIRECTION('',(1.,0.,-0.));
#15449 = ADVANCED_FACE('',(#15450),#15469,.F.);
#15450 = FACE_BOUND('',#15451,.F.);
#15451 = EDGE_LOOP('',(#15452,#15453,#15461,#15467,#15468));
#15452 = ORIENTED_EDGE('',*,*,#15034,.T.);
#15453 = ORIENTED_EDGE('',*,*,#15454,.T.);
#15454 = EDGE_CURVE('',#15027,#15455,#15457,.T.);
#15455 = VERTEX_POINT('',#15456);
#15456 = CARTESIAN_POINT('',(-1.905,3.5941,7.62));
#15457 = LINE('',#15458,#15459);
#15458 = CARTESIAN_POINT('',(-2.083993288591,5.1181,7.62));
#15459 = VECTOR('',#15460,1.);
#15460 = DIRECTION('',(0.116647874912,-0.993173334962,0.));
#15461 = ORIENTED_EDGE('',*,*,#15462,.T.);
#15462 = EDGE_CURVE('',#15455,#15089,#15463,.T.);
#15463 = LINE('',#15464,#15465);
#15464 = CARTESIAN_POINT('',(-1.905,3.5941,7.62));
#15465 = VECTOR('',#15466,1.);
#15466 = DIRECTION('',(-2.03906798568E-02,0.173612074209,-0.984603000129
    ));
#15467 = ORIENTED_EDGE('',*,*,#15088,.T.);
#15468 = ORIENTED_EDGE('',*,*,#12800,.T.);
#15469 = PLANE('',#15470);
#15470 = AXIS2_PLACEMENT_3D('',#15471,#15472,#15473);
#15471 = CARTESIAN_POINT('',(-1.905,3.5941,7.62));
#15472 = DIRECTION('',(0.993173334962,0.116647874912,0.));
#15473 = DIRECTION('',(-0.116647874912,0.993173334962,0.));
#15474 = ADVANCED_FACE('',(#15475),#15486,.T.);
#15475 = FACE_BOUND('',#15476,.F.);
#15476 = EDGE_LOOP('',(#15477,#15478,#15484,#15485));
#15477 = ORIENTED_EDGE('',*,*,#15067,.T.);
#15478 = ORIENTED_EDGE('',*,*,#15479,.F.);
#15479 = EDGE_CURVE('',#15455,#15060,#15480,.T.);
#15480 = LINE('',#15481,#15482);
#15481 = CARTESIAN_POINT('',(-1.905,3.5941,7.62));
#15482 = VECTOR('',#15483,1.);
#15483 = DIRECTION('',(1.,0.,0.));
#15484 = ORIENTED_EDGE('',*,*,#15454,.F.);
#15485 = ORIENTED_EDGE('',*,*,#15026,.T.);
#15486 = PLANE('',#15487);
#15487 = AXIS2_PLACEMENT_3D('',#15488,#15489,#15490);
#15488 = CARTESIAN_POINT('',(-2.3495,5.1181,7.62));
#15489 = DIRECTION('',(0.,0.,1.));
#15490 = DIRECTION('',(0.,-1.,0.));
#15491 = ADVANCED_FACE('',(#15492),#15498,.T.);
#15492 = FACE_BOUND('',#15493,.F.);
#15493 = EDGE_LOOP('',(#15494,#15495,#15496,#15497));
#15494 = ORIENTED_EDGE('',*,*,#15059,.T.);
#15495 = ORIENTED_EDGE('',*,*,#15096,.F.);
#15496 = ORIENTED_EDGE('',*,*,#15462,.F.);
#15497 = ORIENTED_EDGE('',*,*,#15479,.T.);
#15498 = PLANE('',#15499);
#15499 = AXIS2_PLACEMENT_3D('',#15500,#15501,#15502);
#15500 = CARTESIAN_POINT('',(-2.3495,3.5941,7.62));
#15501 = DIRECTION('',(0.,-0.984807753012,-0.173648177667));
#15502 = DIRECTION('',(0.,0.173648177667,-0.984807753012));
#15503 = ADVANCED_FACE('',(#15504),#15522,.F.);
#15504 = FACE_BOUND('',#15505,.F.);
#15505 = EDGE_LOOP('',(#15506,#15507,#15508,#15514,#15515,#15516));
#15506 = ORIENTED_EDGE('',*,*,#13065,.T.);
#15507 = ORIENTED_EDGE('',*,*,#13273,.T.);
#15508 = ORIENTED_EDGE('',*,*,#15509,.F.);
#15509 = EDGE_CURVE('',#13503,#13266,#15510,.T.);
#15510 = LINE('',#15511,#15512);
#15511 = CARTESIAN_POINT('',(-7.9883,7.3787,3.7338));
#15512 = VECTOR('',#15513,1.);
#15513 = DIRECTION('',(0.,-1.,0.));
#15514 = ORIENTED_EDGE('',*,*,#13502,.T.);
#15515 = ORIENTED_EDGE('',*,*,#12784,.T.);
#15516 = ORIENTED_EDGE('',*,*,#15517,.T.);
#15517 = EDGE_CURVE('',#12777,#13066,#15518,.T.);
#15518 = LINE('',#15519,#15520);
#15519 = CARTESIAN_POINT('',(-7.9883,3.5687,5.7658));
#15520 = VECTOR('',#15521,1.);
#15521 = DIRECTION('',(0.,0.,-1.));
#15522 = PLANE('',#15523);
#15523 = AXIS2_PLACEMENT_3D('',#15524,#15525,#15526);
#15524 = CARTESIAN_POINT('',(-7.9883,3.5687,5.7658));
#15525 = DIRECTION('',(1.,0.,0.));
#15526 = DIRECTION('',(-0.,1.,0.));
#15527 = ADVANCED_FACE('',(#15528),#15539,.F.);
#15528 = FACE_BOUND('',#15529,.F.);
#15529 = EDGE_LOOP('',(#15530,#15531,#15532,#15533));
#15530 = ORIENTED_EDGE('',*,*,#13510,.F.);
#15531 = ORIENTED_EDGE('',*,*,#15509,.T.);
#15532 = ORIENTED_EDGE('',*,*,#13265,.T.);
#15533 = ORIENTED_EDGE('',*,*,#15534,.F.);
#15534 = EDGE_CURVE('',#13511,#13258,#15535,.T.);
#15535 = LINE('',#15536,#15537);
#15536 = CARTESIAN_POINT('',(-9.0043,7.3787,3.7338));
#15537 = VECTOR('',#15538,1.);
#15538 = DIRECTION('',(0.,-1.,0.));
#15539 = PLANE('',#15540);
#15540 = AXIS2_PLACEMENT_3D('',#15541,#15542,#15543);
#15541 = CARTESIAN_POINT('',(-7.9883,7.3787,3.7338));
#15542 = DIRECTION('',(0.,0.,-1.));
#15543 = DIRECTION('',(-1.,0.,0.));
#15544 = ADVANCED_FACE('',(#15545),#15558,.F.);
#15545 = FACE_BOUND('',#15546,.F.);
#15546 = EDGE_LOOP('',(#15547,#15548,#15549,#15550,#15551,#15557));
#15547 = ORIENTED_EDGE('',*,*,#13518,.T.);
#15548 = ORIENTED_EDGE('',*,*,#15534,.T.);
#15549 = ORIENTED_EDGE('',*,*,#13257,.T.);
#15550 = ORIENTED_EDGE('',*,*,#13081,.T.);
#15551 = ORIENTED_EDGE('',*,*,#15552,.F.);
#15552 = EDGE_CURVE('',#12769,#13074,#15553,.T.);
#15553 = LINE('',#15554,#15555);
#15554 = CARTESIAN_POINT('',(-9.0043,3.5687,5.7658));
#15555 = VECTOR('',#15556,1.);
#15556 = DIRECTION('',(0.,0.,-1.));
#15557 = ORIENTED_EDGE('',*,*,#12768,.F.);
#15558 = PLANE('',#15559);
#15559 = AXIS2_PLACEMENT_3D('',#15560,#15561,#15562);
#15560 = CARTESIAN_POINT('',(-9.0043,7.3787,5.7658));
#15561 = DIRECTION('',(-1.,0.,0.));
#15562 = DIRECTION('',(0.,-1.,0.));
#15563 = ADVANCED_FACE('',(#15564),#15570,.F.);
#15564 = FACE_BOUND('',#15565,.F.);
#15565 = EDGE_LOOP('',(#15566,#15567,#15568,#15569));
#15566 = ORIENTED_EDGE('',*,*,#12776,.F.);
#15567 = ORIENTED_EDGE('',*,*,#15552,.T.);
#15568 = ORIENTED_EDGE('',*,*,#13073,.T.);
#15569 = ORIENTED_EDGE('',*,*,#15517,.F.);
#15570 = PLANE('',#15571);
#15571 = AXIS2_PLACEMENT_3D('',#15572,#15573,#15574);
#15572 = CARTESIAN_POINT('',(-9.0043,3.5687,5.7658));
#15573 = DIRECTION('',(0.,-1.,0.));
#15574 = DIRECTION('',(1.,0.,0.));
#15575 = ADVANCED_FACE('',(#15576),#15610,.T.);
#15576 = FACE_BOUND('',#15577,.F.);
#15577 = EDGE_LOOP('',(#15578,#15586,#15587,#15593,#15594,#15595,#15596,
    #15604));
#15578 = ORIENTED_EDGE('',*,*,#15579,.F.);
#15579 = EDGE_CURVE('',#11024,#15580,#15582,.T.);
#15580 = VERTEX_POINT('',#15581);
#15581 = CARTESIAN_POINT('',(-10.541,6.3627,-4.1148));
#15582 = LINE('',#15583,#15584);
#15583 = CARTESIAN_POINT('',(-10.541,-7.3787,-4.1148));
#15584 = VECTOR('',#15585,1.);
#15585 = DIRECTION('',(0.,1.,0.));
#15586 = ORIENTED_EDGE('',*,*,#11057,.F.);
#15587 = ORIENTED_EDGE('',*,*,#15588,.T.);
#15588 = EDGE_CURVE('',#11050,#13526,#15589,.T.);
#15589 = LINE('',#15590,#15591);
#15590 = CARTESIAN_POINT('',(-10.541,-7.3787,-4.4958));
#15591 = VECTOR('',#15592,1.);
#15592 = DIRECTION('',(0.,1.,0.));
#15593 = ORIENTED_EDGE('',*,*,#13525,.T.);
#15594 = ORIENTED_EDGE('',*,*,#12752,.F.);
#15595 = ORIENTED_EDGE('',*,*,#11081,.F.);
#15596 = ORIENTED_EDGE('',*,*,#15597,.T.);
#15597 = EDGE_CURVE('',#11072,#15598,#15600,.T.);
#15598 = VERTEX_POINT('',#15599);
#15599 = CARTESIAN_POINT('',(-10.541,6.3627,4.7498));
#15600 = LINE('',#15601,#15602);
#15601 = CARTESIAN_POINT('',(-10.541,-7.3787,4.7498));
#15602 = VECTOR('',#15603,1.);
#15603 = DIRECTION('',(0.,1.,0.));
#15604 = ORIENTED_EDGE('',*,*,#15605,.F.);
#15605 = EDGE_CURVE('',#15580,#15598,#15606,.T.);
#15606 = LINE('',#15607,#15608);
#15607 = CARTESIAN_POINT('',(-10.541,6.3627,-4.1148));
#15608 = VECTOR('',#15609,1.);
#15609 = DIRECTION('',(0.,0.,1.));
#15610 = PLANE('',#15611);
#15611 = AXIS2_PLACEMENT_3D('',#15612,#15613,#15614);
#15612 = CARTESIAN_POINT('',(-10.541,-7.3787,-4.4958));
#15613 = DIRECTION('',(-1.,0.,0.));
#15614 = DIRECTION('',(0.,0.,1.));
#15615 = ADVANCED_FACE('',(#15616),#15635,.T.);
#15616 = FACE_BOUND('',#15617,.F.);
#15617 = EDGE_LOOP('',(#15618,#15619,#15620,#15628,#15634));
#15618 = ORIENTED_EDGE('',*,*,#11023,.F.);
#15619 = ORIENTED_EDGE('',*,*,#15579,.T.);
#15620 = ORIENTED_EDGE('',*,*,#15621,.T.);
#15621 = EDGE_CURVE('',#15580,#15622,#15624,.T.);
#15622 = VERTEX_POINT('',#15623);
#15623 = CARTESIAN_POINT('',(-9.0043,6.3627,-4.1148));
#15624 = LINE('',#15625,#15626);
#15625 = CARTESIAN_POINT('',(-10.541,6.3627,-4.1148));
#15626 = VECTOR('',#15627,1.);
#15627 = DIRECTION('',(1.,0.,0.));
#15628 = ORIENTED_EDGE('',*,*,#15629,.F.);
#15629 = EDGE_CURVE('',#11278,#15622,#15630,.T.);
#15630 = LINE('',#15631,#15632);
#15631 = CARTESIAN_POINT('',(-9.0043,-6.7437,-4.1148));
#15632 = VECTOR('',#15633,1.);
#15633 = DIRECTION('',(0.,1.,0.));
#15634 = ORIENTED_EDGE('',*,*,#12722,.T.);
#15635 = PLANE('',#15636);
#15636 = AXIS2_PLACEMENT_3D('',#15637,#15638,#15639);
#15637 = CARTESIAN_POINT('',(-10.541,-7.3787,-4.1148));
#15638 = DIRECTION('',(0.,0.,1.));
#15639 = DIRECTION('',(0.,1.,0.));
#15640 = ADVANCED_FACE('',(#15641),#15659,.T.);
#15641 = FACE_BOUND('',#15642,.F.);
#15642 = EDGE_LOOP('',(#15643,#15644,#15652,#15658));
#15643 = ORIENTED_EDGE('',*,*,#15605,.T.);
#15644 = ORIENTED_EDGE('',*,*,#15645,.T.);
#15645 = EDGE_CURVE('',#15598,#15646,#15648,.T.);
#15646 = VERTEX_POINT('',#15647);
#15647 = CARTESIAN_POINT('',(-9.0043,6.3627,4.7498));
#15648 = LINE('',#15649,#15650);
#15649 = CARTESIAN_POINT('',(-10.541,6.3627,4.7498));
#15650 = VECTOR('',#15651,1.);
#15651 = DIRECTION('',(1.,0.,0.));
#15652 = ORIENTED_EDGE('',*,*,#15653,.F.);
#15653 = EDGE_CURVE('',#15622,#15646,#15654,.T.);
#15654 = LINE('',#15655,#15656);
#15655 = CARTESIAN_POINT('',(-9.0043,6.3627,-4.1148));
#15656 = VECTOR('',#15657,1.);
#15657 = DIRECTION('',(0.,0.,1.));
#15658 = ORIENTED_EDGE('',*,*,#15621,.F.);
#15659 = PLANE('',#15660);
#15660 = AXIS2_PLACEMENT_3D('',#15661,#15662,#15663);
#15661 = CARTESIAN_POINT('',(-10.541,6.3627,-4.1148));
#15662 = DIRECTION('',(0.,-1.,0.));
#15663 = DIRECTION('',(0.,0.,1.));
#15664 = ADVANCED_FACE('',(#15665),#15677,.T.);
#15665 = FACE_BOUND('',#15666,.F.);
#15666 = EDGE_LOOP('',(#15667,#15668,#15669,#15675,#15676));
#15667 = ORIENTED_EDGE('',*,*,#11071,.T.);
#15668 = ORIENTED_EDGE('',*,*,#12702,.F.);
#15669 = ORIENTED_EDGE('',*,*,#15670,.F.);
#15670 = EDGE_CURVE('',#15646,#11350,#15671,.T.);
#15671 = LINE('',#15672,#15673);
#15672 = CARTESIAN_POINT('',(-9.0043,6.3627,4.7498));
#15673 = VECTOR('',#15674,1.);
#15674 = DIRECTION('',(0.,-1.,0.));
#15675 = ORIENTED_EDGE('',*,*,#15645,.F.);
#15676 = ORIENTED_EDGE('',*,*,#15597,.F.);
#15677 = PLANE('',#15678);
#15678 = AXIS2_PLACEMENT_3D('',#15679,#15680,#15681);
#15679 = CARTESIAN_POINT('',(-10.541,6.3627,4.7498));
#15680 = DIRECTION('',(0.,0.,-1.));
#15681 = DIRECTION('',(0.,-1.,0.));
#15682 = ADVANCED_FACE('',(#15683),#15737,.F.);
#15683 = FACE_BOUND('',#15684,.F.);
#15684 = EDGE_LOOP('',(#15685,#15693,#15694,#15695,#15696,#15697,#15698,
    #15706,#15715,#15721,#15722,#15730));
#15685 = ORIENTED_EDGE('',*,*,#15686,.F.);
#15686 = EDGE_CURVE('',#11286,#15687,#15689,.T.);
#15687 = VERTEX_POINT('',#15688);
#15688 = CARTESIAN_POINT('',(-9.0043,0.1651,-3.937));
#15689 = LINE('',#15690,#15691);
#15690 = CARTESIAN_POINT('',(-9.0043,-6.7437,-3.937));
#15691 = VECTOR('',#15692,1.);
#15692 = DIRECTION('',(0.,1.,0.));
#15693 = ORIENTED_EDGE('',*,*,#11285,.T.);
#15694 = ORIENTED_EDGE('',*,*,#15629,.T.);
#15695 = ORIENTED_EDGE('',*,*,#15653,.T.);
#15696 = ORIENTED_EDGE('',*,*,#15670,.T.);
#15697 = ORIENTED_EDGE('',*,*,#11349,.T.);
#15698 = ORIENTED_EDGE('',*,*,#15699,.T.);
#15699 = EDGE_CURVE('',#11342,#15700,#15702,.T.);
#15700 = VERTEX_POINT('',#15701);
#15701 = CARTESIAN_POINT('',(-9.0043,0.1651,1.9304));
#15702 = LINE('',#15703,#15704);
#15703 = CARTESIAN_POINT('',(-9.0043,-6.7437,1.9304));
#15704 = VECTOR('',#15705,1.);
#15705 = DIRECTION('',(0.,1.,0.));
#15706 = ORIENTED_EDGE('',*,*,#15707,.F.);
#15707 = EDGE_CURVE('',#15708,#15700,#15710,.T.);
#15708 = VERTEX_POINT('',#15709);
#15709 = CARTESIAN_POINT('',(-9.0043,0.1651,0.508));
#15710 = CIRCLE('',#15711,0.7112);
#15711 = AXIS2_PLACEMENT_3D('',#15712,#15713,#15714);
#15712 = CARTESIAN_POINT('',(-9.0043,0.1651,1.2192));
#15713 = DIRECTION('',(1.,0.,0.));
#15714 = DIRECTION('',(0.,0.,-1.));
#15715 = ORIENTED_EDGE('',*,*,#15716,.F.);
#15716 = EDGE_CURVE('',#11318,#15708,#15717,.T.);
#15717 = LINE('',#15718,#15719);
#15718 = CARTESIAN_POINT('',(-9.0043,-6.7437,0.508));
#15719 = VECTOR('',#15720,1.);
#15720 = DIRECTION('',(0.,1.,0.));
#15721 = ORIENTED_EDGE('',*,*,#11317,.T.);
#15722 = ORIENTED_EDGE('',*,*,#15723,.T.);
#15723 = EDGE_CURVE('',#11310,#15724,#15726,.T.);
#15724 = VERTEX_POINT('',#15725);
#15725 = CARTESIAN_POINT('',(-9.0043,0.1651,-2.5146));
#15726 = LINE('',#15727,#15728);
#15727 = CARTESIAN_POINT('',(-9.0043,-6.7437,-2.5146));
#15728 = VECTOR('',#15729,1.);
#15729 = DIRECTION('',(0.,1.,0.));
#15730 = ORIENTED_EDGE('',*,*,#15731,.F.);
#15731 = EDGE_CURVE('',#15687,#15724,#15732,.T.);
#15732 = CIRCLE('',#15733,0.7112);
#15733 = AXIS2_PLACEMENT_3D('',#15734,#15735,#15736);
#15734 = CARTESIAN_POINT('',(-9.0043,0.1651,-3.2258));
#15735 = DIRECTION('',(1.,0.,0.));
#15736 = DIRECTION('',(0.,0.,-1.));
#15737 = PLANE('',#15738);
#15738 = AXIS2_PLACEMENT_3D('',#15739,#15740,#15741);
#15739 = CARTESIAN_POINT('',(-9.0043,-7.3787,5.7658));
#15740 = DIRECTION('',(1.,0.,0.));
#15741 = DIRECTION('',(0.,0.,-1.));
#15742 = ADVANCED_FACE('',(#15743),#15761,.T.);
#15743 = FACE_BOUND('',#15744,.F.);
#15744 = EDGE_LOOP('',(#15745,#15746,#15747,#15755));
#15745 = ORIENTED_EDGE('',*,*,#11293,.F.);
#15746 = ORIENTED_EDGE('',*,*,#15686,.T.);
#15747 = ORIENTED_EDGE('',*,*,#15748,.T.);
#15748 = EDGE_CURVE('',#15687,#15749,#15751,.T.);
#15749 = VERTEX_POINT('',#15750);
#15750 = CARTESIAN_POINT('',(-8.3693,0.1651,-3.937));
#15751 = LINE('',#15752,#15753);
#15752 = CARTESIAN_POINT('',(-9.0043,0.1651,-3.937));
#15753 = VECTOR('',#15754,1.);
#15754 = DIRECTION('',(1.,0.,0.));
#15755 = ORIENTED_EDGE('',*,*,#15756,.F.);
#15756 = EDGE_CURVE('',#11294,#15749,#15757,.T.);
#15757 = LINE('',#15758,#15759);
#15758 = CARTESIAN_POINT('',(-8.3693,-6.7437,-3.937));
#15759 = VECTOR('',#15760,1.);
#15760 = DIRECTION('',(0.,1.,0.));
#15761 = PLANE('',#15762);
#15762 = AXIS2_PLACEMENT_3D('',#15763,#15764,#15765);
#15763 = CARTESIAN_POINT('',(-9.0043,-6.7437,-3.937));
#15764 = DIRECTION('',(0.,0.,1.));
#15765 = DIRECTION('',(0.,1.,0.));
#15766 = ADVANCED_FACE('',(#15767),#15786,.F.);
#15767 = FACE_BOUND('',#15768,.F.);
#15768 = EDGE_LOOP('',(#15769,#15770,#15778,#15785));
#15769 = ORIENTED_EDGE('',*,*,#15731,.T.);
#15770 = ORIENTED_EDGE('',*,*,#15771,.T.);
#15771 = EDGE_CURVE('',#15724,#15772,#15774,.T.);
#15772 = VERTEX_POINT('',#15773);
#15773 = CARTESIAN_POINT('',(-8.3693,0.1651,-2.5146));
#15774 = LINE('',#15775,#15776);
#15775 = CARTESIAN_POINT('',(-9.0043,0.1651,-2.5146));
#15776 = VECTOR('',#15777,1.);
#15777 = DIRECTION('',(1.,0.,0.));
#15778 = ORIENTED_EDGE('',*,*,#15779,.F.);
#15779 = EDGE_CURVE('',#15749,#15772,#15780,.T.);
#15780 = CIRCLE('',#15781,0.7112);
#15781 = AXIS2_PLACEMENT_3D('',#15782,#15783,#15784);
#15782 = CARTESIAN_POINT('',(-8.3693,0.1651,-3.2258));
#15783 = DIRECTION('',(1.,0.,0.));
#15784 = DIRECTION('',(0.,0.,-1.));
#15785 = ORIENTED_EDGE('',*,*,#15748,.F.);
#15786 = CYLINDRICAL_SURFACE('',#15787,0.7112);
#15787 = AXIS2_PLACEMENT_3D('',#15788,#15789,#15790);
#15788 = CARTESIAN_POINT('',(-9.0043,0.1651,-3.2258));
#15789 = DIRECTION('',(1.,0.,0.));
#15790 = DIRECTION('',(0.,0.,-1.));
#15791 = ADVANCED_FACE('',(#15792),#15803,.T.);
#15792 = FACE_BOUND('',#15793,.F.);
#15793 = EDGE_LOOP('',(#15794,#15795,#15801,#15802));
#15794 = ORIENTED_EDGE('',*,*,#11309,.T.);
#15795 = ORIENTED_EDGE('',*,*,#15796,.F.);
#15796 = EDGE_CURVE('',#15772,#11302,#15797,.T.);
#15797 = LINE('',#15798,#15799);
#15798 = CARTESIAN_POINT('',(-8.3693,0.1651,-2.5146));
#15799 = VECTOR('',#15800,1.);
#15800 = DIRECTION('',(0.,-1.,0.));
#15801 = ORIENTED_EDGE('',*,*,#15771,.F.);
#15802 = ORIENTED_EDGE('',*,*,#15723,.F.);
#15803 = PLANE('',#15804);
#15804 = AXIS2_PLACEMENT_3D('',#15805,#15806,#15807);
#15805 = CARTESIAN_POINT('',(-9.0043,0.1651,-2.5146));
#15806 = DIRECTION('',(0.,0.,-1.));
#15807 = DIRECTION('',(0.,-1.,0.));
#15808 = ADVANCED_FACE('',(#15809),#15835,.F.);
#15809 = FACE_BOUND('',#15810,.F.);
#15810 = EDGE_LOOP('',(#15811,#15812,#15820,#15829));
#15811 = ORIENTED_EDGE('',*,*,#11333,.T.);
#15812 = ORIENTED_EDGE('',*,*,#15813,.T.);
#15813 = EDGE_CURVE('',#11326,#15814,#15816,.T.);
#15814 = VERTEX_POINT('',#15815);
#15815 = CARTESIAN_POINT('',(-8.3693,0.1651,0.508));
#15816 = LINE('',#15817,#15818);
#15817 = CARTESIAN_POINT('',(-8.3693,-6.7437,0.508));
#15818 = VECTOR('',#15819,1.);
#15819 = DIRECTION('',(0.,1.,0.));
#15820 = ORIENTED_EDGE('',*,*,#15821,.T.);
#15821 = EDGE_CURVE('',#15814,#15822,#15824,.T.);
#15822 = VERTEX_POINT('',#15823);
#15823 = CARTESIAN_POINT('',(-8.3693,0.1651,1.9304));
#15824 = CIRCLE('',#15825,0.7112);
#15825 = AXIS2_PLACEMENT_3D('',#15826,#15827,#15828);
#15826 = CARTESIAN_POINT('',(-8.3693,0.1651,1.2192));
#15827 = DIRECTION('',(1.,0.,0.));
#15828 = DIRECTION('',(0.,0.,-1.));
#15829 = ORIENTED_EDGE('',*,*,#15830,.T.);
#15830 = EDGE_CURVE('',#15822,#11334,#15831,.T.);
#15831 = LINE('',#15832,#15833);
#15832 = CARTESIAN_POINT('',(-8.3693,0.1651,1.9304));
#15833 = VECTOR('',#15834,1.);
#15834 = DIRECTION('',(0.,-1.,0.));
#15835 = PLANE('',#15836);
#15836 = AXIS2_PLACEMENT_3D('',#15837,#15838,#15839);
#15837 = CARTESIAN_POINT('',(-8.3693,-7.3787,5.7658));
#15838 = DIRECTION('',(1.,0.,0.));
#15839 = DIRECTION('',(0.,0.,-1.));
#15840 = ADVANCED_FACE('',(#15841),#15847,.F.);
#15841 = FACE_BOUND('',#15842,.F.);
#15842 = EDGE_LOOP('',(#15843,#15844,#15845,#15846));
#15843 = ORIENTED_EDGE('',*,*,#11301,.T.);
#15844 = ORIENTED_EDGE('',*,*,#15756,.T.);
#15845 = ORIENTED_EDGE('',*,*,#15779,.T.);
#15846 = ORIENTED_EDGE('',*,*,#15796,.T.);
#15847 = PLANE('',#15848);
#15848 = AXIS2_PLACEMENT_3D('',#15849,#15850,#15851);
#15849 = CARTESIAN_POINT('',(-8.3693,-7.3787,5.7658));
#15850 = DIRECTION('',(1.,0.,0.));
#15851 = DIRECTION('',(0.,0.,-1.));
#15852 = ADVANCED_FACE('',(#15853),#15864,.T.);
#15853 = FACE_BOUND('',#15854,.F.);
#15854 = EDGE_LOOP('',(#15855,#15856,#15857,#15863));
#15855 = ORIENTED_EDGE('',*,*,#11325,.F.);
#15856 = ORIENTED_EDGE('',*,*,#15716,.T.);
#15857 = ORIENTED_EDGE('',*,*,#15858,.T.);
#15858 = EDGE_CURVE('',#15708,#15814,#15859,.T.);
#15859 = LINE('',#15860,#15861);
#15860 = CARTESIAN_POINT('',(-9.0043,0.1651,0.508));
#15861 = VECTOR('',#15862,1.);
#15862 = DIRECTION('',(1.,0.,0.));
#15863 = ORIENTED_EDGE('',*,*,#15813,.F.);
#15864 = PLANE('',#15865);
#15865 = AXIS2_PLACEMENT_3D('',#15866,#15867,#15868);
#15866 = CARTESIAN_POINT('',(-9.0043,-6.7437,0.508));
#15867 = DIRECTION('',(0.,0.,1.));
#15868 = DIRECTION('',(0.,1.,0.));
#15869 = ADVANCED_FACE('',(#15870),#15881,.F.);
#15870 = FACE_BOUND('',#15871,.F.);
#15871 = EDGE_LOOP('',(#15872,#15873,#15879,#15880));
#15872 = ORIENTED_EDGE('',*,*,#15707,.T.);
#15873 = ORIENTED_EDGE('',*,*,#15874,.T.);
#15874 = EDGE_CURVE('',#15700,#15822,#15875,.T.);
#15875 = LINE('',#15876,#15877);
#15876 = CARTESIAN_POINT('',(-9.0043,0.1651,1.9304));
#15877 = VECTOR('',#15878,1.);
#15878 = DIRECTION('',(1.,0.,0.));
#15879 = ORIENTED_EDGE('',*,*,#15821,.F.);
#15880 = ORIENTED_EDGE('',*,*,#15858,.F.);
#15881 = CYLINDRICAL_SURFACE('',#15882,0.7112);
#15882 = AXIS2_PLACEMENT_3D('',#15883,#15884,#15885);
#15883 = CARTESIAN_POINT('',(-9.0043,0.1651,1.2192));
#15884 = DIRECTION('',(1.,0.,0.));
#15885 = DIRECTION('',(0.,0.,-1.));
#15886 = ADVANCED_FACE('',(#15887),#15893,.T.);
#15887 = FACE_BOUND('',#15888,.F.);
#15888 = EDGE_LOOP('',(#15889,#15890,#15891,#15892));
#15889 = ORIENTED_EDGE('',*,*,#11341,.T.);
#15890 = ORIENTED_EDGE('',*,*,#15830,.F.);
#15891 = ORIENTED_EDGE('',*,*,#15874,.F.);
#15892 = ORIENTED_EDGE('',*,*,#15699,.F.);
#15893 = PLANE('',#15894);
#15894 = AXIS2_PLACEMENT_3D('',#15895,#15896,#15897);
#15895 = CARTESIAN_POINT('',(-9.0043,0.1651,1.9304));
#15896 = DIRECTION('',(0.,0.,-1.));
#15897 = DIRECTION('',(0.,-1.,0.));
#15898 = ADVANCED_FACE('',(#15899),#15905,.T.);
#15899 = FACE_BOUND('',#15900,.F.);
#15900 = EDGE_LOOP('',(#15901,#15902,#15903,#15904));
#15901 = ORIENTED_EDGE('',*,*,#11049,.F.);
#15902 = ORIENTED_EDGE('',*,*,#12616,.T.);
#15903 = ORIENTED_EDGE('',*,*,#13533,.T.);
#15904 = ORIENTED_EDGE('',*,*,#15588,.F.);
#15905 = PLANE('',#15906);
#15906 = AXIS2_PLACEMENT_3D('',#15907,#15908,#15909);
#15907 = CARTESIAN_POINT('',(-9.271,-7.3787,-5.7658));
#15908 = DIRECTION('',(-0.707106781187,0.,-0.707106781187));
#15909 = DIRECTION('',(-0.707106781187,0.,0.707106781187));
#15910 = ADVANCED_FACE('',(#15911),#15922,.F.);
#15911 = FACE_BOUND('',#15912,.F.);
#15912 = EDGE_LOOP('',(#15913,#15914,#15915,#15916));
#15913 = ORIENTED_EDGE('',*,*,#13643,.F.);
#15914 = ORIENTED_EDGE('',*,*,#13397,.T.);
#15915 = ORIENTED_EDGE('',*,*,#13202,.T.);
#15916 = ORIENTED_EDGE('',*,*,#15917,.F.);
#15917 = EDGE_CURVE('',#13644,#13195,#15918,.T.);
#15918 = LINE('',#15919,#15920);
#15919 = CARTESIAN_POINT('',(-7.9883,7.3787,0.6858));
#15920 = VECTOR('',#15921,1.);
#15921 = DIRECTION('',(0.,-1.,0.));
#15922 = PLANE('',#15923);
#15923 = AXIS2_PLACEMENT_3D('',#15924,#15925,#15926);
#15924 = CARTESIAN_POINT('',(-9.0043,7.3787,0.6858));
#15925 = DIRECTION('',(0.,0.,1.));
#15926 = DIRECTION('',(1.,0.,-0.));
#15927 = ADVANCED_FACE('',(#15928),#15939,.F.);
#15928 = FACE_BOUND('',#15929,.F.);
#15929 = EDGE_LOOP('',(#15930,#15931,#15932,#15933));
#15930 = ORIENTED_EDGE('',*,*,#13651,.F.);
#15931 = ORIENTED_EDGE('',*,*,#15917,.T.);
#15932 = ORIENTED_EDGE('',*,*,#13194,.T.);
#15933 = ORIENTED_EDGE('',*,*,#15934,.F.);
#15934 = EDGE_CURVE('',#13652,#13187,#15935,.T.);
#15935 = LINE('',#15936,#15937);
#15936 = CARTESIAN_POINT('',(-7.9883,7.3787,-1.8542));
#15937 = VECTOR('',#15938,1.);
#15938 = DIRECTION('',(0.,-1.,0.));
#15939 = PLANE('',#15940);
#15940 = AXIS2_PLACEMENT_3D('',#15941,#15942,#15943);
#15941 = CARTESIAN_POINT('',(-7.9883,7.3787,0.6858));
#15942 = DIRECTION('',(1.,0.,0.));
#15943 = DIRECTION('',(0.,0.,-1.));
#15944 = ADVANCED_FACE('',(#15945),#15951,.F.);
#15945 = FACE_BOUND('',#15946,.F.);
#15946 = EDGE_LOOP('',(#15947,#15948,#15949,#15950));
#15947 = ORIENTED_EDGE('',*,*,#13659,.F.);
#15948 = ORIENTED_EDGE('',*,*,#15934,.T.);
#15949 = ORIENTED_EDGE('',*,*,#13186,.T.);
#15950 = ORIENTED_EDGE('',*,*,#13390,.F.);
#15951 = PLANE('',#15952);
#15952 = AXIS2_PLACEMENT_3D('',#15953,#15954,#15955);
#15953 = CARTESIAN_POINT('',(-7.9883,7.3787,-1.8542));
#15954 = DIRECTION('',(0.,0.,-1.));
#15955 = DIRECTION('',(-1.,0.,0.));
#15956 = ADVANCED_FACE('',(#15957),#15973,.F.);
#15957 = FACE_BOUND('',#15958,.F.);
#15958 = EDGE_LOOP('',(#15959,#15960,#15966,#15967));
#15959 = ORIENTED_EDGE('',*,*,#13667,.F.);
#15960 = ORIENTED_EDGE('',*,*,#15961,.T.);
#15961 = EDGE_CURVE('',#13668,#13217,#15962,.T.);
#15962 = LINE('',#15963,#15964);
#15963 = CARTESIAN_POINT('',(9.0043,7.3787,-1.8542));
#15964 = VECTOR('',#15965,1.);
#15965 = DIRECTION('',(0.,-1.,0.));
#15966 = ORIENTED_EDGE('',*,*,#13216,.T.);
#15967 = ORIENTED_EDGE('',*,*,#15968,.F.);
#15968 = EDGE_CURVE('',#13670,#13219,#15969,.T.);
#15969 = LINE('',#15970,#15971);
#15970 = CARTESIAN_POINT('',(7.9883,7.3787,-1.8542));
#15971 = VECTOR('',#15972,1.);
#15972 = DIRECTION('',(0.,-1.,0.));
#15973 = PLANE('',#15974);
#15974 = AXIS2_PLACEMENT_3D('',#15975,#15976,#15977);
#15975 = CARTESIAN_POINT('',(9.0043,7.3787,-1.8542));
#15976 = DIRECTION('',(0.,0.,-1.));
#15977 = DIRECTION('',(-1.,0.,0.));
#15978 = ADVANCED_FACE('',(#15979),#15990,.F.);
#15979 = FACE_BOUND('',#15980,.F.);
#15980 = EDGE_LOOP('',(#15981,#15982,#15988,#15989));
#15981 = ORIENTED_EDGE('',*,*,#13693,.F.);
#15982 = ORIENTED_EDGE('',*,*,#15983,.T.);
#15983 = EDGE_CURVE('',#13686,#13227,#15984,.T.);
#15984 = LINE('',#15985,#15986);
#15985 = CARTESIAN_POINT('',(9.0043,7.3787,0.6858));
#15986 = VECTOR('',#15987,1.);
#15987 = DIRECTION('',(0.,-1.,0.));
#15988 = ORIENTED_EDGE('',*,*,#13226,.T.);
#15989 = ORIENTED_EDGE('',*,*,#15961,.F.);
#15990 = PLANE('',#15991);
#15991 = AXIS2_PLACEMENT_3D('',#15992,#15993,#15994);
#15992 = CARTESIAN_POINT('',(9.0043,7.3787,0.6858));
#15993 = DIRECTION('',(1.,0.,0.));
#15994 = DIRECTION('',(0.,0.,-1.));
#15995 = ADVANCED_FACE('',(#15996),#16007,.F.);
#15996 = FACE_BOUND('',#15997,.F.);
#15997 = EDGE_LOOP('',(#15998,#15999,#16005,#16006));
#15998 = ORIENTED_EDGE('',*,*,#13685,.F.);
#15999 = ORIENTED_EDGE('',*,*,#16000,.T.);
#16000 = EDGE_CURVE('',#13678,#13235,#16001,.T.);
#16001 = LINE('',#16002,#16003);
#16002 = CARTESIAN_POINT('',(7.9883,7.3787,0.6858));
#16003 = VECTOR('',#16004,1.);
#16004 = DIRECTION('',(0.,-1.,0.));
#16005 = ORIENTED_EDGE('',*,*,#13234,.T.);
#16006 = ORIENTED_EDGE('',*,*,#15983,.F.);
#16007 = PLANE('',#16008);
#16008 = AXIS2_PLACEMENT_3D('',#16009,#16010,#16011);
#16009 = CARTESIAN_POINT('',(7.9883,7.3787,0.6858));
#16010 = DIRECTION('',(0.,0.,1.));
#16011 = DIRECTION('',(1.,0.,-0.));
#16012 = ADVANCED_FACE('',(#16013),#16019,.F.);
#16013 = FACE_BOUND('',#16014,.F.);
#16014 = EDGE_LOOP('',(#16015,#16016,#16017,#16018));
#16015 = ORIENTED_EDGE('',*,*,#13677,.F.);
#16016 = ORIENTED_EDGE('',*,*,#15968,.T.);
#16017 = ORIENTED_EDGE('',*,*,#13242,.T.);
#16018 = ORIENTED_EDGE('',*,*,#16000,.F.);
#16019 = PLANE('',#16020);
#16020 = AXIS2_PLACEMENT_3D('',#16021,#16022,#16023);
#16021 = CARTESIAN_POINT('',(7.9883,7.3787,-1.8542));
#16022 = DIRECTION('',(-1.,0.,0.));
#16023 = DIRECTION('',(0.,0.,1.));
#16024 = ADVANCED_FACE('',(#16025),#16031,.T.);
#16025 = FACE_BOUND('',#16026,.F.);
#16026 = EDGE_LOOP('',(#16027,#16028,#16029,#16030));
#16027 = ORIENTED_EDGE('',*,*,#12527,.T.);
#16028 = ORIENTED_EDGE('',*,*,#11245,.T.);
#16029 = ORIENTED_EDGE('',*,*,#12369,.F.);
#16030 = ORIENTED_EDGE('',*,*,#12502,.F.);
#16031 = PLANE('',#16032);
#16032 = AXIS2_PLACEMENT_3D('',#16033,#16034,#16035);
#16033 = CARTESIAN_POINT('',(7.9883,2.1463,-5.7658));
#16034 = DIRECTION('',(1.,0.,0.));
#16035 = DIRECTION('',(0.,-1.,0.));
#16036 = GEOMETRIC_CURVE_SET('',(#16037,#16045));
#16037 = TRIMMED_CURVE('',#16038,(#16043,PARAMETER_VALUE(0.)),(#16044,
    PARAMETER_VALUE(3.141592653589)),.T.,.PARAMETER.);
#16038 = CIRCLE('',#16039,0.889);
#16039 = AXIS2_PLACEMENT_3D('',#16040,#16041,#16042);
#16040 = CARTESIAN_POINT('',(3.7592,-7.3787,1.0414));
#16041 = DIRECTION('',(0.,-1.,0.));
#16042 = DIRECTION('',(1.,0.,0.));
#16043 = CARTESIAN_POINT('',(4.6482,-7.3787,1.0414));
#16044 = CARTESIAN_POINT('',(2.8702,-7.3787,1.0414));
#16045 = TRIMMED_CURVE('',#16046,(#16051,PARAMETER_VALUE(0.)),(#16052,
    PARAMETER_VALUE(3.141592653589)),.T.,.PARAMETER.);
#16046 = CIRCLE('',#16047,0.889);
#16047 = AXIS2_PLACEMENT_3D('',#16048,#16049,#16050);
#16048 = CARTESIAN_POINT('',(3.7592,-7.3787,1.0414));
#16049 = DIRECTION('',(0.,-1.,0.));
#16050 = DIRECTION('',(-1.,0.,0.));
#16051 = CARTESIAN_POINT('',(2.8702,-7.3787,1.0414));
#16052 = CARTESIAN_POINT('',(4.6482,-7.3787,1.0414));
#16053 = GEOMETRIC_CURVE_SET('',(#16054,#16062));
#16054 = TRIMMED_CURVE('',#16055,(#16060,PARAMETER_VALUE(0.)),(#16061,
    PARAMETER_VALUE(3.141592653589)),.T.,.PARAMETER.);
#16055 = CIRCLE('',#16056,0.889);
#16056 = AXIS2_PLACEMENT_3D('',#16057,#16058,#16059);
#16057 = CARTESIAN_POINT('',(3.7592,-7.3787,-2.1336));
#16058 = DIRECTION('',(0.,-1.,0.));
#16059 = DIRECTION('',(1.,0.,0.));
#16060 = CARTESIAN_POINT('',(4.6482,-7.3787,-2.1336));
#16061 = CARTESIAN_POINT('',(2.8702,-7.3787,-2.1336));
#16062 = TRIMMED_CURVE('',#16063,(#16068,PARAMETER_VALUE(0.)),(#16069,
    PARAMETER_VALUE(3.141592653589)),.T.,.PARAMETER.);
#16063 = CIRCLE('',#16064,0.889);
#16064 = AXIS2_PLACEMENT_3D('',#16065,#16066,#16067);
#16065 = CARTESIAN_POINT('',(3.7592,-7.3787,-2.1336));
#16066 = DIRECTION('',(0.,-1.,0.));
#16067 = DIRECTION('',(-1.,0.,0.));
#16068 = CARTESIAN_POINT('',(2.8702,-7.3787,-2.1336));
#16069 = CARTESIAN_POINT('',(4.6482,-7.3787,-2.1336));
#16070 = GEOMETRIC_CURVE_SET('',(#16071,#16079));
#16071 = TRIMMED_CURVE('',#16072,(#16077,PARAMETER_VALUE(0.)),(#16078,
    PARAMETER_VALUE(3.141592653589)),.T.,.PARAMETER.);
#16072 = CIRCLE('',#16073,0.889);
#16073 = AXIS2_PLACEMENT_3D('',#16074,#16075,#16076);
#16074 = CARTESIAN_POINT('',(-3.7338,-7.3787,1.0414));
#16075 = DIRECTION('',(0.,-1.,0.));
#16076 = DIRECTION('',(1.,0.,0.));
#16077 = CARTESIAN_POINT('',(-2.8448,-7.3787,1.0414));
#16078 = CARTESIAN_POINT('',(-4.6228,-7.3787,1.0414));
#16079 = TRIMMED_CURVE('',#16080,(#16085,PARAMETER_VALUE(0.)),(#16086,
    PARAMETER_VALUE(3.141592653589)),.T.,.PARAMETER.);
#16080 = CIRCLE('',#16081,0.889);
#16081 = AXIS2_PLACEMENT_3D('',#16082,#16083,#16084);
#16082 = CARTESIAN_POINT('',(-3.7338,-7.3787,1.0414));
#16083 = DIRECTION('',(0.,-1.,0.));
#16084 = DIRECTION('',(-1.,0.,0.));
#16085 = CARTESIAN_POINT('',(-4.6228,-7.3787,1.0414));
#16086 = CARTESIAN_POINT('',(-2.8448,-7.3787,1.0414));
#16087 = GEOMETRIC_CURVE_SET('',(#16088,#16096));
#16088 = TRIMMED_CURVE('',#16089,(#16094,PARAMETER_VALUE(0.)),(#16095,
    PARAMETER_VALUE(3.141592653589)),.T.,.PARAMETER.);
#16089 = CIRCLE('',#16090,0.889);
#16090 = AXIS2_PLACEMENT_3D('',#16091,#16092,#16093);
#16091 = CARTESIAN_POINT('',(-3.7338,-7.3787,-2.1336));
#16092 = DIRECTION('',(0.,-1.,0.));
#16093 = DIRECTION('',(1.,0.,0.));
#16094 = CARTESIAN_POINT('',(-2.8448,-7.3787,-2.1336));
#16095 = CARTESIAN_POINT('',(-4.6228,-7.3787,-2.1336));
#16096 = TRIMMED_CURVE('',#16097,(#16102,PARAMETER_VALUE(0.)),(#16103,
    PARAMETER_VALUE(3.141592653589)),.T.,.PARAMETER.);
#16097 = CIRCLE('',#16098,0.889);
#16098 = AXIS2_PLACEMENT_3D('',#16099,#16100,#16101);
#16099 = CARTESIAN_POINT('',(-3.7338,-7.3787,-2.1336));
#16100 = DIRECTION('',(0.,-1.,0.));
#16101 = DIRECTION('',(-1.,0.,0.));
#16102 = CARTESIAN_POINT('',(-4.6228,-7.3787,-2.1336));
#16103 = CARTESIAN_POINT('',(-2.8448,-7.3787,-2.1336));
#16104 = ( GEOMETRIC_REPRESENTATION_CONTEXT(3) 
GLOBAL_UNCERTAINTY_ASSIGNED_CONTEXT((#16108)) 
GLOBAL_UNIT_ASSIGNED_CONTEXT((#16105,#16106,#16107)) 
REPRESENTATION_CONTEXT('Context #1',
  '3D Context with UNIT and UNCERTAINTY') );
#16105 = ( LENGTH_UNIT() NAMED_UNIT(*) SI_UNIT(.MILLI.,.METRE.) );
#16106 = ( NAMED_UNIT(*) PLANE_ANGLE_UNIT() SI_UNIT($,.RADIAN.) );
#16107 = ( NAMED_UNIT(*) SI_UNIT($,.STERADIAN.) SOLID_ANGLE_UNIT() );
#16108 = UNCERTAINTY_MEASURE_WITH_UNIT(LENGTH_MEASURE(1.E-07),#16105,
  'distance_accuracy_value','confusion accuracy');
#16109 = CONTEXT_DEPENDENT_SHAPE_REPRESENTATION(#16110,#16112);
#16110 = ( REPRESENTATION_RELATIONSHIP('','',#10928,#10905) 
REPRESENTATION_RELATIONSHIP_WITH_TRANSFORMATION(#16111) 
SHAPE_REPRESENTATION_RELATIONSHIP() );
#16111 = ITEM_DEFINED_TRANSFORMATION('','',#11,#10906);
#16112 = PRODUCT_DEFINITION_SHAPE('Placement','Placement of an item',
  #16113);
#16113 = NEXT_ASSEMBLY_USAGE_OCCURRENCE('31','=>[0:1:1:7]','',#10900,
  #10923,$);
#16114 = PRODUCT_RELATED_PRODUCT_CATEGORY('part',$,(#10925));
#16115 = CONTEXT_DEPENDENT_SHAPE_REPRESENTATION(#16116,#16118);
#16116 = ( REPRESENTATION_RELATIONSHIP('','',#3587,#10) 
REPRESENTATION_RELATIONSHIP_WITH_TRANSFORMATION(#16117) 
SHAPE_REPRESENTATION_RELATIONSHIP() );
#16117 = ITEM_DEFINED_TRANSFORMATION('','',#11,#131);
#16118 = PRODUCT_DEFINITION_SHAPE('Placement','Placement of an item',
  #16119);
#16119 = NEXT_ASSEMBLY_USAGE_OCCURRENCE('33','NC_F7','',#5,#3582,$);
#16120 = CONTEXT_DEPENDENT_SHAPE_REPRESENTATION(#16121,#16123);
#16121 = ( REPRESENTATION_RELATIONSHIP('','',#10905,#10) 
REPRESENTATION_RELATIONSHIP_WITH_TRANSFORMATION(#16122) 
SHAPE_REPRESENTATION_RELATIONSHIP() );
#16122 = ITEM_DEFINED_TRANSFORMATION('','',#11,#135);
#16123 = PRODUCT_DEFINITION_SHAPE('Placement','Placement of an item',
  #16124);
#16124 = NEXT_ASSEMBLY_USAGE_OCCURRENCE('34','IN_J1','',#5,#10900,$);
#16125 = CONTEXT_DEPENDENT_SHAPE_REPRESENTATION(#16126,#16128);
#16126 = ( REPRESENTATION_RELATIONSHIP('','',#3587,#10) 
REPRESENTATION_RELATIONSHIP_WITH_TRANSFORMATION(#16127) 
SHAPE_REPRESENTATION_RELATIONSHIP() );
#16127 = ITEM_DEFINED_TRANSFORMATION('','',#11,#139);
#16128 = PRODUCT_DEFINITION_SHAPE('Placement','Placement of an item',
  #16129);
#16129 = NEXT_ASSEMBLY_USAGE_OCCURRENCE('35','IN_F1','',#5,#3582,$);
#16130 = CONTEXT_DEPENDENT_SHAPE_REPRESENTATION(#16131,#16133);
#16131 = ( REPRESENTATION_RELATIONSHIP('','',#3587,#10) 
REPRESENTATION_RELATIONSHIP_WITH_TRANSFORMATION(#16132) 
SHAPE_REPRESENTATION_RELATIONSHIP() );
#16132 = ITEM_DEFINED_TRANSFORMATION('','',#11,#143);
#16133 = PRODUCT_DEFINITION_SHAPE('Placement','Placement of an item',
  #16134);
#16134 = NEXT_ASSEMBLY_USAGE_OCCURRENCE('36','NC_F3','',#5,#3582,$);
#16135 = CONTEXT_DEPENDENT_SHAPE_REPRESENTATION(#16136,#16138);
#16136 = ( REPRESENTATION_RELATIONSHIP('','',#3587,#10) 
REPRESENTATION_RELATIONSHIP_WITH_TRANSFORMATION(#16137) 
SHAPE_REPRESENTATION_RELATIONSHIP() );
#16137 = ITEM_DEFINED_TRANSFORMATION('','',#11,#147);
#16138 = PRODUCT_DEFINITION_SHAPE('Placement','Placement of an item',
  #16139);
#16139 = NEXT_ASSEMBLY_USAGE_OCCURRENCE('37','NC_F9','',#5,#3582,$);
#16140 = CONTEXT_DEPENDENT_SHAPE_REPRESENTATION(#16141,#16143);
#16141 = ( REPRESENTATION_RELATIONSHIP('','',#3587,#10) 
REPRESENTATION_RELATIONSHIP_WITH_TRANSFORMATION(#16142) 
SHAPE_REPRESENTATION_RELATIONSHIP() );
#16142 = ITEM_DEFINED_TRANSFORMATION('','',#11,#151);
#16143 = PRODUCT_DEFINITION_SHAPE('Placement','Placement of an item',
  #16144);
#16144 = NEXT_ASSEMBLY_USAGE_OCCURRENCE('38','C_F7','',#5,#3582,$);
#16145 = CONTEXT_DEPENDENT_SHAPE_REPRESENTATION(#16146,#16148);
#16146 = ( REPRESENTATION_RELATIONSHIP('','',#3587,#10) 
REPRESENTATION_RELATIONSHIP_WITH_TRANSFORMATION(#16147) 
SHAPE_REPRESENTATION_RELATIONSHIP() );
#16147 = ITEM_DEFINED_TRANSFORMATION('','',#11,#155);
#16148 = PRODUCT_DEFINITION_SHAPE('Placement','Placement of an item',
  #16149);
#16149 = NEXT_ASSEMBLY_USAGE_OCCURRENCE('39','C_F1','',#5,#3582,$);
#16150 = CONTEXT_DEPENDENT_SHAPE_REPRESENTATION(#16151,#16153);
#16151 = ( REPRESENTATION_RELATIONSHIP('','',#3587,#10) 
REPRESENTATION_RELATIONSHIP_WITH_TRANSFORMATION(#16152) 
SHAPE_REPRESENTATION_RELATIONSHIP() );
#16152 = ITEM_DEFINED_TRANSFORMATION('','',#11,#159);
#16153 = PRODUCT_DEFINITION_SHAPE('Placement','Placement of an item',
  #16154);
#16154 = NEXT_ASSEMBLY_USAGE_OCCURRENCE('40','C_F5','',#5,#3582,$);
#16155 = CONTEXT_DEPENDENT_SHAPE_REPRESENTATION(#16156,#16158);
#16156 = ( REPRESENTATION_RELATIONSHIP('','',#3587,#10) 
REPRESENTATION_RELATIONSHIP_WITH_TRANSFORMATION(#16157) 
SHAPE_REPRESENTATION_RELATIONSHIP() );
#16157 = ITEM_DEFINED_TRANSFORMATION('','',#11,#163);
#16158 = PRODUCT_DEFINITION_SHAPE('Placement','Placement of an item',
  #16159);
#16159 = NEXT_ASSEMBLY_USAGE_OCCURRENCE('41','C_F4','',#5,#3582,$);
#16160 = CONTEXT_DEPENDENT_SHAPE_REPRESENTATION(#16161,#16163);
#16161 = ( REPRESENTATION_RELATIONSHIP('','',#3587,#10) 
REPRESENTATION_RELATIONSHIP_WITH_TRANSFORMATION(#16162) 
SHAPE_REPRESENTATION_RELATIONSHIP() );
#16162 = ITEM_DEFINED_TRANSFORMATION('','',#11,#167);
#16163 = PRODUCT_DEFINITION_SHAPE('Placement','Placement of an item',
  #16164);
#16164 = NEXT_ASSEMBLY_USAGE_OCCURRENCE('42','NC_F1','',#5,#3582,$);
#16165 = CONTEXT_DEPENDENT_SHAPE_REPRESENTATION(#16166,#16168);
#16166 = ( REPRESENTATION_RELATIONSHIP('','',#3587,#10) 
REPRESENTATION_RELATIONSHIP_WITH_TRANSFORMATION(#16167) 
SHAPE_REPRESENTATION_RELATIONSHIP() );
#16167 = ITEM_DEFINED_TRANSFORMATION('','',#11,#171);
#16168 = PRODUCT_DEFINITION_SHAPE('Placement','Placement of an item',
  #16169);
#16169 = NEXT_ASSEMBLY_USAGE_OCCURRENCE('43','NC_F11','',#5,#3582,$);
#16170 = CONTEXT_DEPENDENT_SHAPE_REPRESENTATION(#16171,#16173);
#16171 = ( REPRESENTATION_RELATIONSHIP('','',#3587,#10) 
REPRESENTATION_RELATIONSHIP_WITH_TRANSFORMATION(#16172) 
SHAPE_REPRESENTATION_RELATIONSHIP() );
#16172 = ITEM_DEFINED_TRANSFORMATION('','',#11,#175);
#16173 = PRODUCT_DEFINITION_SHAPE('Placement','Placement of an item',
  #16174);
#16174 = NEXT_ASSEMBLY_USAGE_OCCURRENCE('44','C_F6','',#5,#3582,$);
#16175 = CONTEXT_DEPENDENT_SHAPE_REPRESENTATION(#16176,#16178);
#16176 = ( REPRESENTATION_RELATIONSHIP('','',#3587,#10) 
REPRESENTATION_RELATIONSHIP_WITH_TRANSFORMATION(#16177) 
SHAPE_REPRESENTATION_RELATIONSHIP() );
#16177 = ITEM_DEFINED_TRANSFORMATION('','',#11,#179);
#16178 = PRODUCT_DEFINITION_SHAPE('Placement','Placement of an item',
  #16179);
#16179 = NEXT_ASSEMBLY_USAGE_OCCURRENCE('45','C_F3','',#5,#3582,$);
#16180 = SHAPE_DEFINITION_REPRESENTATION(#16181,#16187);
#16181 = PRODUCT_DEFINITION_SHAPE('','',#16182);
#16182 = PRODUCT_DEFINITION('design','',#16183,#16186);
#16183 = PRODUCT_DEFINITION_FORMATION('','',#16184);
#16184 = PRODUCT('_autosave-PS-LVDistributionPCB_PCB',
  '_autosave-PS-LVDistributionPCB_PCB','',(#16185));
#16185 = PRODUCT_CONTEXT('',#2,'mechanical');
#16186 = PRODUCT_DEFINITION_CONTEXT('part definition',#2,'design');
#16187 = ADVANCED_BREP_SHAPE_REPRESENTATION('',(#11,#16188),#19910);
#16188 = MANIFOLD_SOLID_BREP('',#16189);
#16189 = CLOSED_SHELL('',(#16190,#16232,#16263,#16294,#17314,#18334,
    #18351,#18368,#18385,#18402,#18414,#18431,#18448,#18465,#18482,
    #18499,#18516,#18533,#18550,#18567,#18584,#18601,#18618,#18635,
    #18652,#18669,#18686,#18703,#18720,#18737,#18754,#18771,#18788,
    #18805,#18822,#18839,#18856,#18873,#18890,#18907,#18924,#18941,
    #18958,#18975,#18992,#19009,#19026,#19043,#19060,#19077,#19094,
    #19111,#19128,#19145,#19162,#19179,#19196,#19213,#19230,#19247,
    #19264,#19281,#19298,#19315,#19332,#19349,#19366,#19383,#19400,
    #19417,#19434,#19451,#19468,#19485,#19502,#19519,#19536,#19553,
    #19570,#19587,#19604,#19621,#19638,#19655,#19672,#19689,#19706,
    #19723,#19740,#19757,#19774,#19791,#19808,#19825,#19842,#19859,
    #19876,#19893));
#16190 = ADVANCED_FACE('',(#16191),#16227,.T.);
#16191 = FACE_BOUND('',#16192,.T.);
#16192 = EDGE_LOOP('',(#16193,#16203,#16212,#16220));
#16193 = ORIENTED_EDGE('',*,*,#16194,.T.);
#16194 = EDGE_CURVE('',#16195,#16197,#16199,.T.);
#16195 = VERTEX_POINT('',#16196);
#16196 = CARTESIAN_POINT('',(249.,-58.1,0.));
#16197 = VERTEX_POINT('',#16198);
#16198 = CARTESIAN_POINT('',(249.,-58.1,1.6));
#16199 = LINE('',#16200,#16201);
#16200 = CARTESIAN_POINT('',(249.,-58.1,0.));
#16201 = VECTOR('',#16202,1.);
#16202 = DIRECTION('',(0.,0.,1.));
#16203 = ORIENTED_EDGE('',*,*,#16204,.T.);
#16204 = EDGE_CURVE('',#16197,#16205,#16207,.T.);
#16205 = VERTEX_POINT('',#16206);
#16206 = CARTESIAN_POINT('',(252.,-61.1,1.6));
#16207 = CIRCLE('',#16208,3.000001172987);
#16208 = AXIS2_PLACEMENT_3D('',#16209,#16210,#16211);
#16209 = CARTESIAN_POINT('',(248.99999882701,-61.10000117298,1.6));
#16210 = DIRECTION('',(0.,0.,-1.));
#16211 = DIRECTION('',(3.909953616065E-07,1.,0.));
#16212 = ORIENTED_EDGE('',*,*,#16213,.F.);
#16213 = EDGE_CURVE('',#16214,#16205,#16216,.T.);
#16214 = VERTEX_POINT('',#16215);
#16215 = CARTESIAN_POINT('',(252.,-61.1,0.));
#16216 = LINE('',#16217,#16218);
#16217 = CARTESIAN_POINT('',(252.,-61.1,0.));
#16218 = VECTOR('',#16219,1.);
#16219 = DIRECTION('',(0.,0.,1.));
#16220 = ORIENTED_EDGE('',*,*,#16221,.F.);
#16221 = EDGE_CURVE('',#16195,#16214,#16222,.T.);
#16222 = CIRCLE('',#16223,3.000001172987);
#16223 = AXIS2_PLACEMENT_3D('',#16224,#16225,#16226);
#16224 = CARTESIAN_POINT('',(248.99999882701,-61.10000117298,0.));
#16225 = DIRECTION('',(0.,0.,-1.));
#16226 = DIRECTION('',(3.909953616065E-07,1.,0.));
#16227 = CYLINDRICAL_SURFACE('',#16228,3.000001172987);
#16228 = AXIS2_PLACEMENT_3D('',#16229,#16230,#16231);
#16229 = CARTESIAN_POINT('',(248.99999882701,-61.10000117298,0.));
#16230 = DIRECTION('',(0.,0.,-1.));
#16231 = DIRECTION('',(3.909953616065E-07,1.,0.));
#16232 = ADVANCED_FACE('',(#16233),#16258,.T.);
#16233 = FACE_BOUND('',#16234,.T.);
#16234 = EDGE_LOOP('',(#16235,#16245,#16251,#16252));
#16235 = ORIENTED_EDGE('',*,*,#16236,.T.);
#16236 = EDGE_CURVE('',#16237,#16239,#16241,.T.);
#16237 = VERTEX_POINT('',#16238);
#16238 = CARTESIAN_POINT('',(63.1,-58.1,0.));
#16239 = VERTEX_POINT('',#16240);
#16240 = CARTESIAN_POINT('',(63.1,-58.1,1.6));
#16241 = LINE('',#16242,#16243);
#16242 = CARTESIAN_POINT('',(63.1,-58.1,0.));
#16243 = VECTOR('',#16244,1.);
#16244 = DIRECTION('',(0.,0.,1.));
#16245 = ORIENTED_EDGE('',*,*,#16246,.T.);
#16246 = EDGE_CURVE('',#16239,#16197,#16247,.T.);
#16247 = LINE('',#16248,#16249);
#16248 = CARTESIAN_POINT('',(63.1,-58.1,1.6));
#16249 = VECTOR('',#16250,1.);
#16250 = DIRECTION('',(1.,0.,0.));
#16251 = ORIENTED_EDGE('',*,*,#16194,.F.);
#16252 = ORIENTED_EDGE('',*,*,#16253,.F.);
#16253 = EDGE_CURVE('',#16237,#16195,#16254,.T.);
#16254 = LINE('',#16255,#16256);
#16255 = CARTESIAN_POINT('',(63.1,-58.1,0.));
#16256 = VECTOR('',#16257,1.);
#16257 = DIRECTION('',(1.,0.,0.));
#16258 = PLANE('',#16259);
#16259 = AXIS2_PLACEMENT_3D('',#16260,#16261,#16262);
#16260 = CARTESIAN_POINT('',(63.1,-58.1,0.));
#16261 = DIRECTION('',(0.,1.,0.));
#16262 = DIRECTION('',(1.,0.,0.));
#16263 = ADVANCED_FACE('',(#16264),#16289,.T.);
#16264 = FACE_BOUND('',#16265,.T.);
#16265 = EDGE_LOOP('',(#16266,#16267,#16275,#16283));
#16266 = ORIENTED_EDGE('',*,*,#16213,.T.);
#16267 = ORIENTED_EDGE('',*,*,#16268,.T.);
#16268 = EDGE_CURVE('',#16205,#16269,#16271,.T.);
#16269 = VERTEX_POINT('',#16270);
#16270 = CARTESIAN_POINT('',(252.,-139.,1.6));
#16271 = LINE('',#16272,#16273);
#16272 = CARTESIAN_POINT('',(252.,-61.1,1.6));
#16273 = VECTOR('',#16274,1.);
#16274 = DIRECTION('',(0.,-1.,0.));
#16275 = ORIENTED_EDGE('',*,*,#16276,.F.);
#16276 = EDGE_CURVE('',#16277,#16269,#16279,.T.);
#16277 = VERTEX_POINT('',#16278);
#16278 = CARTESIAN_POINT('',(252.,-139.,0.));
#16279 = LINE('',#16280,#16281);
#16280 = CARTESIAN_POINT('',(252.,-139.,0.));
#16281 = VECTOR('',#16282,1.);
#16282 = DIRECTION('',(0.,0.,1.));
#16283 = ORIENTED_EDGE('',*,*,#16284,.F.);
#16284 = EDGE_CURVE('',#16214,#16277,#16285,.T.);
#16285 = LINE('',#16286,#16287);
#16286 = CARTESIAN_POINT('',(252.,-61.1,0.));
#16287 = VECTOR('',#16288,1.);
#16288 = DIRECTION('',(0.,-1.,0.));
#16289 = PLANE('',#16290);
#16290 = AXIS2_PLACEMENT_3D('',#16291,#16292,#16293);
#16291 = CARTESIAN_POINT('',(252.,-61.1,0.));
#16292 = DIRECTION('',(1.,0.,-0.));
#16293 = DIRECTION('',(0.,-1.,0.));
#16294 = ADVANCED_FACE('',(#16295,#16341,#16352,#16363,#16374,#16385,
    #16396,#16407,#16418,#16429,#16440,#16451,#16462,#16473,#16484,
    #16495,#16506,#16517,#16528,#16539,#16550,#16561,#16572,#16583,
    #16594,#16605,#16616,#16627,#16638,#16649,#16660,#16671,#16682,
    #16693,#16704,#16715,#16726,#16737,#16748,#16759,#16770,#16781,
    #16792,#16803,#16814,#16825,#16836,#16847,#16858,#16869,#16880,
    #16891,#16902,#16913,#16924,#16935,#16946,#16957,#16968,#16979,
    #16990,#17001,#17012,#17023,#17034,#17045,#17056,#17067,#17078,
    #17089,#17100,#17111,#17122,#17133,#17144,#17155,#17166,#17177,
    #17188,#17199,#17210,#17221,#17232,#17243,#17254,#17265,#17276,
    #17287,#17298),#17309,.F.);
#16295 = FACE_BOUND('',#16296,.F.);
#16296 = EDGE_LOOP('',(#16297,#16298,#16299,#16308,#16316,#16325,#16333,
    #16340));
#16297 = ORIENTED_EDGE('',*,*,#16221,.F.);
#16298 = ORIENTED_EDGE('',*,*,#16253,.F.);
#16299 = ORIENTED_EDGE('',*,*,#16300,.F.);
#16300 = EDGE_CURVE('',#16301,#16237,#16303,.T.);
#16301 = VERTEX_POINT('',#16302);
#16302 = CARTESIAN_POINT('',(60.1,-61.1,0.));
#16303 = CIRCLE('',#16304,3.000001172987);
#16304 = AXIS2_PLACEMENT_3D('',#16305,#16306,#16307);
#16305 = CARTESIAN_POINT('',(63.100001172987,-61.10000117298,0.));
#16306 = DIRECTION('',(0.,0.,-1.));
#16307 = DIRECTION('',(-1.,3.909953568695E-07,0.));
#16308 = ORIENTED_EDGE('',*,*,#16309,.F.);
#16309 = EDGE_CURVE('',#16310,#16301,#16312,.T.);
#16310 = VERTEX_POINT('',#16311);
#16311 = CARTESIAN_POINT('',(60.1,-139.,0.));
#16312 = LINE('',#16313,#16314);
#16313 = CARTESIAN_POINT('',(60.1,-139.,0.));
#16314 = VECTOR('',#16315,1.);
#16315 = DIRECTION('',(0.,1.,0.));
#16316 = ORIENTED_EDGE('',*,*,#16317,.F.);
#16317 = EDGE_CURVE('',#16318,#16310,#16320,.T.);
#16318 = VERTEX_POINT('',#16319);
#16319 = CARTESIAN_POINT('',(63.1,-142.,0.));
#16320 = CIRCLE('',#16321,3.000001172987);
#16321 = AXIS2_PLACEMENT_3D('',#16322,#16323,#16324);
#16322 = CARTESIAN_POINT('',(63.100001172987,-138.999998827,0.));
#16323 = DIRECTION('',(0.,0.,-1.));
#16324 = DIRECTION('',(-3.90995359238E-07,-1.,-0.));
#16325 = ORIENTED_EDGE('',*,*,#16326,.F.);
#16326 = EDGE_CURVE('',#16327,#16318,#16329,.T.);
#16327 = VERTEX_POINT('',#16328);
#16328 = CARTESIAN_POINT('',(249.,-142.,0.));
#16329 = LINE('',#16330,#16331);
#16330 = CARTESIAN_POINT('',(249.,-142.,0.));
#16331 = VECTOR('',#16332,1.);
#16332 = DIRECTION('',(-1.,0.,0.));
#16333 = ORIENTED_EDGE('',*,*,#16334,.F.);
#16334 = EDGE_CURVE('',#16277,#16327,#16335,.T.);
#16335 = CIRCLE('',#16336,3.000001172987);
#16336 = AXIS2_PLACEMENT_3D('',#16337,#16338,#16339);
#16337 = CARTESIAN_POINT('',(248.99999882701,-138.999998827,0.));
#16338 = DIRECTION('',(0.,0.,-1.));
#16339 = DIRECTION('',(1.,-3.909953710804E-07,0.));
#16340 = ORIENTED_EDGE('',*,*,#16284,.F.);
#16341 = FACE_BOUND('',#16342,.F.);
#16342 = EDGE_LOOP('',(#16343));
#16343 = ORIENTED_EDGE('',*,*,#16344,.F.);
#16344 = EDGE_CURVE('',#16345,#16345,#16347,.T.);
#16345 = VERTEX_POINT('',#16346);
#16346 = CARTESIAN_POINT('',(65.6,-138.,0.));
#16347 = CIRCLE('',#16348,1.6);
#16348 = AXIS2_PLACEMENT_3D('',#16349,#16350,#16351);
#16349 = CARTESIAN_POINT('',(64.,-138.,0.));
#16350 = DIRECTION('',(0.,0.,1.));
#16351 = DIRECTION('',(1.,0.,-0.));
#16352 = FACE_BOUND('',#16353,.F.);
#16353 = EDGE_LOOP('',(#16354));
#16354 = ORIENTED_EDGE('',*,*,#16355,.T.);
#16355 = EDGE_CURVE('',#16356,#16356,#16358,.T.);
#16356 = VERTEX_POINT('',#16357);
#16357 = CARTESIAN_POINT('',(71.88,-115.82,0.));
#16358 = CIRCLE('',#16359,0.89);
#16359 = AXIS2_PLACEMENT_3D('',#16360,#16361,#16362);
#16360 = CARTESIAN_POINT('',(71.88,-114.93,0.));
#16361 = DIRECTION('',(-0.,0.,-1.));
#16362 = DIRECTION('',(-0.,-1.,0.));
#16363 = FACE_BOUND('',#16364,.F.);
#16364 = EDGE_LOOP('',(#16365));
#16365 = ORIENTED_EDGE('',*,*,#16366,.T.);
#16366 = EDGE_CURVE('',#16367,#16367,#16369,.T.);
#16367 = VERTEX_POINT('',#16368);
#16368 = CARTESIAN_POINT('',(75.06,-115.82,0.));
#16369 = CIRCLE('',#16370,0.89);
#16370 = AXIS2_PLACEMENT_3D('',#16371,#16372,#16373);
#16371 = CARTESIAN_POINT('',(75.06,-114.93,0.));
#16372 = DIRECTION('',(-0.,0.,-1.));
#16373 = DIRECTION('',(-0.,-1.,0.));
#16374 = FACE_BOUND('',#16375,.F.);
#16375 = EDGE_LOOP('',(#16376));
#16376 = ORIENTED_EDGE('',*,*,#16377,.T.);
#16377 = EDGE_CURVE('',#16378,#16378,#16380,.T.);
#16378 = VERTEX_POINT('',#16379);
#16379 = CARTESIAN_POINT('',(71.88,-108.33,0.));
#16380 = CIRCLE('',#16381,0.89);
#16381 = AXIS2_PLACEMENT_3D('',#16382,#16383,#16384);
#16382 = CARTESIAN_POINT('',(71.88,-107.44,0.));
#16383 = DIRECTION('',(-0.,0.,-1.));
#16384 = DIRECTION('',(-0.,-1.,0.));
#16385 = FACE_BOUND('',#16386,.F.);
#16386 = EDGE_LOOP('',(#16387));
#16387 = ORIENTED_EDGE('',*,*,#16388,.T.);
#16388 = EDGE_CURVE('',#16389,#16389,#16391,.T.);
#16389 = VERTEX_POINT('',#16390);
#16390 = CARTESIAN_POINT('',(75.06,-108.33,0.));
#16391 = CIRCLE('',#16392,0.89);
#16392 = AXIS2_PLACEMENT_3D('',#16393,#16394,#16395);
#16393 = CARTESIAN_POINT('',(75.06,-107.44,0.));
#16394 = DIRECTION('',(-0.,0.,-1.));
#16395 = DIRECTION('',(-0.,-1.,0.));
#16396 = FACE_BOUND('',#16397,.F.);
#16397 = EDGE_LOOP('',(#16398));
#16398 = ORIENTED_EDGE('',*,*,#16399,.T.);
#16399 = EDGE_CURVE('',#16400,#16400,#16402,.T.);
#16400 = VERTEX_POINT('',#16401);
#16401 = CARTESIAN_POINT('',(87.56,-107.71375,0.));
#16402 = CIRCLE('',#16403,0.635);
#16403 = AXIS2_PLACEMENT_3D('',#16404,#16405,#16406);
#16404 = CARTESIAN_POINT('',(87.56,-107.07875,0.));
#16405 = DIRECTION('',(-0.,0.,-1.));
#16406 = DIRECTION('',(-0.,-1.,0.));
#16407 = FACE_BOUND('',#16408,.F.);
#16408 = EDGE_LOOP('',(#16409));
#16409 = ORIENTED_EDGE('',*,*,#16410,.T.);
#16410 = EDGE_CURVE('',#16411,#16411,#16413,.T.);
#16411 = VERTEX_POINT('',#16412);
#16412 = CARTESIAN_POINT('',(90.56,-105.62875,0.));
#16413 = CIRCLE('',#16414,0.51);
#16414 = AXIS2_PLACEMENT_3D('',#16415,#16416,#16417);
#16415 = CARTESIAN_POINT('',(90.56,-105.11875,0.));
#16416 = DIRECTION('',(-0.,0.,-1.));
#16417 = DIRECTION('',(-0.,-1.,0.));
#16418 = FACE_BOUND('',#16419,.F.);
#16419 = EDGE_LOOP('',(#16420));
#16420 = ORIENTED_EDGE('',*,*,#16421,.T.);
#16421 = EDGE_CURVE('',#16422,#16422,#16424,.T.);
#16422 = VERTEX_POINT('',#16423);
#16423 = CARTESIAN_POINT('',(96.56,-107.71375,0.));
#16424 = CIRCLE('',#16425,0.635);
#16425 = AXIS2_PLACEMENT_3D('',#16426,#16427,#16428);
#16426 = CARTESIAN_POINT('',(96.56,-107.07875,0.));
#16427 = DIRECTION('',(-0.,0.,-1.));
#16428 = DIRECTION('',(-0.,-1.,0.));
#16429 = FACE_BOUND('',#16430,.F.);
#16430 = EDGE_LOOP('',(#16431));
#16431 = ORIENTED_EDGE('',*,*,#16432,.T.);
#16432 = EDGE_CURVE('',#16433,#16433,#16435,.T.);
#16433 = VERTEX_POINT('',#16434);
#16434 = CARTESIAN_POINT('',(93.56,-105.62875,0.));
#16435 = CIRCLE('',#16436,0.51);
#16436 = AXIS2_PLACEMENT_3D('',#16437,#16438,#16439);
#16437 = CARTESIAN_POINT('',(93.56,-105.11875,0.));
#16438 = DIRECTION('',(-0.,0.,-1.));
#16439 = DIRECTION('',(-0.,-1.,0.));
#16440 = FACE_BOUND('',#16441,.F.);
#16441 = EDGE_LOOP('',(#16442));
#16442 = ORIENTED_EDGE('',*,*,#16443,.T.);
#16443 = EDGE_CURVE('',#16444,#16444,#16446,.T.);
#16444 = VERTEX_POINT('',#16445);
#16445 = CARTESIAN_POINT('',(103.88625,-107.71375,0.));
#16446 = CIRCLE('',#16447,0.635);
#16447 = AXIS2_PLACEMENT_3D('',#16448,#16449,#16450);
#16448 = CARTESIAN_POINT('',(103.88625,-107.07875,0.));
#16449 = DIRECTION('',(-0.,0.,-1.));
#16450 = DIRECTION('',(2.23792987641E-14,-1.,-0.));
#16451 = FACE_BOUND('',#16452,.F.);
#16452 = EDGE_LOOP('',(#16453));
#16453 = ORIENTED_EDGE('',*,*,#16454,.T.);
#16454 = EDGE_CURVE('',#16455,#16455,#16457,.T.);
#16455 = VERTEX_POINT('',#16456);
#16456 = CARTESIAN_POINT('',(106.88625,-105.62875,0.));
#16457 = CIRCLE('',#16458,0.51);
#16458 = AXIS2_PLACEMENT_3D('',#16459,#16460,#16461);
#16459 = CARTESIAN_POINT('',(106.88625,-105.11875,0.));
#16460 = DIRECTION('',(-0.,0.,-1.));
#16461 = DIRECTION('',(2.78644210102E-14,-1.,-0.));
#16462 = FACE_BOUND('',#16463,.F.);
#16463 = EDGE_LOOP('',(#16464));
#16464 = ORIENTED_EDGE('',*,*,#16465,.T.);
#16465 = EDGE_CURVE('',#16466,#16466,#16468,.T.);
#16466 = VERTEX_POINT('',#16467);
#16467 = CARTESIAN_POINT('',(112.88625,-107.71375,0.));
#16468 = CIRCLE('',#16469,0.635);
#16469 = AXIS2_PLACEMENT_3D('',#16470,#16471,#16472);
#16470 = CARTESIAN_POINT('',(112.88625,-107.07875,0.));
#16471 = DIRECTION('',(-0.,0.,-1.));
#16472 = DIRECTION('',(2.23792987641E-14,-1.,-0.));
#16473 = FACE_BOUND('',#16474,.F.);
#16474 = EDGE_LOOP('',(#16475));
#16475 = ORIENTED_EDGE('',*,*,#16476,.T.);
#16476 = EDGE_CURVE('',#16477,#16477,#16479,.T.);
#16477 = VERTEX_POINT('',#16478);
#16478 = CARTESIAN_POINT('',(109.88625,-105.62875,0.));
#16479 = CIRCLE('',#16480,0.51);
#16480 = AXIS2_PLACEMENT_3D('',#16481,#16482,#16483);
#16481 = CARTESIAN_POINT('',(109.88625,-105.11875,0.));
#16482 = DIRECTION('',(-0.,0.,-1.));
#16483 = DIRECTION('',(2.78644210102E-14,-1.,-0.));
#16484 = FACE_BOUND('',#16485,.F.);
#16485 = EDGE_LOOP('',(#16486));
#16486 = ORIENTED_EDGE('',*,*,#16487,.T.);
#16487 = EDGE_CURVE('',#16488,#16488,#16490,.T.);
#16488 = VERTEX_POINT('',#16489);
#16489 = CARTESIAN_POINT('',(120.416247,-107.71375,0.));
#16490 = CIRCLE('',#16491,0.635);
#16491 = AXIS2_PLACEMENT_3D('',#16492,#16493,#16494);
#16492 = CARTESIAN_POINT('',(120.416247,-107.07875,0.));
#16493 = DIRECTION('',(-0.,0.,-1.));
#16494 = DIRECTION('',(-0.,-1.,0.));
#16495 = FACE_BOUND('',#16496,.F.);
#16496 = EDGE_LOOP('',(#16497));
#16497 = ORIENTED_EDGE('',*,*,#16498,.T.);
#16498 = EDGE_CURVE('',#16499,#16499,#16501,.T.);
#16499 = VERTEX_POINT('',#16500);
#16500 = CARTESIAN_POINT('',(123.416247,-105.62875,0.));
#16501 = CIRCLE('',#16502,0.51);
#16502 = AXIS2_PLACEMENT_3D('',#16503,#16504,#16505);
#16503 = CARTESIAN_POINT('',(123.416247,-105.11875,0.));
#16504 = DIRECTION('',(-0.,0.,-1.));
#16505 = DIRECTION('',(-0.,-1.,0.));
#16506 = FACE_BOUND('',#16507,.F.);
#16507 = EDGE_LOOP('',(#16508));
#16508 = ORIENTED_EDGE('',*,*,#16509,.T.);
#16509 = EDGE_CURVE('',#16510,#16510,#16512,.T.);
#16510 = VERTEX_POINT('',#16511);
#16511 = CARTESIAN_POINT('',(126.416247,-105.62875,0.));
#16512 = CIRCLE('',#16513,0.51);
#16513 = AXIS2_PLACEMENT_3D('',#16514,#16515,#16516);
#16514 = CARTESIAN_POINT('',(126.416247,-105.11875,0.));
#16515 = DIRECTION('',(-0.,0.,-1.));
#16516 = DIRECTION('',(-0.,-1.,0.));
#16517 = FACE_BOUND('',#16518,.F.);
#16518 = EDGE_LOOP('',(#16519));
#16519 = ORIENTED_EDGE('',*,*,#16520,.T.);
#16520 = EDGE_CURVE('',#16521,#16521,#16523,.T.);
#16521 = VERTEX_POINT('',#16522);
#16522 = CARTESIAN_POINT('',(129.416247,-107.71375,0.));
#16523 = CIRCLE('',#16524,0.635);
#16524 = AXIS2_PLACEMENT_3D('',#16525,#16526,#16527);
#16525 = CARTESIAN_POINT('',(129.416247,-107.07875,0.));
#16526 = DIRECTION('',(-0.,0.,-1.));
#16527 = DIRECTION('',(-0.,-1.,0.));
#16528 = FACE_BOUND('',#16529,.F.);
#16529 = EDGE_LOOP('',(#16530));
#16530 = ORIENTED_EDGE('',*,*,#16531,.T.);
#16531 = EDGE_CURVE('',#16532,#16532,#16534,.T.);
#16532 = VERTEX_POINT('',#16533);
#16533 = CARTESIAN_POINT('',(136.416247,-107.71375,0.));
#16534 = CIRCLE('',#16535,0.635);
#16535 = AXIS2_PLACEMENT_3D('',#16536,#16537,#16538);
#16536 = CARTESIAN_POINT('',(136.416247,-107.07875,0.));
#16537 = DIRECTION('',(-0.,0.,-1.));
#16538 = DIRECTION('',(-0.,-1.,0.));
#16539 = FACE_BOUND('',#16540,.F.);
#16540 = EDGE_LOOP('',(#16541));
#16541 = ORIENTED_EDGE('',*,*,#16542,.T.);
#16542 = EDGE_CURVE('',#16543,#16543,#16545,.T.);
#16543 = VERTEX_POINT('',#16544);
#16544 = CARTESIAN_POINT('',(139.416247,-105.62875,0.));
#16545 = CIRCLE('',#16546,0.51);
#16546 = AXIS2_PLACEMENT_3D('',#16547,#16548,#16549);
#16547 = CARTESIAN_POINT('',(139.416247,-105.11875,0.));
#16548 = DIRECTION('',(-0.,0.,-1.));
#16549 = DIRECTION('',(-0.,-1.,0.));
#16550 = FACE_BOUND('',#16551,.F.);
#16551 = EDGE_LOOP('',(#16552));
#16552 = ORIENTED_EDGE('',*,*,#16553,.T.);
#16553 = EDGE_CURVE('',#16554,#16554,#16556,.T.);
#16554 = VERTEX_POINT('',#16555);
#16555 = CARTESIAN_POINT('',(142.416247,-105.62875,0.));
#16556 = CIRCLE('',#16557,0.51);
#16557 = AXIS2_PLACEMENT_3D('',#16558,#16559,#16560);
#16558 = CARTESIAN_POINT('',(142.416247,-105.11875,0.));
#16559 = DIRECTION('',(-0.,0.,-1.));
#16560 = DIRECTION('',(-0.,-1.,0.));
#16561 = FACE_BOUND('',#16562,.F.);
#16562 = EDGE_LOOP('',(#16563));
#16563 = ORIENTED_EDGE('',*,*,#16564,.T.);
#16564 = EDGE_CURVE('',#16565,#16565,#16567,.T.);
#16565 = VERTEX_POINT('',#16566);
#16566 = CARTESIAN_POINT('',(145.416247,-107.71375,0.));
#16567 = CIRCLE('',#16568,0.635);
#16568 = AXIS2_PLACEMENT_3D('',#16569,#16570,#16571);
#16569 = CARTESIAN_POINT('',(145.416247,-107.07875,0.));
#16570 = DIRECTION('',(-0.,0.,-1.));
#16571 = DIRECTION('',(-0.,-1.,0.));
#16572 = FACE_BOUND('',#16573,.F.);
#16573 = EDGE_LOOP('',(#16574));
#16574 = ORIENTED_EDGE('',*,*,#16575,.T.);
#16575 = EDGE_CURVE('',#16576,#16576,#16578,.T.);
#16576 = VERTEX_POINT('',#16577);
#16577 = CARTESIAN_POINT('',(152.416247,-107.71375,0.));
#16578 = CIRCLE('',#16579,0.635);
#16579 = AXIS2_PLACEMENT_3D('',#16580,#16581,#16582);
#16580 = CARTESIAN_POINT('',(152.416247,-107.07875,0.));
#16581 = DIRECTION('',(-0.,0.,-1.));
#16582 = DIRECTION('',(-0.,-1.,0.));
#16583 = FACE_BOUND('',#16584,.F.);
#16584 = EDGE_LOOP('',(#16585));
#16585 = ORIENTED_EDGE('',*,*,#16586,.T.);
#16586 = EDGE_CURVE('',#16587,#16587,#16589,.T.);
#16587 = VERTEX_POINT('',#16588);
#16588 = CARTESIAN_POINT('',(155.416247,-105.62875,0.));
#16589 = CIRCLE('',#16590,0.51);
#16590 = AXIS2_PLACEMENT_3D('',#16591,#16592,#16593);
#16591 = CARTESIAN_POINT('',(155.416247,-105.11875,0.));
#16592 = DIRECTION('',(-0.,0.,-1.));
#16593 = DIRECTION('',(-0.,-1.,0.));
#16594 = FACE_BOUND('',#16595,.F.);
#16595 = EDGE_LOOP('',(#16596));
#16596 = ORIENTED_EDGE('',*,*,#16597,.F.);
#16597 = EDGE_CURVE('',#16598,#16598,#16600,.T.);
#16598 = VERTEX_POINT('',#16599);
#16599 = CARTESIAN_POINT('',(249.6,-138.,0.));
#16600 = CIRCLE('',#16601,1.6);
#16601 = AXIS2_PLACEMENT_3D('',#16602,#16603,#16604);
#16602 = CARTESIAN_POINT('',(248.,-138.,0.));
#16603 = DIRECTION('',(0.,0.,1.));
#16604 = DIRECTION('',(1.,0.,-0.));
#16605 = FACE_BOUND('',#16606,.F.);
#16606 = EDGE_LOOP('',(#16607));
#16607 = ORIENTED_EDGE('',*,*,#16608,.T.);
#16608 = EDGE_CURVE('',#16609,#16609,#16611,.T.);
#16609 = VERTEX_POINT('',#16610);
#16610 = CARTESIAN_POINT('',(161.416247,-107.71375,0.));
#16611 = CIRCLE('',#16612,0.635);
#16612 = AXIS2_PLACEMENT_3D('',#16613,#16614,#16615);
#16613 = CARTESIAN_POINT('',(161.416247,-107.07875,0.));
#16614 = DIRECTION('',(-0.,0.,-1.));
#16615 = DIRECTION('',(-0.,-1.,0.));
#16616 = FACE_BOUND('',#16617,.F.);
#16617 = EDGE_LOOP('',(#16618));
#16618 = ORIENTED_EDGE('',*,*,#16619,.T.);
#16619 = EDGE_CURVE('',#16620,#16620,#16622,.T.);
#16620 = VERTEX_POINT('',#16621);
#16621 = CARTESIAN_POINT('',(158.416247,-105.62875,0.));
#16622 = CIRCLE('',#16623,0.51);
#16623 = AXIS2_PLACEMENT_3D('',#16624,#16625,#16626);
#16624 = CARTESIAN_POINT('',(158.416247,-105.11875,0.));
#16625 = DIRECTION('',(-0.,0.,-1.));
#16626 = DIRECTION('',(-0.,-1.,0.));
#16627 = FACE_BOUND('',#16628,.F.);
#16628 = EDGE_LOOP('',(#16629));
#16629 = ORIENTED_EDGE('',*,*,#16630,.T.);
#16630 = EDGE_CURVE('',#16631,#16631,#16633,.T.);
#16631 = VERTEX_POINT('',#16632);
#16632 = CARTESIAN_POINT('',(168.386249,-107.62875,0.));
#16633 = CIRCLE('',#16634,0.635);
#16634 = AXIS2_PLACEMENT_3D('',#16635,#16636,#16637);
#16635 = CARTESIAN_POINT('',(168.386249,-106.99375,0.));
#16636 = DIRECTION('',(-0.,0.,-1.));
#16637 = DIRECTION('',(-4.475859752819E-14,-1.,0.));
#16638 = FACE_BOUND('',#16639,.F.);
#16639 = EDGE_LOOP('',(#16640));
#16640 = ORIENTED_EDGE('',*,*,#16641,.T.);
#16641 = EDGE_CURVE('',#16642,#16642,#16644,.T.);
#16642 = VERTEX_POINT('',#16643);
#16643 = CARTESIAN_POINT('',(171.386249,-105.54375,0.));
#16644 = CIRCLE('',#16645,0.51);
#16645 = AXIS2_PLACEMENT_3D('',#16646,#16647,#16648);
#16646 = CARTESIAN_POINT('',(171.386249,-105.03375,0.));
#16647 = DIRECTION('',(-0.,0.,-1.));
#16648 = DIRECTION('',(-5.57288420204E-14,-1.,0.));
#16649 = FACE_BOUND('',#16650,.F.);
#16650 = EDGE_LOOP('',(#16651));
#16651 = ORIENTED_EDGE('',*,*,#16652,.T.);
#16652 = EDGE_CURVE('',#16653,#16653,#16655,.T.);
#16653 = VERTEX_POINT('',#16654);
#16654 = CARTESIAN_POINT('',(177.386249,-107.62875,0.));
#16655 = CIRCLE('',#16656,0.635);
#16656 = AXIS2_PLACEMENT_3D('',#16657,#16658,#16659);
#16657 = CARTESIAN_POINT('',(177.386249,-106.99375,0.));
#16658 = DIRECTION('',(-0.,0.,-1.));
#16659 = DIRECTION('',(-4.475859752819E-14,-1.,0.));
#16660 = FACE_BOUND('',#16661,.F.);
#16661 = EDGE_LOOP('',(#16662));
#16662 = ORIENTED_EDGE('',*,*,#16663,.T.);
#16663 = EDGE_CURVE('',#16664,#16664,#16666,.T.);
#16664 = VERTEX_POINT('',#16665);
#16665 = CARTESIAN_POINT('',(174.386249,-105.54375,0.));
#16666 = CIRCLE('',#16667,0.51);
#16667 = AXIS2_PLACEMENT_3D('',#16668,#16669,#16670);
#16668 = CARTESIAN_POINT('',(174.386249,-105.03375,0.));
#16669 = DIRECTION('',(-0.,0.,-1.));
#16670 = DIRECTION('',(-5.57288420204E-14,-1.,0.));
#16671 = FACE_BOUND('',#16672,.F.);
#16672 = EDGE_LOOP('',(#16673));
#16673 = ORIENTED_EDGE('',*,*,#16674,.T.);
#16674 = EDGE_CURVE('',#16675,#16675,#16677,.T.);
#16675 = VERTEX_POINT('',#16676);
#16676 = CARTESIAN_POINT('',(184.886249,-107.71375,0.));
#16677 = CIRCLE('',#16678,0.635);
#16678 = AXIS2_PLACEMENT_3D('',#16679,#16680,#16681);
#16679 = CARTESIAN_POINT('',(184.886249,-107.07875,0.));
#16680 = DIRECTION('',(-0.,0.,-1.));
#16681 = DIRECTION('',(-4.47585975282E-14,-1.,0.));
#16682 = FACE_BOUND('',#16683,.F.);
#16683 = EDGE_LOOP('',(#16684));
#16684 = ORIENTED_EDGE('',*,*,#16685,.T.);
#16685 = EDGE_CURVE('',#16686,#16686,#16688,.T.);
#16686 = VERTEX_POINT('',#16687);
#16687 = CARTESIAN_POINT('',(187.886249,-105.62875,0.));
#16688 = CIRCLE('',#16689,0.51);
#16689 = AXIS2_PLACEMENT_3D('',#16690,#16691,#16692);
#16690 = CARTESIAN_POINT('',(187.886249,-105.11875,0.));
#16691 = DIRECTION('',(-0.,0.,-1.));
#16692 = DIRECTION('',(-5.57288420204E-14,-1.,0.));
#16693 = FACE_BOUND('',#16694,.F.);
#16694 = EDGE_LOOP('',(#16695));
#16695 = ORIENTED_EDGE('',*,*,#16696,.T.);
#16696 = EDGE_CURVE('',#16697,#16697,#16699,.T.);
#16697 = VERTEX_POINT('',#16698);
#16698 = CARTESIAN_POINT('',(190.886249,-105.62875,0.));
#16699 = CIRCLE('',#16700,0.51);
#16700 = AXIS2_PLACEMENT_3D('',#16701,#16702,#16703);
#16701 = CARTESIAN_POINT('',(190.886249,-105.11875,0.));
#16702 = DIRECTION('',(-0.,0.,-1.));
#16703 = DIRECTION('',(-5.57288420204E-14,-1.,0.));
#16704 = FACE_BOUND('',#16705,.F.);
#16705 = EDGE_LOOP('',(#16706));
#16706 = ORIENTED_EDGE('',*,*,#16707,.T.);
#16707 = EDGE_CURVE('',#16708,#16708,#16710,.T.);
#16708 = VERTEX_POINT('',#16709);
#16709 = CARTESIAN_POINT('',(193.886249,-107.71375,0.));
#16710 = CIRCLE('',#16711,0.635);
#16711 = AXIS2_PLACEMENT_3D('',#16712,#16713,#16714);
#16712 = CARTESIAN_POINT('',(193.886249,-107.07875,0.));
#16713 = DIRECTION('',(-0.,0.,-1.));
#16714 = DIRECTION('',(-4.47585975282E-14,-1.,0.));
#16715 = FACE_BOUND('',#16716,.F.);
#16716 = EDGE_LOOP('',(#16717));
#16717 = ORIENTED_EDGE('',*,*,#16718,.T.);
#16718 = EDGE_CURVE('',#16719,#16719,#16721,.T.);
#16719 = VERTEX_POINT('',#16720);
#16720 = CARTESIAN_POINT('',(201.06,-107.44,0.));
#16721 = CIRCLE('',#16722,0.635);
#16722 = AXIS2_PLACEMENT_3D('',#16723,#16724,#16725);
#16723 = CARTESIAN_POINT('',(201.06,-106.805,0.));
#16724 = DIRECTION('',(-0.,0.,-1.));
#16725 = DIRECTION('',(-0.,-1.,0.));
#16726 = FACE_BOUND('',#16727,.F.);
#16727 = EDGE_LOOP('',(#16728));
#16728 = ORIENTED_EDGE('',*,*,#16729,.T.);
#16729 = EDGE_CURVE('',#16730,#16730,#16732,.T.);
#16730 = VERTEX_POINT('',#16731);
#16731 = CARTESIAN_POINT('',(210.06,-107.44,0.));
#16732 = CIRCLE('',#16733,0.635);
#16733 = AXIS2_PLACEMENT_3D('',#16734,#16735,#16736);
#16734 = CARTESIAN_POINT('',(210.06,-106.805,0.));
#16735 = DIRECTION('',(-0.,0.,-1.));
#16736 = DIRECTION('',(-0.,-1.,0.));
#16737 = FACE_BOUND('',#16738,.F.);
#16738 = EDGE_LOOP('',(#16739));
#16739 = ORIENTED_EDGE('',*,*,#16740,.T.);
#16740 = EDGE_CURVE('',#16741,#16741,#16743,.T.);
#16741 = VERTEX_POINT('',#16742);
#16742 = CARTESIAN_POINT('',(217.589998,-107.525,0.));
#16743 = CIRCLE('',#16744,0.635);
#16744 = AXIS2_PLACEMENT_3D('',#16745,#16746,#16747);
#16745 = CARTESIAN_POINT('',(217.589998,-106.89,0.));
#16746 = DIRECTION('',(-0.,0.,-1.));
#16747 = DIRECTION('',(4.475859752819E-14,-1.,-0.));
#16748 = FACE_BOUND('',#16749,.F.);
#16749 = EDGE_LOOP('',(#16750));
#16750 = ORIENTED_EDGE('',*,*,#16751,.T.);
#16751 = EDGE_CURVE('',#16752,#16752,#16754,.T.);
#16752 = VERTEX_POINT('',#16753);
#16753 = CARTESIAN_POINT('',(204.06,-105.355,0.));
#16754 = CIRCLE('',#16755,0.51);
#16755 = AXIS2_PLACEMENT_3D('',#16756,#16757,#16758);
#16756 = CARTESIAN_POINT('',(204.06,-104.845,0.));
#16757 = DIRECTION('',(-0.,0.,-1.));
#16758 = DIRECTION('',(-0.,-1.,0.));
#16759 = FACE_BOUND('',#16760,.F.);
#16760 = EDGE_LOOP('',(#16761));
#16761 = ORIENTED_EDGE('',*,*,#16762,.T.);
#16762 = EDGE_CURVE('',#16763,#16763,#16765,.T.);
#16763 = VERTEX_POINT('',#16764);
#16764 = CARTESIAN_POINT('',(207.06,-105.355,0.));
#16765 = CIRCLE('',#16766,0.51);
#16766 = AXIS2_PLACEMENT_3D('',#16767,#16768,#16769);
#16767 = CARTESIAN_POINT('',(207.06,-104.845,0.));
#16768 = DIRECTION('',(-0.,0.,-1.));
#16769 = DIRECTION('',(-0.,-1.,0.));
#16770 = FACE_BOUND('',#16771,.F.);
#16771 = EDGE_LOOP('',(#16772));
#16772 = ORIENTED_EDGE('',*,*,#16773,.T.);
#16773 = EDGE_CURVE('',#16774,#16774,#16776,.T.);
#16774 = VERTEX_POINT('',#16775);
#16775 = CARTESIAN_POINT('',(220.589998,-105.44,0.));
#16776 = CIRCLE('',#16777,0.51);
#16777 = AXIS2_PLACEMENT_3D('',#16778,#16779,#16780);
#16778 = CARTESIAN_POINT('',(220.589998,-104.93,0.));
#16779 = DIRECTION('',(-0.,0.,-1.));
#16780 = DIRECTION('',(5.57288420204E-14,-1.,-0.));
#16781 = FACE_BOUND('',#16782,.F.);
#16782 = EDGE_LOOP('',(#16783));
#16783 = ORIENTED_EDGE('',*,*,#16784,.T.);
#16784 = EDGE_CURVE('',#16785,#16785,#16787,.T.);
#16785 = VERTEX_POINT('',#16786);
#16786 = CARTESIAN_POINT('',(223.589998,-105.44,0.));
#16787 = CIRCLE('',#16788,0.51);
#16788 = AXIS2_PLACEMENT_3D('',#16789,#16790,#16791);
#16789 = CARTESIAN_POINT('',(223.589998,-104.93,0.));
#16790 = DIRECTION('',(-0.,0.,-1.));
#16791 = DIRECTION('',(5.57288420204E-14,-1.,-0.));
#16792 = FACE_BOUND('',#16793,.F.);
#16793 = EDGE_LOOP('',(#16794));
#16794 = ORIENTED_EDGE('',*,*,#16795,.T.);
#16795 = EDGE_CURVE('',#16796,#16796,#16798,.T.);
#16796 = VERTEX_POINT('',#16797);
#16797 = CARTESIAN_POINT('',(226.589998,-107.525,0.));
#16798 = CIRCLE('',#16799,0.635);
#16799 = AXIS2_PLACEMENT_3D('',#16800,#16801,#16802);
#16800 = CARTESIAN_POINT('',(226.589998,-106.89,0.));
#16801 = DIRECTION('',(-0.,0.,-1.));
#16802 = DIRECTION('',(4.475859752819E-14,-1.,-0.));
#16803 = FACE_BOUND('',#16804,.F.);
#16804 = EDGE_LOOP('',(#16805));
#16805 = ORIENTED_EDGE('',*,*,#16806,.T.);
#16806 = EDGE_CURVE('',#16807,#16807,#16809,.T.);
#16807 = VERTEX_POINT('',#16808);
#16808 = CARTESIAN_POINT('',(234.059998,-107.485,0.));
#16809 = CIRCLE('',#16810,0.635);
#16810 = AXIS2_PLACEMENT_3D('',#16811,#16812,#16813);
#16811 = CARTESIAN_POINT('',(234.059998,-106.85,0.));
#16812 = DIRECTION('',(-0.,0.,-1.));
#16813 = DIRECTION('',(-0.,-1.,0.));
#16814 = FACE_BOUND('',#16815,.F.);
#16815 = EDGE_LOOP('',(#16816));
#16816 = ORIENTED_EDGE('',*,*,#16817,.T.);
#16817 = EDGE_CURVE('',#16818,#16818,#16820,.T.);
#16818 = VERTEX_POINT('',#16819);
#16819 = CARTESIAN_POINT('',(243.059998,-107.485,0.));
#16820 = CIRCLE('',#16821,0.635);
#16821 = AXIS2_PLACEMENT_3D('',#16822,#16823,#16824);
#16822 = CARTESIAN_POINT('',(243.059998,-106.85,0.));
#16823 = DIRECTION('',(-0.,0.,-1.));
#16824 = DIRECTION('',(-0.,-1.,0.));
#16825 = FACE_BOUND('',#16826,.F.);
#16826 = EDGE_LOOP('',(#16827));
#16827 = ORIENTED_EDGE('',*,*,#16828,.T.);
#16828 = EDGE_CURVE('',#16829,#16829,#16831,.T.);
#16829 = VERTEX_POINT('',#16830);
#16830 = CARTESIAN_POINT('',(237.059998,-105.4,0.));
#16831 = CIRCLE('',#16832,0.51);
#16832 = AXIS2_PLACEMENT_3D('',#16833,#16834,#16835);
#16833 = CARTESIAN_POINT('',(237.059998,-104.89,0.));
#16834 = DIRECTION('',(-0.,0.,-1.));
#16835 = DIRECTION('',(-0.,-1.,0.));
#16836 = FACE_BOUND('',#16837,.F.);
#16837 = EDGE_LOOP('',(#16838));
#16838 = ORIENTED_EDGE('',*,*,#16839,.T.);
#16839 = EDGE_CURVE('',#16840,#16840,#16842,.T.);
#16840 = VERTEX_POINT('',#16841);
#16841 = CARTESIAN_POINT('',(240.059998,-105.4,0.));
#16842 = CIRCLE('',#16843,0.51);
#16843 = AXIS2_PLACEMENT_3D('',#16844,#16845,#16846);
#16844 = CARTESIAN_POINT('',(240.059998,-104.89,0.));
#16845 = DIRECTION('',(-0.,0.,-1.));
#16846 = DIRECTION('',(-0.,-1.,0.));
#16847 = FACE_BOUND('',#16848,.F.);
#16848 = EDGE_LOOP('',(#16849));
#16849 = ORIENTED_EDGE('',*,*,#16850,.T.);
#16850 = EDGE_CURVE('',#16851,#16851,#16853,.T.);
#16851 = VERTEX_POINT('',#16852);
#16852 = CARTESIAN_POINT('',(71.88,-92.82,0.));
#16853 = CIRCLE('',#16854,0.89);
#16854 = AXIS2_PLACEMENT_3D('',#16855,#16856,#16857);
#16855 = CARTESIAN_POINT('',(71.88,-91.93,0.));
#16856 = DIRECTION('',(-0.,0.,-1.));
#16857 = DIRECTION('',(-0.,-1.,0.));
#16858 = FACE_BOUND('',#16859,.F.);
#16859 = EDGE_LOOP('',(#16860));
#16860 = ORIENTED_EDGE('',*,*,#16861,.T.);
#16861 = EDGE_CURVE('',#16862,#16862,#16864,.T.);
#16862 = VERTEX_POINT('',#16863);
#16863 = CARTESIAN_POINT('',(75.06,-92.82,0.));
#16864 = CIRCLE('',#16865,0.89);
#16865 = AXIS2_PLACEMENT_3D('',#16866,#16867,#16868);
#16866 = CARTESIAN_POINT('',(75.06,-91.93,0.));
#16867 = DIRECTION('',(-0.,0.,-1.));
#16868 = DIRECTION('',(-0.,-1.,0.));
#16869 = FACE_BOUND('',#16870,.F.);
#16870 = EDGE_LOOP('',(#16871));
#16871 = ORIENTED_EDGE('',*,*,#16872,.T.);
#16872 = EDGE_CURVE('',#16873,#16873,#16875,.T.);
#16873 = VERTEX_POINT('',#16874);
#16874 = CARTESIAN_POINT('',(90.53,-95.21375,0.));
#16875 = CIRCLE('',#16876,0.51);
#16876 = AXIS2_PLACEMENT_3D('',#16877,#16878,#16879);
#16877 = CARTESIAN_POINT('',(90.53,-94.70375,0.));
#16878 = DIRECTION('',(-0.,0.,-1.));
#16879 = DIRECTION('',(-0.,-1.,0.));
#16880 = FACE_BOUND('',#16881,.F.);
#16881 = EDGE_LOOP('',(#16882));
#16882 = ORIENTED_EDGE('',*,*,#16883,.T.);
#16883 = EDGE_CURVE('',#16884,#16884,#16886,.T.);
#16884 = VERTEX_POINT('',#16885);
#16885 = CARTESIAN_POINT('',(87.53,-93.37875,0.));
#16886 = CIRCLE('',#16887,0.635);
#16887 = AXIS2_PLACEMENT_3D('',#16888,#16889,#16890);
#16888 = CARTESIAN_POINT('',(87.53,-92.74375,0.));
#16889 = DIRECTION('',(-0.,0.,-1.));
#16890 = DIRECTION('',(-0.,-1.,0.));
#16891 = FACE_BOUND('',#16892,.F.);
#16892 = EDGE_LOOP('',(#16893));
#16893 = ORIENTED_EDGE('',*,*,#16894,.T.);
#16894 = EDGE_CURVE('',#16895,#16895,#16897,.T.);
#16895 = VERTEX_POINT('',#16896);
#16896 = CARTESIAN_POINT('',(93.53,-95.21375,0.));
#16897 = CIRCLE('',#16898,0.51);
#16898 = AXIS2_PLACEMENT_3D('',#16899,#16900,#16901);
#16899 = CARTESIAN_POINT('',(93.53,-94.70375,0.));
#16900 = DIRECTION('',(-0.,0.,-1.));
#16901 = DIRECTION('',(-0.,-1.,0.));
#16902 = FACE_BOUND('',#16903,.F.);
#16903 = EDGE_LOOP('',(#16904));
#16904 = ORIENTED_EDGE('',*,*,#16905,.T.);
#16905 = EDGE_CURVE('',#16906,#16906,#16908,.T.);
#16906 = VERTEX_POINT('',#16907);
#16907 = CARTESIAN_POINT('',(96.53,-93.37875,0.));
#16908 = CIRCLE('',#16909,0.635);
#16909 = AXIS2_PLACEMENT_3D('',#16910,#16911,#16912);
#16910 = CARTESIAN_POINT('',(96.53,-92.74375,0.));
#16911 = DIRECTION('',(-0.,0.,-1.));
#16912 = DIRECTION('',(-0.,-1.,0.));
#16913 = FACE_BOUND('',#16914,.F.);
#16914 = EDGE_LOOP('',(#16915));
#16915 = ORIENTED_EDGE('',*,*,#16916,.T.);
#16916 = EDGE_CURVE('',#16917,#16917,#16919,.T.);
#16917 = VERTEX_POINT('',#16918);
#16918 = CARTESIAN_POINT('',(106.886249,-95.25375,0.));
#16919 = CIRCLE('',#16920,0.51);
#16920 = AXIS2_PLACEMENT_3D('',#16921,#16922,#16923);
#16921 = CARTESIAN_POINT('',(106.886249,-94.74375,0.));
#16922 = DIRECTION('',(-0.,0.,-1.));
#16923 = DIRECTION('',(2.78644210102E-14,-1.,-0.));
#16924 = FACE_BOUND('',#16925,.F.);
#16925 = EDGE_LOOP('',(#16926));
#16926 = ORIENTED_EDGE('',*,*,#16927,.T.);
#16927 = EDGE_CURVE('',#16928,#16928,#16930,.T.);
#16928 = VERTEX_POINT('',#16929);
#16929 = CARTESIAN_POINT('',(103.886249,-93.41875,0.));
#16930 = CIRCLE('',#16931,0.635);
#16931 = AXIS2_PLACEMENT_3D('',#16932,#16933,#16934);
#16932 = CARTESIAN_POINT('',(103.886249,-92.78375,0.));
#16933 = DIRECTION('',(-0.,0.,-1.));
#16934 = DIRECTION('',(2.23792987641E-14,-1.,-0.));
#16935 = FACE_BOUND('',#16936,.F.);
#16936 = EDGE_LOOP('',(#16937));
#16937 = ORIENTED_EDGE('',*,*,#16938,.T.);
#16938 = EDGE_CURVE('',#16939,#16939,#16941,.T.);
#16939 = VERTEX_POINT('',#16940);
#16940 = CARTESIAN_POINT('',(71.88,-85.33,0.));
#16941 = CIRCLE('',#16942,0.89);
#16942 = AXIS2_PLACEMENT_3D('',#16943,#16944,#16945);
#16943 = CARTESIAN_POINT('',(71.88,-84.44,0.));
#16944 = DIRECTION('',(-0.,0.,-1.));
#16945 = DIRECTION('',(-0.,-1.,0.));
#16946 = FACE_BOUND('',#16947,.F.);
#16947 = EDGE_LOOP('',(#16948));
#16948 = ORIENTED_EDGE('',*,*,#16949,.T.);
#16949 = EDGE_CURVE('',#16950,#16950,#16952,.T.);
#16950 = VERTEX_POINT('',#16951);
#16951 = CARTESIAN_POINT('',(75.06,-85.33,0.));
#16952 = CIRCLE('',#16953,0.89);
#16953 = AXIS2_PLACEMENT_3D('',#16954,#16955,#16956);
#16954 = CARTESIAN_POINT('',(75.06,-84.44,0.));
#16955 = DIRECTION('',(-0.,0.,-1.));
#16956 = DIRECTION('',(-0.,-1.,0.));
#16957 = FACE_BOUND('',#16958,.F.);
#16958 = EDGE_LOOP('',(#16959));
#16959 = ORIENTED_EDGE('',*,*,#16960,.T.);
#16960 = EDGE_CURVE('',#16961,#16961,#16963,.T.);
#16961 = VERTEX_POINT('',#16962);
#16962 = CARTESIAN_POINT('',(109.886249,-95.25375,0.));
#16963 = CIRCLE('',#16964,0.51);
#16964 = AXIS2_PLACEMENT_3D('',#16965,#16966,#16967);
#16965 = CARTESIAN_POINT('',(109.886249,-94.74375,0.));
#16966 = DIRECTION('',(-0.,0.,-1.));
#16967 = DIRECTION('',(2.78644210102E-14,-1.,-0.));
#16968 = FACE_BOUND('',#16969,.F.);
#16969 = EDGE_LOOP('',(#16970));
#16970 = ORIENTED_EDGE('',*,*,#16971,.T.);
#16971 = EDGE_CURVE('',#16972,#16972,#16974,.T.);
#16972 = VERTEX_POINT('',#16973);
#16973 = CARTESIAN_POINT('',(112.886249,-93.41875,0.));
#16974 = CIRCLE('',#16975,0.635);
#16975 = AXIS2_PLACEMENT_3D('',#16976,#16977,#16978);
#16976 = CARTESIAN_POINT('',(112.886249,-92.78375,0.));
#16977 = DIRECTION('',(-0.,0.,-1.));
#16978 = DIRECTION('',(2.23792987641E-14,-1.,-0.));
#16979 = FACE_BOUND('',#16980,.F.);
#16980 = EDGE_LOOP('',(#16981));
#16981 = ORIENTED_EDGE('',*,*,#16982,.T.);
#16982 = EDGE_CURVE('',#16983,#16983,#16985,.T.);
#16983 = VERTEX_POINT('',#16984);
#16984 = CARTESIAN_POINT('',(120.386249,-93.41875,0.));
#16985 = CIRCLE('',#16986,0.635);
#16986 = AXIS2_PLACEMENT_3D('',#16987,#16988,#16989);
#16987 = CARTESIAN_POINT('',(120.386249,-92.78375,0.));
#16988 = DIRECTION('',(-0.,0.,-1.));
#16989 = DIRECTION('',(2.23792987641E-14,-1.,-0.));
#16990 = FACE_BOUND('',#16991,.F.);
#16991 = EDGE_LOOP('',(#16992));
#16992 = ORIENTED_EDGE('',*,*,#16993,.T.);
#16993 = EDGE_CURVE('',#16994,#16994,#16996,.T.);
#16994 = VERTEX_POINT('',#16995);
#16995 = CARTESIAN_POINT('',(123.386249,-95.25375,0.));
#16996 = CIRCLE('',#16997,0.51);
#16997 = AXIS2_PLACEMENT_3D('',#16998,#16999,#17000);
#16998 = CARTESIAN_POINT('',(123.386249,-94.74375,0.));
#16999 = DIRECTION('',(-0.,0.,-1.));
#17000 = DIRECTION('',(2.78644210102E-14,-1.,-0.));
#17001 = FACE_BOUND('',#17002,.F.);
#17002 = EDGE_LOOP('',(#17003));
#17003 = ORIENTED_EDGE('',*,*,#17004,.T.);
#17004 = EDGE_CURVE('',#17005,#17005,#17007,.T.);
#17005 = VERTEX_POINT('',#17006);
#17006 = CARTESIAN_POINT('',(126.386249,-95.25375,0.));
#17007 = CIRCLE('',#17008,0.51);
#17008 = AXIS2_PLACEMENT_3D('',#17009,#17010,#17011);
#17009 = CARTESIAN_POINT('',(126.386249,-94.74375,0.));
#17010 = DIRECTION('',(-0.,0.,-1.));
#17011 = DIRECTION('',(2.78644210102E-14,-1.,-0.));
#17012 = FACE_BOUND('',#17013,.F.);
#17013 = EDGE_LOOP('',(#17014));
#17014 = ORIENTED_EDGE('',*,*,#17015,.T.);
#17015 = EDGE_CURVE('',#17016,#17016,#17018,.T.);
#17016 = VERTEX_POINT('',#17017);
#17017 = CARTESIAN_POINT('',(129.386249,-93.41875,0.));
#17018 = CIRCLE('',#17019,0.635);
#17019 = AXIS2_PLACEMENT_3D('',#17020,#17021,#17022);
#17020 = CARTESIAN_POINT('',(129.386249,-92.78375,0.));
#17021 = DIRECTION('',(-0.,0.,-1.));
#17022 = DIRECTION('',(-4.475859752819E-14,-1.,0.));
#17023 = FACE_BOUND('',#17024,.F.);
#17024 = EDGE_LOOP('',(#17025));
#17025 = ORIENTED_EDGE('',*,*,#17026,.T.);
#17026 = EDGE_CURVE('',#17027,#17027,#17029,.T.);
#17027 = VERTEX_POINT('',#17028);
#17028 = CARTESIAN_POINT('',(136.416249,-93.45875,0.));
#17029 = CIRCLE('',#17030,0.635);
#17030 = AXIS2_PLACEMENT_3D('',#17031,#17032,#17033);
#17031 = CARTESIAN_POINT('',(136.416249,-92.82375,0.));
#17032 = DIRECTION('',(-0.,0.,-1.));
#17033 = DIRECTION('',(-0.,-1.,0.));
#17034 = FACE_BOUND('',#17035,.F.);
#17035 = EDGE_LOOP('',(#17036));
#17036 = ORIENTED_EDGE('',*,*,#17037,.T.);
#17037 = EDGE_CURVE('',#17038,#17038,#17040,.T.);
#17038 = VERTEX_POINT('',#17039);
#17039 = CARTESIAN_POINT('',(139.416249,-95.29375,0.));
#17040 = CIRCLE('',#17041,0.51);
#17041 = AXIS2_PLACEMENT_3D('',#17042,#17043,#17044);
#17042 = CARTESIAN_POINT('',(139.416249,-94.78375,0.));
#17043 = DIRECTION('',(-0.,0.,-1.));
#17044 = DIRECTION('',(-0.,-1.,0.));
#17045 = FACE_BOUND('',#17046,.F.);
#17046 = EDGE_LOOP('',(#17047));
#17047 = ORIENTED_EDGE('',*,*,#17048,.T.);
#17048 = EDGE_CURVE('',#17049,#17049,#17051,.T.);
#17049 = VERTEX_POINT('',#17050);
#17050 = CARTESIAN_POINT('',(142.416249,-95.29375,0.));
#17051 = CIRCLE('',#17052,0.51);
#17052 = AXIS2_PLACEMENT_3D('',#17053,#17054,#17055);
#17053 = CARTESIAN_POINT('',(142.416249,-94.78375,0.));
#17054 = DIRECTION('',(-0.,0.,-1.));
#17055 = DIRECTION('',(-0.,-1.,0.));
#17056 = FACE_BOUND('',#17057,.F.);
#17057 = EDGE_LOOP('',(#17058));
#17058 = ORIENTED_EDGE('',*,*,#17059,.T.);
#17059 = EDGE_CURVE('',#17060,#17060,#17062,.T.);
#17060 = VERTEX_POINT('',#17061);
#17061 = CARTESIAN_POINT('',(145.416249,-93.45875,0.));
#17062 = CIRCLE('',#17063,0.635);
#17063 = AXIS2_PLACEMENT_3D('',#17064,#17065,#17066);
#17064 = CARTESIAN_POINT('',(145.416249,-92.82375,0.));
#17065 = DIRECTION('',(-0.,0.,-1.));
#17066 = DIRECTION('',(-0.,-1.,0.));
#17067 = FACE_BOUND('',#17068,.F.);
#17068 = EDGE_LOOP('',(#17069));
#17069 = ORIENTED_EDGE('',*,*,#17070,.T.);
#17070 = EDGE_CURVE('',#17071,#17071,#17073,.T.);
#17071 = VERTEX_POINT('',#17072);
#17072 = CARTESIAN_POINT('',(155.591249,-95.22875,0.));
#17073 = CIRCLE('',#17074,0.51);
#17074 = AXIS2_PLACEMENT_3D('',#17075,#17076,#17077);
#17075 = CARTESIAN_POINT('',(155.591249,-94.71875,0.));
#17076 = DIRECTION('',(-0.,0.,-1.));
#17077 = DIRECTION('',(-0.,-1.,0.));
#17078 = FACE_BOUND('',#17079,.F.);
#17079 = EDGE_LOOP('',(#17080));
#17080 = ORIENTED_EDGE('',*,*,#17081,.T.);
#17081 = EDGE_CURVE('',#17082,#17082,#17084,.T.);
#17082 = VERTEX_POINT('',#17083);
#17083 = CARTESIAN_POINT('',(152.591249,-93.39375,0.));
#17084 = CIRCLE('',#17085,0.635);
#17085 = AXIS2_PLACEMENT_3D('',#17086,#17087,#17088);
#17086 = CARTESIAN_POINT('',(152.591249,-92.75875,0.));
#17087 = DIRECTION('',(-0.,0.,-1.));
#17088 = DIRECTION('',(-0.,-1.,0.));
#17089 = FACE_BOUND('',#17090,.F.);
#17090 = EDGE_LOOP('',(#17091));
#17091 = ORIENTED_EDGE('',*,*,#17092,.F.);
#17092 = EDGE_CURVE('',#17093,#17093,#17095,.T.);
#17093 = VERTEX_POINT('',#17094);
#17094 = CARTESIAN_POINT('',(65.6,-62.,0.));
#17095 = CIRCLE('',#17096,1.6);
#17096 = AXIS2_PLACEMENT_3D('',#17097,#17098,#17099);
#17097 = CARTESIAN_POINT('',(64.,-62.,0.));
#17098 = DIRECTION('',(0.,0.,1.));
#17099 = DIRECTION('',(1.,0.,-0.));
#17100 = FACE_BOUND('',#17101,.F.);
#17101 = EDGE_LOOP('',(#17102));
#17102 = ORIENTED_EDGE('',*,*,#17103,.T.);
#17103 = EDGE_CURVE('',#17104,#17104,#17106,.T.);
#17104 = VERTEX_POINT('',#17105);
#17105 = CARTESIAN_POINT('',(158.591249,-95.22875,0.));
#17106 = CIRCLE('',#17107,0.51);
#17107 = AXIS2_PLACEMENT_3D('',#17108,#17109,#17110);
#17108 = CARTESIAN_POINT('',(158.591249,-94.71875,0.));
#17109 = DIRECTION('',(-0.,0.,-1.));
#17110 = DIRECTION('',(-0.,-1.,0.));
#17111 = FACE_BOUND('',#17112,.F.);
#17112 = EDGE_LOOP('',(#17113));
#17113 = ORIENTED_EDGE('',*,*,#17114,.T.);
#17114 = EDGE_CURVE('',#17115,#17115,#17117,.T.);
#17115 = VERTEX_POINT('',#17116);
#17116 = CARTESIAN_POINT('',(161.591249,-93.39375,0.));
#17117 = CIRCLE('',#17118,0.635);
#17118 = AXIS2_PLACEMENT_3D('',#17119,#17120,#17121);
#17119 = CARTESIAN_POINT('',(161.591249,-92.75875,0.));
#17120 = DIRECTION('',(-0.,0.,-1.));
#17121 = DIRECTION('',(-0.,-1.,0.));
#17122 = FACE_BOUND('',#17123,.F.);
#17123 = EDGE_LOOP('',(#17124));
#17124 = ORIENTED_EDGE('',*,*,#17125,.T.);
#17125 = EDGE_CURVE('',#17126,#17126,#17128,.T.);
#17126 = VERTEX_POINT('',#17127);
#17127 = CARTESIAN_POINT('',(171.591249,-95.22875,0.));
#17128 = CIRCLE('',#17129,0.51);
#17129 = AXIS2_PLACEMENT_3D('',#17130,#17131,#17132);
#17130 = CARTESIAN_POINT('',(171.591249,-94.71875,0.));
#17131 = DIRECTION('',(-0.,0.,-1.));
#17132 = DIRECTION('',(-0.,-1.,0.));
#17133 = FACE_BOUND('',#17134,.F.);
#17134 = EDGE_LOOP('',(#17135));
#17135 = ORIENTED_EDGE('',*,*,#17136,.T.);
#17136 = EDGE_CURVE('',#17137,#17137,#17139,.T.);
#17137 = VERTEX_POINT('',#17138);
#17138 = CARTESIAN_POINT('',(168.591249,-93.39375,0.));
#17139 = CIRCLE('',#17140,0.635);
#17140 = AXIS2_PLACEMENT_3D('',#17141,#17142,#17143);
#17141 = CARTESIAN_POINT('',(168.591249,-92.75875,0.));
#17142 = DIRECTION('',(-0.,0.,-1.));
#17143 = DIRECTION('',(-0.,-1.,0.));
#17144 = FACE_BOUND('',#17145,.F.);
#17145 = EDGE_LOOP('',(#17146));
#17146 = ORIENTED_EDGE('',*,*,#17147,.T.);
#17147 = EDGE_CURVE('',#17148,#17148,#17150,.T.);
#17148 = VERTEX_POINT('',#17149);
#17149 = CARTESIAN_POINT('',(174.591249,-95.22875,0.));
#17150 = CIRCLE('',#17151,0.51);
#17151 = AXIS2_PLACEMENT_3D('',#17152,#17153,#17154);
#17152 = CARTESIAN_POINT('',(174.591249,-94.71875,0.));
#17153 = DIRECTION('',(-0.,0.,-1.));
#17154 = DIRECTION('',(-0.,-1.,0.));
#17155 = FACE_BOUND('',#17156,.F.);
#17156 = EDGE_LOOP('',(#17157));
#17157 = ORIENTED_EDGE('',*,*,#17158,.T.);
#17158 = EDGE_CURVE('',#17159,#17159,#17161,.T.);
#17159 = VERTEX_POINT('',#17160);
#17160 = CARTESIAN_POINT('',(177.591249,-93.39375,0.));
#17161 = CIRCLE('',#17162,0.635);
#17162 = AXIS2_PLACEMENT_3D('',#17163,#17164,#17165);
#17163 = CARTESIAN_POINT('',(177.591249,-92.75875,0.));
#17164 = DIRECTION('',(-0.,0.,-1.));
#17165 = DIRECTION('',(-0.,-1.,0.));
#17166 = FACE_BOUND('',#17167,.F.);
#17167 = EDGE_LOOP('',(#17168));
#17168 = ORIENTED_EDGE('',*,*,#17169,.T.);
#17169 = EDGE_CURVE('',#17170,#17170,#17172,.T.);
#17170 = VERTEX_POINT('',#17171);
#17171 = CARTESIAN_POINT('',(184.856249,-93.45875,0.));
#17172 = CIRCLE('',#17173,0.635);
#17173 = AXIS2_PLACEMENT_3D('',#17174,#17175,#17176);
#17174 = CARTESIAN_POINT('',(184.856249,-92.82375,0.));
#17175 = DIRECTION('',(-0.,0.,-1.));
#17176 = DIRECTION('',(-0.,-1.,0.));
#17177 = FACE_BOUND('',#17178,.F.);
#17178 = EDGE_LOOP('',(#17179));
#17179 = ORIENTED_EDGE('',*,*,#17180,.T.);
#17180 = EDGE_CURVE('',#17181,#17181,#17183,.T.);
#17181 = VERTEX_POINT('',#17182);
#17182 = CARTESIAN_POINT('',(187.856249,-95.29375,0.));
#17183 = CIRCLE('',#17184,0.51);
#17184 = AXIS2_PLACEMENT_3D('',#17185,#17186,#17187);
#17185 = CARTESIAN_POINT('',(187.856249,-94.78375,0.));
#17186 = DIRECTION('',(-0.,0.,-1.));
#17187 = DIRECTION('',(-0.,-1.,0.));
#17188 = FACE_BOUND('',#17189,.F.);
#17189 = EDGE_LOOP('',(#17190));
#17190 = ORIENTED_EDGE('',*,*,#17191,.T.);
#17191 = EDGE_CURVE('',#17192,#17192,#17194,.T.);
#17192 = VERTEX_POINT('',#17193);
#17193 = CARTESIAN_POINT('',(190.856249,-95.29375,0.));
#17194 = CIRCLE('',#17195,0.51);
#17195 = AXIS2_PLACEMENT_3D('',#17196,#17197,#17198);
#17196 = CARTESIAN_POINT('',(190.856249,-94.78375,0.));
#17197 = DIRECTION('',(-0.,0.,-1.));
#17198 = DIRECTION('',(-0.,-1.,0.));
#17199 = FACE_BOUND('',#17200,.F.);
#17200 = EDGE_LOOP('',(#17201));
#17201 = ORIENTED_EDGE('',*,*,#17202,.T.);
#17202 = EDGE_CURVE('',#17203,#17203,#17205,.T.);
#17203 = VERTEX_POINT('',#17204);
#17204 = CARTESIAN_POINT('',(193.856249,-93.45875,0.));
#17205 = CIRCLE('',#17206,0.635);
#17206 = AXIS2_PLACEMENT_3D('',#17207,#17208,#17209);
#17207 = CARTESIAN_POINT('',(193.856249,-92.82375,0.));
#17208 = DIRECTION('',(-0.,0.,-1.));
#17209 = DIRECTION('',(-0.,-1.,0.));
#17210 = FACE_BOUND('',#17211,.F.);
#17211 = EDGE_LOOP('',(#17212));
#17212 = ORIENTED_EDGE('',*,*,#17213,.T.);
#17213 = EDGE_CURVE('',#17214,#17214,#17216,.T.);
#17214 = VERTEX_POINT('',#17215);
#17215 = CARTESIAN_POINT('',(217.56,-93.565,0.));
#17216 = CIRCLE('',#17217,0.635);
#17217 = AXIS2_PLACEMENT_3D('',#17218,#17219,#17220);
#17218 = CARTESIAN_POINT('',(217.56,-92.93,0.));
#17219 = DIRECTION('',(-0.,0.,-1.));
#17220 = DIRECTION('',(-0.,-1.,0.));
#17221 = FACE_BOUND('',#17222,.F.);
#17222 = EDGE_LOOP('',(#17223));
#17223 = ORIENTED_EDGE('',*,*,#17224,.T.);
#17224 = EDGE_CURVE('',#17225,#17225,#17227,.T.);
#17225 = VERTEX_POINT('',#17226);
#17226 = CARTESIAN_POINT('',(220.56,-95.4,0.));
#17227 = CIRCLE('',#17228,0.51);
#17228 = AXIS2_PLACEMENT_3D('',#17229,#17230,#17231);
#17229 = CARTESIAN_POINT('',(220.56,-94.89,0.));
#17230 = DIRECTION('',(-0.,0.,-1.));
#17231 = DIRECTION('',(-0.,-1.,0.));
#17232 = FACE_BOUND('',#17233,.F.);
#17233 = EDGE_LOOP('',(#17234));
#17234 = ORIENTED_EDGE('',*,*,#17235,.T.);
#17235 = EDGE_CURVE('',#17236,#17236,#17238,.T.);
#17236 = VERTEX_POINT('',#17237);
#17237 = CARTESIAN_POINT('',(223.56,-95.4,0.));
#17238 = CIRCLE('',#17239,0.51);
#17239 = AXIS2_PLACEMENT_3D('',#17240,#17241,#17242);
#17240 = CARTESIAN_POINT('',(223.56,-94.89,0.));
#17241 = DIRECTION('',(-0.,0.,-1.));
#17242 = DIRECTION('',(-0.,-1.,0.));
#17243 = FACE_BOUND('',#17244,.F.);
#17244 = EDGE_LOOP('',(#17245));
#17245 = ORIENTED_EDGE('',*,*,#17246,.T.);
#17246 = EDGE_CURVE('',#17247,#17247,#17249,.T.);
#17247 = VERTEX_POINT('',#17248);
#17248 = CARTESIAN_POINT('',(226.56,-93.565,0.));
#17249 = CIRCLE('',#17250,0.635);
#17250 = AXIS2_PLACEMENT_3D('',#17251,#17252,#17253);
#17251 = CARTESIAN_POINT('',(226.56,-92.93,0.));
#17252 = DIRECTION('',(-0.,0.,-1.));
#17253 = DIRECTION('',(-0.,-1.,0.));
#17254 = FACE_BOUND('',#17255,.F.);
#17255 = EDGE_LOOP('',(#17256));
#17256 = ORIENTED_EDGE('',*,*,#17257,.T.);
#17257 = EDGE_CURVE('',#17258,#17258,#17260,.T.);
#17258 = VERTEX_POINT('',#17259);
#17259 = CARTESIAN_POINT('',(237.082262,-95.4,0.));
#17260 = CIRCLE('',#17261,0.51);
#17261 = AXIS2_PLACEMENT_3D('',#17262,#17263,#17264);
#17262 = CARTESIAN_POINT('',(237.082262,-94.89,0.));
#17263 = DIRECTION('',(-0.,0.,-1.));
#17264 = DIRECTION('',(-5.57288420204E-14,-1.,0.));
#17265 = FACE_BOUND('',#17266,.F.);
#17266 = EDGE_LOOP('',(#17267));
#17267 = ORIENTED_EDGE('',*,*,#17268,.T.);
#17268 = EDGE_CURVE('',#17269,#17269,#17271,.T.);
#17269 = VERTEX_POINT('',#17270);
#17270 = CARTESIAN_POINT('',(234.082262,-93.565,0.));
#17271 = CIRCLE('',#17272,0.635);
#17272 = AXIS2_PLACEMENT_3D('',#17273,#17274,#17275);
#17273 = CARTESIAN_POINT('',(234.082262,-92.93,0.));
#17274 = DIRECTION('',(-0.,0.,-1.));
#17275 = DIRECTION('',(-4.475859752819E-14,-1.,0.));
#17276 = FACE_BOUND('',#17277,.F.);
#17277 = EDGE_LOOP('',(#17278));
#17278 = ORIENTED_EDGE('',*,*,#17279,.T.);
#17279 = EDGE_CURVE('',#17280,#17280,#17282,.T.);
#17280 = VERTEX_POINT('',#17281);
#17281 = CARTESIAN_POINT('',(240.082262,-95.4,0.));
#17282 = CIRCLE('',#17283,0.51);
#17283 = AXIS2_PLACEMENT_3D('',#17284,#17285,#17286);
#17284 = CARTESIAN_POINT('',(240.082262,-94.89,0.));
#17285 = DIRECTION('',(-0.,0.,-1.));
#17286 = DIRECTION('',(-5.57288420204E-14,-1.,0.));
#17287 = FACE_BOUND('',#17288,.F.);
#17288 = EDGE_LOOP('',(#17289));
#17289 = ORIENTED_EDGE('',*,*,#17290,.T.);
#17290 = EDGE_CURVE('',#17291,#17291,#17293,.T.);
#17291 = VERTEX_POINT('',#17292);
#17292 = CARTESIAN_POINT('',(243.082262,-93.565,0.));
#17293 = CIRCLE('',#17294,0.635);
#17294 = AXIS2_PLACEMENT_3D('',#17295,#17296,#17297);
#17295 = CARTESIAN_POINT('',(243.082262,-92.93,0.));
#17296 = DIRECTION('',(-0.,0.,-1.));
#17297 = DIRECTION('',(-4.475859752819E-14,-1.,0.));
#17298 = FACE_BOUND('',#17299,.F.);
#17299 = EDGE_LOOP('',(#17300));
#17300 = ORIENTED_EDGE('',*,*,#17301,.F.);
#17301 = EDGE_CURVE('',#17302,#17302,#17304,.T.);
#17302 = VERTEX_POINT('',#17303);
#17303 = CARTESIAN_POINT('',(249.6,-62.,0.));
#17304 = CIRCLE('',#17305,1.6);
#17305 = AXIS2_PLACEMENT_3D('',#17306,#17307,#17308);
#17306 = CARTESIAN_POINT('',(248.,-62.,0.));
#17307 = DIRECTION('',(0.,0.,1.));
#17308 = DIRECTION('',(1.,0.,-0.));
#17309 = PLANE('',#17310);
#17310 = AXIS2_PLACEMENT_3D('',#17311,#17312,#17313);
#17311 = CARTESIAN_POINT('',(0.,0.,0.));
#17312 = DIRECTION('',(0.,0.,1.));
#17313 = DIRECTION('',(1.,0.,-0.));
#17314 = ADVANCED_FACE('',(#17315,#17361,#17372,#17383,#17394,#17405,
    #17416,#17427,#17438,#17449,#17460,#17471,#17482,#17493,#17504,
    #17515,#17526,#17537,#17548,#17559,#17570,#17581,#17592,#17603,
    #17614,#17625,#17636,#17647,#17658,#17669,#17680,#17691,#17702,
    #17713,#17724,#17735,#17746,#17757,#17768,#17779,#17790,#17801,
    #17812,#17823,#17834,#17845,#17856,#17867,#17878,#17889,#17900,
    #17911,#17922,#17933,#17944,#17955,#17966,#17977,#17988,#17999,
    #18010,#18021,#18032,#18043,#18054,#18065,#18076,#18087,#18098,
    #18109,#18120,#18131,#18142,#18153,#18164,#18175,#18186,#18197,
    #18208,#18219,#18230,#18241,#18252,#18263,#18274,#18285,#18296,
    #18307,#18318),#18329,.T.);
#17315 = FACE_BOUND('',#17316,.T.);
#17316 = EDGE_LOOP('',(#17317,#17318,#17319,#17328,#17336,#17345,#17353,
    #17360));
#17317 = ORIENTED_EDGE('',*,*,#16204,.F.);
#17318 = ORIENTED_EDGE('',*,*,#16246,.F.);
#17319 = ORIENTED_EDGE('',*,*,#17320,.F.);
#17320 = EDGE_CURVE('',#17321,#16239,#17323,.T.);
#17321 = VERTEX_POINT('',#17322);
#17322 = CARTESIAN_POINT('',(60.1,-61.1,1.6));
#17323 = CIRCLE('',#17324,3.000001172987);
#17324 = AXIS2_PLACEMENT_3D('',#17325,#17326,#17327);
#17325 = CARTESIAN_POINT('',(63.100001172987,-61.10000117298,1.6));
#17326 = DIRECTION('',(0.,0.,-1.));
#17327 = DIRECTION('',(-1.,3.909953568695E-07,0.));
#17328 = ORIENTED_EDGE('',*,*,#17329,.F.);
#17329 = EDGE_CURVE('',#17330,#17321,#17332,.T.);
#17330 = VERTEX_POINT('',#17331);
#17331 = CARTESIAN_POINT('',(60.1,-139.,1.6));
#17332 = LINE('',#17333,#17334);
#17333 = CARTESIAN_POINT('',(60.1,-139.,1.6));
#17334 = VECTOR('',#17335,1.);
#17335 = DIRECTION('',(0.,1.,0.));
#17336 = ORIENTED_EDGE('',*,*,#17337,.F.);
#17337 = EDGE_CURVE('',#17338,#17330,#17340,.T.);
#17338 = VERTEX_POINT('',#17339);
#17339 = CARTESIAN_POINT('',(63.1,-142.,1.6));
#17340 = CIRCLE('',#17341,3.000001172987);
#17341 = AXIS2_PLACEMENT_3D('',#17342,#17343,#17344);
#17342 = CARTESIAN_POINT('',(63.100001172987,-138.999998827,1.6));
#17343 = DIRECTION('',(0.,0.,-1.));
#17344 = DIRECTION('',(-3.90995359238E-07,-1.,-0.));
#17345 = ORIENTED_EDGE('',*,*,#17346,.F.);
#17346 = EDGE_CURVE('',#17347,#17338,#17349,.T.);
#17347 = VERTEX_POINT('',#17348);
#17348 = CARTESIAN_POINT('',(249.,-142.,1.6));
#17349 = LINE('',#17350,#17351);
#17350 = CARTESIAN_POINT('',(249.,-142.,1.6));
#17351 = VECTOR('',#17352,1.);
#17352 = DIRECTION('',(-1.,0.,0.));
#17353 = ORIENTED_EDGE('',*,*,#17354,.F.);
#17354 = EDGE_CURVE('',#16269,#17347,#17355,.T.);
#17355 = CIRCLE('',#17356,3.000001172987);
#17356 = AXIS2_PLACEMENT_3D('',#17357,#17358,#17359);
#17357 = CARTESIAN_POINT('',(248.99999882701,-138.999998827,1.6));
#17358 = DIRECTION('',(0.,0.,-1.));
#17359 = DIRECTION('',(1.,-3.909953710804E-07,0.));
#17360 = ORIENTED_EDGE('',*,*,#16268,.F.);
#17361 = FACE_BOUND('',#17362,.T.);
#17362 = EDGE_LOOP('',(#17363));
#17363 = ORIENTED_EDGE('',*,*,#17364,.F.);
#17364 = EDGE_CURVE('',#17365,#17365,#17367,.T.);
#17365 = VERTEX_POINT('',#17366);
#17366 = CARTESIAN_POINT('',(65.6,-138.,1.6));
#17367 = CIRCLE('',#17368,1.6);
#17368 = AXIS2_PLACEMENT_3D('',#17369,#17370,#17371);
#17369 = CARTESIAN_POINT('',(64.,-138.,1.6));
#17370 = DIRECTION('',(0.,0.,1.));
#17371 = DIRECTION('',(1.,0.,-0.));
#17372 = FACE_BOUND('',#17373,.T.);
#17373 = EDGE_LOOP('',(#17374));
#17374 = ORIENTED_EDGE('',*,*,#17375,.T.);
#17375 = EDGE_CURVE('',#17376,#17376,#17378,.T.);
#17376 = VERTEX_POINT('',#17377);
#17377 = CARTESIAN_POINT('',(71.88,-115.82,1.6));
#17378 = CIRCLE('',#17379,0.89);
#17379 = AXIS2_PLACEMENT_3D('',#17380,#17381,#17382);
#17380 = CARTESIAN_POINT('',(71.88,-114.93,1.6));
#17381 = DIRECTION('',(-0.,0.,-1.));
#17382 = DIRECTION('',(-0.,-1.,0.));
#17383 = FACE_BOUND('',#17384,.T.);
#17384 = EDGE_LOOP('',(#17385));
#17385 = ORIENTED_EDGE('',*,*,#17386,.T.);
#17386 = EDGE_CURVE('',#17387,#17387,#17389,.T.);
#17387 = VERTEX_POINT('',#17388);
#17388 = CARTESIAN_POINT('',(75.06,-115.82,1.6));
#17389 = CIRCLE('',#17390,0.89);
#17390 = AXIS2_PLACEMENT_3D('',#17391,#17392,#17393);
#17391 = CARTESIAN_POINT('',(75.06,-114.93,1.6));
#17392 = DIRECTION('',(-0.,0.,-1.));
#17393 = DIRECTION('',(-0.,-1.,0.));
#17394 = FACE_BOUND('',#17395,.T.);
#17395 = EDGE_LOOP('',(#17396));
#17396 = ORIENTED_EDGE('',*,*,#17397,.T.);
#17397 = EDGE_CURVE('',#17398,#17398,#17400,.T.);
#17398 = VERTEX_POINT('',#17399);
#17399 = CARTESIAN_POINT('',(71.88,-108.33,1.6));
#17400 = CIRCLE('',#17401,0.89);
#17401 = AXIS2_PLACEMENT_3D('',#17402,#17403,#17404);
#17402 = CARTESIAN_POINT('',(71.88,-107.44,1.6));
#17403 = DIRECTION('',(-0.,0.,-1.));
#17404 = DIRECTION('',(-0.,-1.,0.));
#17405 = FACE_BOUND('',#17406,.T.);
#17406 = EDGE_LOOP('',(#17407));
#17407 = ORIENTED_EDGE('',*,*,#17408,.T.);
#17408 = EDGE_CURVE('',#17409,#17409,#17411,.T.);
#17409 = VERTEX_POINT('',#17410);
#17410 = CARTESIAN_POINT('',(75.06,-108.33,1.6));
#17411 = CIRCLE('',#17412,0.89);
#17412 = AXIS2_PLACEMENT_3D('',#17413,#17414,#17415);
#17413 = CARTESIAN_POINT('',(75.06,-107.44,1.6));
#17414 = DIRECTION('',(-0.,0.,-1.));
#17415 = DIRECTION('',(-0.,-1.,0.));
#17416 = FACE_BOUND('',#17417,.T.);
#17417 = EDGE_LOOP('',(#17418));
#17418 = ORIENTED_EDGE('',*,*,#17419,.T.);
#17419 = EDGE_CURVE('',#17420,#17420,#17422,.T.);
#17420 = VERTEX_POINT('',#17421);
#17421 = CARTESIAN_POINT('',(87.56,-107.71375,1.6));
#17422 = CIRCLE('',#17423,0.635);
#17423 = AXIS2_PLACEMENT_3D('',#17424,#17425,#17426);
#17424 = CARTESIAN_POINT('',(87.56,-107.07875,1.6));
#17425 = DIRECTION('',(-0.,0.,-1.));
#17426 = DIRECTION('',(-0.,-1.,0.));
#17427 = FACE_BOUND('',#17428,.T.);
#17428 = EDGE_LOOP('',(#17429));
#17429 = ORIENTED_EDGE('',*,*,#17430,.T.);
#17430 = EDGE_CURVE('',#17431,#17431,#17433,.T.);
#17431 = VERTEX_POINT('',#17432);
#17432 = CARTESIAN_POINT('',(90.56,-105.62875,1.6));
#17433 = CIRCLE('',#17434,0.51);
#17434 = AXIS2_PLACEMENT_3D('',#17435,#17436,#17437);
#17435 = CARTESIAN_POINT('',(90.56,-105.11875,1.6));
#17436 = DIRECTION('',(-0.,0.,-1.));
#17437 = DIRECTION('',(-0.,-1.,0.));
#17438 = FACE_BOUND('',#17439,.T.);
#17439 = EDGE_LOOP('',(#17440));
#17440 = ORIENTED_EDGE('',*,*,#17441,.T.);
#17441 = EDGE_CURVE('',#17442,#17442,#17444,.T.);
#17442 = VERTEX_POINT('',#17443);
#17443 = CARTESIAN_POINT('',(96.56,-107.71375,1.6));
#17444 = CIRCLE('',#17445,0.635);
#17445 = AXIS2_PLACEMENT_3D('',#17446,#17447,#17448);
#17446 = CARTESIAN_POINT('',(96.56,-107.07875,1.6));
#17447 = DIRECTION('',(-0.,0.,-1.));
#17448 = DIRECTION('',(-0.,-1.,0.));
#17449 = FACE_BOUND('',#17450,.T.);
#17450 = EDGE_LOOP('',(#17451));
#17451 = ORIENTED_EDGE('',*,*,#17452,.T.);
#17452 = EDGE_CURVE('',#17453,#17453,#17455,.T.);
#17453 = VERTEX_POINT('',#17454);
#17454 = CARTESIAN_POINT('',(93.56,-105.62875,1.6));
#17455 = CIRCLE('',#17456,0.51);
#17456 = AXIS2_PLACEMENT_3D('',#17457,#17458,#17459);
#17457 = CARTESIAN_POINT('',(93.56,-105.11875,1.6));
#17458 = DIRECTION('',(-0.,0.,-1.));
#17459 = DIRECTION('',(-0.,-1.,0.));
#17460 = FACE_BOUND('',#17461,.T.);
#17461 = EDGE_LOOP('',(#17462));
#17462 = ORIENTED_EDGE('',*,*,#17463,.T.);
#17463 = EDGE_CURVE('',#17464,#17464,#17466,.T.);
#17464 = VERTEX_POINT('',#17465);
#17465 = CARTESIAN_POINT('',(103.88625,-107.71375,1.6));
#17466 = CIRCLE('',#17467,0.635);
#17467 = AXIS2_PLACEMENT_3D('',#17468,#17469,#17470);
#17468 = CARTESIAN_POINT('',(103.88625,-107.07875,1.6));
#17469 = DIRECTION('',(-0.,0.,-1.));
#17470 = DIRECTION('',(2.23792987641E-14,-1.,-0.));
#17471 = FACE_BOUND('',#17472,.T.);
#17472 = EDGE_LOOP('',(#17473));
#17473 = ORIENTED_EDGE('',*,*,#17474,.T.);
#17474 = EDGE_CURVE('',#17475,#17475,#17477,.T.);
#17475 = VERTEX_POINT('',#17476);
#17476 = CARTESIAN_POINT('',(106.88625,-105.62875,1.6));
#17477 = CIRCLE('',#17478,0.51);
#17478 = AXIS2_PLACEMENT_3D('',#17479,#17480,#17481);
#17479 = CARTESIAN_POINT('',(106.88625,-105.11875,1.6));
#17480 = DIRECTION('',(-0.,0.,-1.));
#17481 = DIRECTION('',(2.78644210102E-14,-1.,-0.));
#17482 = FACE_BOUND('',#17483,.T.);
#17483 = EDGE_LOOP('',(#17484));
#17484 = ORIENTED_EDGE('',*,*,#17485,.T.);
#17485 = EDGE_CURVE('',#17486,#17486,#17488,.T.);
#17486 = VERTEX_POINT('',#17487);
#17487 = CARTESIAN_POINT('',(112.88625,-107.71375,1.6));
#17488 = CIRCLE('',#17489,0.635);
#17489 = AXIS2_PLACEMENT_3D('',#17490,#17491,#17492);
#17490 = CARTESIAN_POINT('',(112.88625,-107.07875,1.6));
#17491 = DIRECTION('',(-0.,0.,-1.));
#17492 = DIRECTION('',(2.23792987641E-14,-1.,-0.));
#17493 = FACE_BOUND('',#17494,.T.);
#17494 = EDGE_LOOP('',(#17495));
#17495 = ORIENTED_EDGE('',*,*,#17496,.T.);
#17496 = EDGE_CURVE('',#17497,#17497,#17499,.T.);
#17497 = VERTEX_POINT('',#17498);
#17498 = CARTESIAN_POINT('',(109.88625,-105.62875,1.6));
#17499 = CIRCLE('',#17500,0.51);
#17500 = AXIS2_PLACEMENT_3D('',#17501,#17502,#17503);
#17501 = CARTESIAN_POINT('',(109.88625,-105.11875,1.6));
#17502 = DIRECTION('',(-0.,0.,-1.));
#17503 = DIRECTION('',(2.78644210102E-14,-1.,-0.));
#17504 = FACE_BOUND('',#17505,.T.);
#17505 = EDGE_LOOP('',(#17506));
#17506 = ORIENTED_EDGE('',*,*,#17507,.T.);
#17507 = EDGE_CURVE('',#17508,#17508,#17510,.T.);
#17508 = VERTEX_POINT('',#17509);
#17509 = CARTESIAN_POINT('',(120.416247,-107.71375,1.6));
#17510 = CIRCLE('',#17511,0.635);
#17511 = AXIS2_PLACEMENT_3D('',#17512,#17513,#17514);
#17512 = CARTESIAN_POINT('',(120.416247,-107.07875,1.6));
#17513 = DIRECTION('',(-0.,0.,-1.));
#17514 = DIRECTION('',(-0.,-1.,0.));
#17515 = FACE_BOUND('',#17516,.T.);
#17516 = EDGE_LOOP('',(#17517));
#17517 = ORIENTED_EDGE('',*,*,#17518,.T.);
#17518 = EDGE_CURVE('',#17519,#17519,#17521,.T.);
#17519 = VERTEX_POINT('',#17520);
#17520 = CARTESIAN_POINT('',(123.416247,-105.62875,1.6));
#17521 = CIRCLE('',#17522,0.51);
#17522 = AXIS2_PLACEMENT_3D('',#17523,#17524,#17525);
#17523 = CARTESIAN_POINT('',(123.416247,-105.11875,1.6));
#17524 = DIRECTION('',(-0.,0.,-1.));
#17525 = DIRECTION('',(-0.,-1.,0.));
#17526 = FACE_BOUND('',#17527,.T.);
#17527 = EDGE_LOOP('',(#17528));
#17528 = ORIENTED_EDGE('',*,*,#17529,.T.);
#17529 = EDGE_CURVE('',#17530,#17530,#17532,.T.);
#17530 = VERTEX_POINT('',#17531);
#17531 = CARTESIAN_POINT('',(126.416247,-105.62875,1.6));
#17532 = CIRCLE('',#17533,0.51);
#17533 = AXIS2_PLACEMENT_3D('',#17534,#17535,#17536);
#17534 = CARTESIAN_POINT('',(126.416247,-105.11875,1.6));
#17535 = DIRECTION('',(-0.,0.,-1.));
#17536 = DIRECTION('',(-0.,-1.,0.));
#17537 = FACE_BOUND('',#17538,.T.);
#17538 = EDGE_LOOP('',(#17539));
#17539 = ORIENTED_EDGE('',*,*,#17540,.T.);
#17540 = EDGE_CURVE('',#17541,#17541,#17543,.T.);
#17541 = VERTEX_POINT('',#17542);
#17542 = CARTESIAN_POINT('',(129.416247,-107.71375,1.6));
#17543 = CIRCLE('',#17544,0.635);
#17544 = AXIS2_PLACEMENT_3D('',#17545,#17546,#17547);
#17545 = CARTESIAN_POINT('',(129.416247,-107.07875,1.6));
#17546 = DIRECTION('',(-0.,0.,-1.));
#17547 = DIRECTION('',(-0.,-1.,0.));
#17548 = FACE_BOUND('',#17549,.T.);
#17549 = EDGE_LOOP('',(#17550));
#17550 = ORIENTED_EDGE('',*,*,#17551,.T.);
#17551 = EDGE_CURVE('',#17552,#17552,#17554,.T.);
#17552 = VERTEX_POINT('',#17553);
#17553 = CARTESIAN_POINT('',(136.416247,-107.71375,1.6));
#17554 = CIRCLE('',#17555,0.635);
#17555 = AXIS2_PLACEMENT_3D('',#17556,#17557,#17558);
#17556 = CARTESIAN_POINT('',(136.416247,-107.07875,1.6));
#17557 = DIRECTION('',(-0.,0.,-1.));
#17558 = DIRECTION('',(-0.,-1.,0.));
#17559 = FACE_BOUND('',#17560,.T.);
#17560 = EDGE_LOOP('',(#17561));
#17561 = ORIENTED_EDGE('',*,*,#17562,.T.);
#17562 = EDGE_CURVE('',#17563,#17563,#17565,.T.);
#17563 = VERTEX_POINT('',#17564);
#17564 = CARTESIAN_POINT('',(139.416247,-105.62875,1.6));
#17565 = CIRCLE('',#17566,0.51);
#17566 = AXIS2_PLACEMENT_3D('',#17567,#17568,#17569);
#17567 = CARTESIAN_POINT('',(139.416247,-105.11875,1.6));
#17568 = DIRECTION('',(-0.,0.,-1.));
#17569 = DIRECTION('',(-0.,-1.,0.));
#17570 = FACE_BOUND('',#17571,.T.);
#17571 = EDGE_LOOP('',(#17572));
#17572 = ORIENTED_EDGE('',*,*,#17573,.T.);
#17573 = EDGE_CURVE('',#17574,#17574,#17576,.T.);
#17574 = VERTEX_POINT('',#17575);
#17575 = CARTESIAN_POINT('',(142.416247,-105.62875,1.6));
#17576 = CIRCLE('',#17577,0.51);
#17577 = AXIS2_PLACEMENT_3D('',#17578,#17579,#17580);
#17578 = CARTESIAN_POINT('',(142.416247,-105.11875,1.6));
#17579 = DIRECTION('',(-0.,0.,-1.));
#17580 = DIRECTION('',(-0.,-1.,0.));
#17581 = FACE_BOUND('',#17582,.T.);
#17582 = EDGE_LOOP('',(#17583));
#17583 = ORIENTED_EDGE('',*,*,#17584,.T.);
#17584 = EDGE_CURVE('',#17585,#17585,#17587,.T.);
#17585 = VERTEX_POINT('',#17586);
#17586 = CARTESIAN_POINT('',(145.416247,-107.71375,1.6));
#17587 = CIRCLE('',#17588,0.635);
#17588 = AXIS2_PLACEMENT_3D('',#17589,#17590,#17591);
#17589 = CARTESIAN_POINT('',(145.416247,-107.07875,1.6));
#17590 = DIRECTION('',(-0.,0.,-1.));
#17591 = DIRECTION('',(-0.,-1.,0.));
#17592 = FACE_BOUND('',#17593,.T.);
#17593 = EDGE_LOOP('',(#17594));
#17594 = ORIENTED_EDGE('',*,*,#17595,.T.);
#17595 = EDGE_CURVE('',#17596,#17596,#17598,.T.);
#17596 = VERTEX_POINT('',#17597);
#17597 = CARTESIAN_POINT('',(152.416247,-107.71375,1.6));
#17598 = CIRCLE('',#17599,0.635);
#17599 = AXIS2_PLACEMENT_3D('',#17600,#17601,#17602);
#17600 = CARTESIAN_POINT('',(152.416247,-107.07875,1.6));
#17601 = DIRECTION('',(-0.,0.,-1.));
#17602 = DIRECTION('',(-0.,-1.,0.));
#17603 = FACE_BOUND('',#17604,.T.);
#17604 = EDGE_LOOP('',(#17605));
#17605 = ORIENTED_EDGE('',*,*,#17606,.T.);
#17606 = EDGE_CURVE('',#17607,#17607,#17609,.T.);
#17607 = VERTEX_POINT('',#17608);
#17608 = CARTESIAN_POINT('',(155.416247,-105.62875,1.6));
#17609 = CIRCLE('',#17610,0.51);
#17610 = AXIS2_PLACEMENT_3D('',#17611,#17612,#17613);
#17611 = CARTESIAN_POINT('',(155.416247,-105.11875,1.6));
#17612 = DIRECTION('',(-0.,0.,-1.));
#17613 = DIRECTION('',(-0.,-1.,0.));
#17614 = FACE_BOUND('',#17615,.T.);
#17615 = EDGE_LOOP('',(#17616));
#17616 = ORIENTED_EDGE('',*,*,#17617,.F.);
#17617 = EDGE_CURVE('',#17618,#17618,#17620,.T.);
#17618 = VERTEX_POINT('',#17619);
#17619 = CARTESIAN_POINT('',(249.6,-138.,1.6));
#17620 = CIRCLE('',#17621,1.6);
#17621 = AXIS2_PLACEMENT_3D('',#17622,#17623,#17624);
#17622 = CARTESIAN_POINT('',(248.,-138.,1.6));
#17623 = DIRECTION('',(0.,0.,1.));
#17624 = DIRECTION('',(1.,0.,-0.));
#17625 = FACE_BOUND('',#17626,.T.);
#17626 = EDGE_LOOP('',(#17627));
#17627 = ORIENTED_EDGE('',*,*,#17628,.T.);
#17628 = EDGE_CURVE('',#17629,#17629,#17631,.T.);
#17629 = VERTEX_POINT('',#17630);
#17630 = CARTESIAN_POINT('',(161.416247,-107.71375,1.6));
#17631 = CIRCLE('',#17632,0.635);
#17632 = AXIS2_PLACEMENT_3D('',#17633,#17634,#17635);
#17633 = CARTESIAN_POINT('',(161.416247,-107.07875,1.6));
#17634 = DIRECTION('',(-0.,0.,-1.));
#17635 = DIRECTION('',(-0.,-1.,0.));
#17636 = FACE_BOUND('',#17637,.T.);
#17637 = EDGE_LOOP('',(#17638));
#17638 = ORIENTED_EDGE('',*,*,#17639,.T.);
#17639 = EDGE_CURVE('',#17640,#17640,#17642,.T.);
#17640 = VERTEX_POINT('',#17641);
#17641 = CARTESIAN_POINT('',(158.416247,-105.62875,1.6));
#17642 = CIRCLE('',#17643,0.51);
#17643 = AXIS2_PLACEMENT_3D('',#17644,#17645,#17646);
#17644 = CARTESIAN_POINT('',(158.416247,-105.11875,1.6));
#17645 = DIRECTION('',(-0.,0.,-1.));
#17646 = DIRECTION('',(-0.,-1.,0.));
#17647 = FACE_BOUND('',#17648,.T.);
#17648 = EDGE_LOOP('',(#17649));
#17649 = ORIENTED_EDGE('',*,*,#17650,.T.);
#17650 = EDGE_CURVE('',#17651,#17651,#17653,.T.);
#17651 = VERTEX_POINT('',#17652);
#17652 = CARTESIAN_POINT('',(168.386249,-107.62875,1.6));
#17653 = CIRCLE('',#17654,0.635);
#17654 = AXIS2_PLACEMENT_3D('',#17655,#17656,#17657);
#17655 = CARTESIAN_POINT('',(168.386249,-106.99375,1.6));
#17656 = DIRECTION('',(-0.,0.,-1.));
#17657 = DIRECTION('',(-4.475859752819E-14,-1.,0.));
#17658 = FACE_BOUND('',#17659,.T.);
#17659 = EDGE_LOOP('',(#17660));
#17660 = ORIENTED_EDGE('',*,*,#17661,.T.);
#17661 = EDGE_CURVE('',#17662,#17662,#17664,.T.);
#17662 = VERTEX_POINT('',#17663);
#17663 = CARTESIAN_POINT('',(171.386249,-105.54375,1.6));
#17664 = CIRCLE('',#17665,0.51);
#17665 = AXIS2_PLACEMENT_3D('',#17666,#17667,#17668);
#17666 = CARTESIAN_POINT('',(171.386249,-105.03375,1.6));
#17667 = DIRECTION('',(-0.,0.,-1.));
#17668 = DIRECTION('',(-5.57288420204E-14,-1.,0.));
#17669 = FACE_BOUND('',#17670,.T.);
#17670 = EDGE_LOOP('',(#17671));
#17671 = ORIENTED_EDGE('',*,*,#17672,.T.);
#17672 = EDGE_CURVE('',#17673,#17673,#17675,.T.);
#17673 = VERTEX_POINT('',#17674);
#17674 = CARTESIAN_POINT('',(177.386249,-107.62875,1.6));
#17675 = CIRCLE('',#17676,0.635);
#17676 = AXIS2_PLACEMENT_3D('',#17677,#17678,#17679);
#17677 = CARTESIAN_POINT('',(177.386249,-106.99375,1.6));
#17678 = DIRECTION('',(-0.,0.,-1.));
#17679 = DIRECTION('',(-4.475859752819E-14,-1.,0.));
#17680 = FACE_BOUND('',#17681,.T.);
#17681 = EDGE_LOOP('',(#17682));
#17682 = ORIENTED_EDGE('',*,*,#17683,.T.);
#17683 = EDGE_CURVE('',#17684,#17684,#17686,.T.);
#17684 = VERTEX_POINT('',#17685);
#17685 = CARTESIAN_POINT('',(174.386249,-105.54375,1.6));
#17686 = CIRCLE('',#17687,0.51);
#17687 = AXIS2_PLACEMENT_3D('',#17688,#17689,#17690);
#17688 = CARTESIAN_POINT('',(174.386249,-105.03375,1.6));
#17689 = DIRECTION('',(-0.,0.,-1.));
#17690 = DIRECTION('',(-5.57288420204E-14,-1.,0.));
#17691 = FACE_BOUND('',#17692,.T.);
#17692 = EDGE_LOOP('',(#17693));
#17693 = ORIENTED_EDGE('',*,*,#17694,.T.);
#17694 = EDGE_CURVE('',#17695,#17695,#17697,.T.);
#17695 = VERTEX_POINT('',#17696);
#17696 = CARTESIAN_POINT('',(184.886249,-107.71375,1.6));
#17697 = CIRCLE('',#17698,0.635);
#17698 = AXIS2_PLACEMENT_3D('',#17699,#17700,#17701);
#17699 = CARTESIAN_POINT('',(184.886249,-107.07875,1.6));
#17700 = DIRECTION('',(-0.,0.,-1.));
#17701 = DIRECTION('',(-4.47585975282E-14,-1.,0.));
#17702 = FACE_BOUND('',#17703,.T.);
#17703 = EDGE_LOOP('',(#17704));
#17704 = ORIENTED_EDGE('',*,*,#17705,.T.);
#17705 = EDGE_CURVE('',#17706,#17706,#17708,.T.);
#17706 = VERTEX_POINT('',#17707);
#17707 = CARTESIAN_POINT('',(187.886249,-105.62875,1.6));
#17708 = CIRCLE('',#17709,0.51);
#17709 = AXIS2_PLACEMENT_3D('',#17710,#17711,#17712);
#17710 = CARTESIAN_POINT('',(187.886249,-105.11875,1.6));
#17711 = DIRECTION('',(-0.,0.,-1.));
#17712 = DIRECTION('',(-5.57288420204E-14,-1.,0.));
#17713 = FACE_BOUND('',#17714,.T.);
#17714 = EDGE_LOOP('',(#17715));
#17715 = ORIENTED_EDGE('',*,*,#17716,.T.);
#17716 = EDGE_CURVE('',#17717,#17717,#17719,.T.);
#17717 = VERTEX_POINT('',#17718);
#17718 = CARTESIAN_POINT('',(190.886249,-105.62875,1.6));
#17719 = CIRCLE('',#17720,0.51);
#17720 = AXIS2_PLACEMENT_3D('',#17721,#17722,#17723);
#17721 = CARTESIAN_POINT('',(190.886249,-105.11875,1.6));
#17722 = DIRECTION('',(-0.,0.,-1.));
#17723 = DIRECTION('',(-5.57288420204E-14,-1.,0.));
#17724 = FACE_BOUND('',#17725,.T.);
#17725 = EDGE_LOOP('',(#17726));
#17726 = ORIENTED_EDGE('',*,*,#17727,.T.);
#17727 = EDGE_CURVE('',#17728,#17728,#17730,.T.);
#17728 = VERTEX_POINT('',#17729);
#17729 = CARTESIAN_POINT('',(193.886249,-107.71375,1.6));
#17730 = CIRCLE('',#17731,0.635);
#17731 = AXIS2_PLACEMENT_3D('',#17732,#17733,#17734);
#17732 = CARTESIAN_POINT('',(193.886249,-107.07875,1.6));
#17733 = DIRECTION('',(-0.,0.,-1.));
#17734 = DIRECTION('',(-4.47585975282E-14,-1.,0.));
#17735 = FACE_BOUND('',#17736,.T.);
#17736 = EDGE_LOOP('',(#17737));
#17737 = ORIENTED_EDGE('',*,*,#17738,.T.);
#17738 = EDGE_CURVE('',#17739,#17739,#17741,.T.);
#17739 = VERTEX_POINT('',#17740);
#17740 = CARTESIAN_POINT('',(201.06,-107.44,1.6));
#17741 = CIRCLE('',#17742,0.635);
#17742 = AXIS2_PLACEMENT_3D('',#17743,#17744,#17745);
#17743 = CARTESIAN_POINT('',(201.06,-106.805,1.6));
#17744 = DIRECTION('',(-0.,0.,-1.));
#17745 = DIRECTION('',(-0.,-1.,0.));
#17746 = FACE_BOUND('',#17747,.T.);
#17747 = EDGE_LOOP('',(#17748));
#17748 = ORIENTED_EDGE('',*,*,#17749,.T.);
#17749 = EDGE_CURVE('',#17750,#17750,#17752,.T.);
#17750 = VERTEX_POINT('',#17751);
#17751 = CARTESIAN_POINT('',(210.06,-107.44,1.6));
#17752 = CIRCLE('',#17753,0.635);
#17753 = AXIS2_PLACEMENT_3D('',#17754,#17755,#17756);
#17754 = CARTESIAN_POINT('',(210.06,-106.805,1.6));
#17755 = DIRECTION('',(-0.,0.,-1.));
#17756 = DIRECTION('',(-0.,-1.,0.));
#17757 = FACE_BOUND('',#17758,.T.);
#17758 = EDGE_LOOP('',(#17759));
#17759 = ORIENTED_EDGE('',*,*,#17760,.T.);
#17760 = EDGE_CURVE('',#17761,#17761,#17763,.T.);
#17761 = VERTEX_POINT('',#17762);
#17762 = CARTESIAN_POINT('',(217.589998,-107.525,1.6));
#17763 = CIRCLE('',#17764,0.635);
#17764 = AXIS2_PLACEMENT_3D('',#17765,#17766,#17767);
#17765 = CARTESIAN_POINT('',(217.589998,-106.89,1.6));
#17766 = DIRECTION('',(-0.,0.,-1.));
#17767 = DIRECTION('',(4.475859752819E-14,-1.,-0.));
#17768 = FACE_BOUND('',#17769,.T.);
#17769 = EDGE_LOOP('',(#17770));
#17770 = ORIENTED_EDGE('',*,*,#17771,.T.);
#17771 = EDGE_CURVE('',#17772,#17772,#17774,.T.);
#17772 = VERTEX_POINT('',#17773);
#17773 = CARTESIAN_POINT('',(204.06,-105.355,1.6));
#17774 = CIRCLE('',#17775,0.51);
#17775 = AXIS2_PLACEMENT_3D('',#17776,#17777,#17778);
#17776 = CARTESIAN_POINT('',(204.06,-104.845,1.6));
#17777 = DIRECTION('',(-0.,0.,-1.));
#17778 = DIRECTION('',(-0.,-1.,0.));
#17779 = FACE_BOUND('',#17780,.T.);
#17780 = EDGE_LOOP('',(#17781));
#17781 = ORIENTED_EDGE('',*,*,#17782,.T.);
#17782 = EDGE_CURVE('',#17783,#17783,#17785,.T.);
#17783 = VERTEX_POINT('',#17784);
#17784 = CARTESIAN_POINT('',(207.06,-105.355,1.6));
#17785 = CIRCLE('',#17786,0.51);
#17786 = AXIS2_PLACEMENT_3D('',#17787,#17788,#17789);
#17787 = CARTESIAN_POINT('',(207.06,-104.845,1.6));
#17788 = DIRECTION('',(-0.,0.,-1.));
#17789 = DIRECTION('',(-0.,-1.,0.));
#17790 = FACE_BOUND('',#17791,.T.);
#17791 = EDGE_LOOP('',(#17792));
#17792 = ORIENTED_EDGE('',*,*,#17793,.T.);
#17793 = EDGE_CURVE('',#17794,#17794,#17796,.T.);
#17794 = VERTEX_POINT('',#17795);
#17795 = CARTESIAN_POINT('',(220.589998,-105.44,1.6));
#17796 = CIRCLE('',#17797,0.51);
#17797 = AXIS2_PLACEMENT_3D('',#17798,#17799,#17800);
#17798 = CARTESIAN_POINT('',(220.589998,-104.93,1.6));
#17799 = DIRECTION('',(-0.,0.,-1.));
#17800 = DIRECTION('',(5.57288420204E-14,-1.,-0.));
#17801 = FACE_BOUND('',#17802,.T.);
#17802 = EDGE_LOOP('',(#17803));
#17803 = ORIENTED_EDGE('',*,*,#17804,.T.);
#17804 = EDGE_CURVE('',#17805,#17805,#17807,.T.);
#17805 = VERTEX_POINT('',#17806);
#17806 = CARTESIAN_POINT('',(223.589998,-105.44,1.6));
#17807 = CIRCLE('',#17808,0.51);
#17808 = AXIS2_PLACEMENT_3D('',#17809,#17810,#17811);
#17809 = CARTESIAN_POINT('',(223.589998,-104.93,1.6));
#17810 = DIRECTION('',(-0.,0.,-1.));
#17811 = DIRECTION('',(5.57288420204E-14,-1.,-0.));
#17812 = FACE_BOUND('',#17813,.T.);
#17813 = EDGE_LOOP('',(#17814));
#17814 = ORIENTED_EDGE('',*,*,#17815,.T.);
#17815 = EDGE_CURVE('',#17816,#17816,#17818,.T.);
#17816 = VERTEX_POINT('',#17817);
#17817 = CARTESIAN_POINT('',(226.589998,-107.525,1.6));
#17818 = CIRCLE('',#17819,0.635);
#17819 = AXIS2_PLACEMENT_3D('',#17820,#17821,#17822);
#17820 = CARTESIAN_POINT('',(226.589998,-106.89,1.6));
#17821 = DIRECTION('',(-0.,0.,-1.));
#17822 = DIRECTION('',(4.475859752819E-14,-1.,-0.));
#17823 = FACE_BOUND('',#17824,.T.);
#17824 = EDGE_LOOP('',(#17825));
#17825 = ORIENTED_EDGE('',*,*,#17826,.T.);
#17826 = EDGE_CURVE('',#17827,#17827,#17829,.T.);
#17827 = VERTEX_POINT('',#17828);
#17828 = CARTESIAN_POINT('',(234.059998,-107.485,1.6));
#17829 = CIRCLE('',#17830,0.635);
#17830 = AXIS2_PLACEMENT_3D('',#17831,#17832,#17833);
#17831 = CARTESIAN_POINT('',(234.059998,-106.85,1.6));
#17832 = DIRECTION('',(-0.,0.,-1.));
#17833 = DIRECTION('',(-0.,-1.,0.));
#17834 = FACE_BOUND('',#17835,.T.);
#17835 = EDGE_LOOP('',(#17836));
#17836 = ORIENTED_EDGE('',*,*,#17837,.T.);
#17837 = EDGE_CURVE('',#17838,#17838,#17840,.T.);
#17838 = VERTEX_POINT('',#17839);
#17839 = CARTESIAN_POINT('',(243.059998,-107.485,1.6));
#17840 = CIRCLE('',#17841,0.635);
#17841 = AXIS2_PLACEMENT_3D('',#17842,#17843,#17844);
#17842 = CARTESIAN_POINT('',(243.059998,-106.85,1.6));
#17843 = DIRECTION('',(-0.,0.,-1.));
#17844 = DIRECTION('',(-0.,-1.,0.));
#17845 = FACE_BOUND('',#17846,.T.);
#17846 = EDGE_LOOP('',(#17847));
#17847 = ORIENTED_EDGE('',*,*,#17848,.T.);
#17848 = EDGE_CURVE('',#17849,#17849,#17851,.T.);
#17849 = VERTEX_POINT('',#17850);
#17850 = CARTESIAN_POINT('',(237.059998,-105.4,1.6));
#17851 = CIRCLE('',#17852,0.51);
#17852 = AXIS2_PLACEMENT_3D('',#17853,#17854,#17855);
#17853 = CARTESIAN_POINT('',(237.059998,-104.89,1.6));
#17854 = DIRECTION('',(-0.,0.,-1.));
#17855 = DIRECTION('',(-0.,-1.,0.));
#17856 = FACE_BOUND('',#17857,.T.);
#17857 = EDGE_LOOP('',(#17858));
#17858 = ORIENTED_EDGE('',*,*,#17859,.T.);
#17859 = EDGE_CURVE('',#17860,#17860,#17862,.T.);
#17860 = VERTEX_POINT('',#17861);
#17861 = CARTESIAN_POINT('',(240.059998,-105.4,1.6));
#17862 = CIRCLE('',#17863,0.51);
#17863 = AXIS2_PLACEMENT_3D('',#17864,#17865,#17866);
#17864 = CARTESIAN_POINT('',(240.059998,-104.89,1.6));
#17865 = DIRECTION('',(-0.,0.,-1.));
#17866 = DIRECTION('',(-0.,-1.,0.));
#17867 = FACE_BOUND('',#17868,.T.);
#17868 = EDGE_LOOP('',(#17869));
#17869 = ORIENTED_EDGE('',*,*,#17870,.T.);
#17870 = EDGE_CURVE('',#17871,#17871,#17873,.T.);
#17871 = VERTEX_POINT('',#17872);
#17872 = CARTESIAN_POINT('',(71.88,-92.82,1.6));
#17873 = CIRCLE('',#17874,0.89);
#17874 = AXIS2_PLACEMENT_3D('',#17875,#17876,#17877);
#17875 = CARTESIAN_POINT('',(71.88,-91.93,1.6));
#17876 = DIRECTION('',(-0.,0.,-1.));
#17877 = DIRECTION('',(-0.,-1.,0.));
#17878 = FACE_BOUND('',#17879,.T.);
#17879 = EDGE_LOOP('',(#17880));
#17880 = ORIENTED_EDGE('',*,*,#17881,.T.);
#17881 = EDGE_CURVE('',#17882,#17882,#17884,.T.);
#17882 = VERTEX_POINT('',#17883);
#17883 = CARTESIAN_POINT('',(75.06,-92.82,1.6));
#17884 = CIRCLE('',#17885,0.89);
#17885 = AXIS2_PLACEMENT_3D('',#17886,#17887,#17888);
#17886 = CARTESIAN_POINT('',(75.06,-91.93,1.6));
#17887 = DIRECTION('',(-0.,0.,-1.));
#17888 = DIRECTION('',(-0.,-1.,0.));
#17889 = FACE_BOUND('',#17890,.T.);
#17890 = EDGE_LOOP('',(#17891));
#17891 = ORIENTED_EDGE('',*,*,#17892,.T.);
#17892 = EDGE_CURVE('',#17893,#17893,#17895,.T.);
#17893 = VERTEX_POINT('',#17894);
#17894 = CARTESIAN_POINT('',(90.53,-95.21375,1.6));
#17895 = CIRCLE('',#17896,0.51);
#17896 = AXIS2_PLACEMENT_3D('',#17897,#17898,#17899);
#17897 = CARTESIAN_POINT('',(90.53,-94.70375,1.6));
#17898 = DIRECTION('',(-0.,0.,-1.));
#17899 = DIRECTION('',(-0.,-1.,0.));
#17900 = FACE_BOUND('',#17901,.T.);
#17901 = EDGE_LOOP('',(#17902));
#17902 = ORIENTED_EDGE('',*,*,#17903,.T.);
#17903 = EDGE_CURVE('',#17904,#17904,#17906,.T.);
#17904 = VERTEX_POINT('',#17905);
#17905 = CARTESIAN_POINT('',(87.53,-93.37875,1.6));
#17906 = CIRCLE('',#17907,0.635);
#17907 = AXIS2_PLACEMENT_3D('',#17908,#17909,#17910);
#17908 = CARTESIAN_POINT('',(87.53,-92.74375,1.6));
#17909 = DIRECTION('',(-0.,0.,-1.));
#17910 = DIRECTION('',(-0.,-1.,0.));
#17911 = FACE_BOUND('',#17912,.T.);
#17912 = EDGE_LOOP('',(#17913));
#17913 = ORIENTED_EDGE('',*,*,#17914,.T.);
#17914 = EDGE_CURVE('',#17915,#17915,#17917,.T.);
#17915 = VERTEX_POINT('',#17916);
#17916 = CARTESIAN_POINT('',(93.53,-95.21375,1.6));
#17917 = CIRCLE('',#17918,0.51);
#17918 = AXIS2_PLACEMENT_3D('',#17919,#17920,#17921);
#17919 = CARTESIAN_POINT('',(93.53,-94.70375,1.6));
#17920 = DIRECTION('',(-0.,0.,-1.));
#17921 = DIRECTION('',(-0.,-1.,0.));
#17922 = FACE_BOUND('',#17923,.T.);
#17923 = EDGE_LOOP('',(#17924));
#17924 = ORIENTED_EDGE('',*,*,#17925,.T.);
#17925 = EDGE_CURVE('',#17926,#17926,#17928,.T.);
#17926 = VERTEX_POINT('',#17927);
#17927 = CARTESIAN_POINT('',(96.53,-93.37875,1.6));
#17928 = CIRCLE('',#17929,0.635);
#17929 = AXIS2_PLACEMENT_3D('',#17930,#17931,#17932);
#17930 = CARTESIAN_POINT('',(96.53,-92.74375,1.6));
#17931 = DIRECTION('',(-0.,0.,-1.));
#17932 = DIRECTION('',(-0.,-1.,0.));
#17933 = FACE_BOUND('',#17934,.T.);
#17934 = EDGE_LOOP('',(#17935));
#17935 = ORIENTED_EDGE('',*,*,#17936,.T.);
#17936 = EDGE_CURVE('',#17937,#17937,#17939,.T.);
#17937 = VERTEX_POINT('',#17938);
#17938 = CARTESIAN_POINT('',(106.886249,-95.25375,1.6));
#17939 = CIRCLE('',#17940,0.51);
#17940 = AXIS2_PLACEMENT_3D('',#17941,#17942,#17943);
#17941 = CARTESIAN_POINT('',(106.886249,-94.74375,1.6));
#17942 = DIRECTION('',(-0.,0.,-1.));
#17943 = DIRECTION('',(2.78644210102E-14,-1.,-0.));
#17944 = FACE_BOUND('',#17945,.T.);
#17945 = EDGE_LOOP('',(#17946));
#17946 = ORIENTED_EDGE('',*,*,#17947,.T.);
#17947 = EDGE_CURVE('',#17948,#17948,#17950,.T.);
#17948 = VERTEX_POINT('',#17949);
#17949 = CARTESIAN_POINT('',(103.886249,-93.41875,1.6));
#17950 = CIRCLE('',#17951,0.635);
#17951 = AXIS2_PLACEMENT_3D('',#17952,#17953,#17954);
#17952 = CARTESIAN_POINT('',(103.886249,-92.78375,1.6));
#17953 = DIRECTION('',(-0.,0.,-1.));
#17954 = DIRECTION('',(2.23792987641E-14,-1.,-0.));
#17955 = FACE_BOUND('',#17956,.T.);
#17956 = EDGE_LOOP('',(#17957));
#17957 = ORIENTED_EDGE('',*,*,#17958,.T.);
#17958 = EDGE_CURVE('',#17959,#17959,#17961,.T.);
#17959 = VERTEX_POINT('',#17960);
#17960 = CARTESIAN_POINT('',(71.88,-85.33,1.6));
#17961 = CIRCLE('',#17962,0.89);
#17962 = AXIS2_PLACEMENT_3D('',#17963,#17964,#17965);
#17963 = CARTESIAN_POINT('',(71.88,-84.44,1.6));
#17964 = DIRECTION('',(-0.,0.,-1.));
#17965 = DIRECTION('',(-0.,-1.,0.));
#17966 = FACE_BOUND('',#17967,.T.);
#17967 = EDGE_LOOP('',(#17968));
#17968 = ORIENTED_EDGE('',*,*,#17969,.T.);
#17969 = EDGE_CURVE('',#17970,#17970,#17972,.T.);
#17970 = VERTEX_POINT('',#17971);
#17971 = CARTESIAN_POINT('',(75.06,-85.33,1.6));
#17972 = CIRCLE('',#17973,0.89);
#17973 = AXIS2_PLACEMENT_3D('',#17974,#17975,#17976);
#17974 = CARTESIAN_POINT('',(75.06,-84.44,1.6));
#17975 = DIRECTION('',(-0.,0.,-1.));
#17976 = DIRECTION('',(-0.,-1.,0.));
#17977 = FACE_BOUND('',#17978,.T.);
#17978 = EDGE_LOOP('',(#17979));
#17979 = ORIENTED_EDGE('',*,*,#17980,.T.);
#17980 = EDGE_CURVE('',#17981,#17981,#17983,.T.);
#17981 = VERTEX_POINT('',#17982);
#17982 = CARTESIAN_POINT('',(109.886249,-95.25375,1.6));
#17983 = CIRCLE('',#17984,0.51);
#17984 = AXIS2_PLACEMENT_3D('',#17985,#17986,#17987);
#17985 = CARTESIAN_POINT('',(109.886249,-94.74375,1.6));
#17986 = DIRECTION('',(-0.,0.,-1.));
#17987 = DIRECTION('',(2.78644210102E-14,-1.,-0.));
#17988 = FACE_BOUND('',#17989,.T.);
#17989 = EDGE_LOOP('',(#17990));
#17990 = ORIENTED_EDGE('',*,*,#17991,.T.);
#17991 = EDGE_CURVE('',#17992,#17992,#17994,.T.);
#17992 = VERTEX_POINT('',#17993);
#17993 = CARTESIAN_POINT('',(112.886249,-93.41875,1.6));
#17994 = CIRCLE('',#17995,0.635);
#17995 = AXIS2_PLACEMENT_3D('',#17996,#17997,#17998);
#17996 = CARTESIAN_POINT('',(112.886249,-92.78375,1.6));
#17997 = DIRECTION('',(-0.,0.,-1.));
#17998 = DIRECTION('',(2.23792987641E-14,-1.,-0.));
#17999 = FACE_BOUND('',#18000,.T.);
#18000 = EDGE_LOOP('',(#18001));
#18001 = ORIENTED_EDGE('',*,*,#18002,.T.);
#18002 = EDGE_CURVE('',#18003,#18003,#18005,.T.);
#18003 = VERTEX_POINT('',#18004);
#18004 = CARTESIAN_POINT('',(120.386249,-93.41875,1.6));
#18005 = CIRCLE('',#18006,0.635);
#18006 = AXIS2_PLACEMENT_3D('',#18007,#18008,#18009);
#18007 = CARTESIAN_POINT('',(120.386249,-92.78375,1.6));
#18008 = DIRECTION('',(-0.,0.,-1.));
#18009 = DIRECTION('',(2.23792987641E-14,-1.,-0.));
#18010 = FACE_BOUND('',#18011,.T.);
#18011 = EDGE_LOOP('',(#18012));
#18012 = ORIENTED_EDGE('',*,*,#18013,.T.);
#18013 = EDGE_CURVE('',#18014,#18014,#18016,.T.);
#18014 = VERTEX_POINT('',#18015);
#18015 = CARTESIAN_POINT('',(123.386249,-95.25375,1.6));
#18016 = CIRCLE('',#18017,0.51);
#18017 = AXIS2_PLACEMENT_3D('',#18018,#18019,#18020);
#18018 = CARTESIAN_POINT('',(123.386249,-94.74375,1.6));
#18019 = DIRECTION('',(-0.,0.,-1.));
#18020 = DIRECTION('',(2.78644210102E-14,-1.,-0.));
#18021 = FACE_BOUND('',#18022,.T.);
#18022 = EDGE_LOOP('',(#18023));
#18023 = ORIENTED_EDGE('',*,*,#18024,.T.);
#18024 = EDGE_CURVE('',#18025,#18025,#18027,.T.);
#18025 = VERTEX_POINT('',#18026);
#18026 = CARTESIAN_POINT('',(126.386249,-95.25375,1.6));
#18027 = CIRCLE('',#18028,0.51);
#18028 = AXIS2_PLACEMENT_3D('',#18029,#18030,#18031);
#18029 = CARTESIAN_POINT('',(126.386249,-94.74375,1.6));
#18030 = DIRECTION('',(-0.,0.,-1.));
#18031 = DIRECTION('',(2.78644210102E-14,-1.,-0.));
#18032 = FACE_BOUND('',#18033,.T.);
#18033 = EDGE_LOOP('',(#18034));
#18034 = ORIENTED_EDGE('',*,*,#18035,.T.);
#18035 = EDGE_CURVE('',#18036,#18036,#18038,.T.);
#18036 = VERTEX_POINT('',#18037);
#18037 = CARTESIAN_POINT('',(129.386249,-93.41875,1.6));
#18038 = CIRCLE('',#18039,0.635);
#18039 = AXIS2_PLACEMENT_3D('',#18040,#18041,#18042);
#18040 = CARTESIAN_POINT('',(129.386249,-92.78375,1.6));
#18041 = DIRECTION('',(-0.,0.,-1.));
#18042 = DIRECTION('',(-4.475859752819E-14,-1.,0.));
#18043 = FACE_BOUND('',#18044,.T.);
#18044 = EDGE_LOOP('',(#18045));
#18045 = ORIENTED_EDGE('',*,*,#18046,.T.);
#18046 = EDGE_CURVE('',#18047,#18047,#18049,.T.);
#18047 = VERTEX_POINT('',#18048);
#18048 = CARTESIAN_POINT('',(136.416249,-93.45875,1.6));
#18049 = CIRCLE('',#18050,0.635);
#18050 = AXIS2_PLACEMENT_3D('',#18051,#18052,#18053);
#18051 = CARTESIAN_POINT('',(136.416249,-92.82375,1.6));
#18052 = DIRECTION('',(-0.,0.,-1.));
#18053 = DIRECTION('',(-0.,-1.,0.));
#18054 = FACE_BOUND('',#18055,.T.);
#18055 = EDGE_LOOP('',(#18056));
#18056 = ORIENTED_EDGE('',*,*,#18057,.T.);
#18057 = EDGE_CURVE('',#18058,#18058,#18060,.T.);
#18058 = VERTEX_POINT('',#18059);
#18059 = CARTESIAN_POINT('',(139.416249,-95.29375,1.6));
#18060 = CIRCLE('',#18061,0.51);
#18061 = AXIS2_PLACEMENT_3D('',#18062,#18063,#18064);
#18062 = CARTESIAN_POINT('',(139.416249,-94.78375,1.6));
#18063 = DIRECTION('',(-0.,0.,-1.));
#18064 = DIRECTION('',(-0.,-1.,0.));
#18065 = FACE_BOUND('',#18066,.T.);
#18066 = EDGE_LOOP('',(#18067));
#18067 = ORIENTED_EDGE('',*,*,#18068,.T.);
#18068 = EDGE_CURVE('',#18069,#18069,#18071,.T.);
#18069 = VERTEX_POINT('',#18070);
#18070 = CARTESIAN_POINT('',(142.416249,-95.29375,1.6));
#18071 = CIRCLE('',#18072,0.51);
#18072 = AXIS2_PLACEMENT_3D('',#18073,#18074,#18075);
#18073 = CARTESIAN_POINT('',(142.416249,-94.78375,1.6));
#18074 = DIRECTION('',(-0.,0.,-1.));
#18075 = DIRECTION('',(-0.,-1.,0.));
#18076 = FACE_BOUND('',#18077,.T.);
#18077 = EDGE_LOOP('',(#18078));
#18078 = ORIENTED_EDGE('',*,*,#18079,.T.);
#18079 = EDGE_CURVE('',#18080,#18080,#18082,.T.);
#18080 = VERTEX_POINT('',#18081);
#18081 = CARTESIAN_POINT('',(145.416249,-93.45875,1.6));
#18082 = CIRCLE('',#18083,0.635);
#18083 = AXIS2_PLACEMENT_3D('',#18084,#18085,#18086);
#18084 = CARTESIAN_POINT('',(145.416249,-92.82375,1.6));
#18085 = DIRECTION('',(-0.,0.,-1.));
#18086 = DIRECTION('',(-0.,-1.,0.));
#18087 = FACE_BOUND('',#18088,.T.);
#18088 = EDGE_LOOP('',(#18089));
#18089 = ORIENTED_EDGE('',*,*,#18090,.T.);
#18090 = EDGE_CURVE('',#18091,#18091,#18093,.T.);
#18091 = VERTEX_POINT('',#18092);
#18092 = CARTESIAN_POINT('',(155.591249,-95.22875,1.6));
#18093 = CIRCLE('',#18094,0.51);
#18094 = AXIS2_PLACEMENT_3D('',#18095,#18096,#18097);
#18095 = CARTESIAN_POINT('',(155.591249,-94.71875,1.6));
#18096 = DIRECTION('',(-0.,0.,-1.));
#18097 = DIRECTION('',(-0.,-1.,0.));
#18098 = FACE_BOUND('',#18099,.T.);
#18099 = EDGE_LOOP('',(#18100));
#18100 = ORIENTED_EDGE('',*,*,#18101,.T.);
#18101 = EDGE_CURVE('',#18102,#18102,#18104,.T.);
#18102 = VERTEX_POINT('',#18103);
#18103 = CARTESIAN_POINT('',(152.591249,-93.39375,1.6));
#18104 = CIRCLE('',#18105,0.635);
#18105 = AXIS2_PLACEMENT_3D('',#18106,#18107,#18108);
#18106 = CARTESIAN_POINT('',(152.591249,-92.75875,1.6));
#18107 = DIRECTION('',(-0.,0.,-1.));
#18108 = DIRECTION('',(-0.,-1.,0.));
#18109 = FACE_BOUND('',#18110,.T.);
#18110 = EDGE_LOOP('',(#18111));
#18111 = ORIENTED_EDGE('',*,*,#18112,.F.);
#18112 = EDGE_CURVE('',#18113,#18113,#18115,.T.);
#18113 = VERTEX_POINT('',#18114);
#18114 = CARTESIAN_POINT('',(65.6,-62.,1.6));
#18115 = CIRCLE('',#18116,1.6);
#18116 = AXIS2_PLACEMENT_3D('',#18117,#18118,#18119);
#18117 = CARTESIAN_POINT('',(64.,-62.,1.6));
#18118 = DIRECTION('',(0.,0.,1.));
#18119 = DIRECTION('',(1.,0.,-0.));
#18120 = FACE_BOUND('',#18121,.T.);
#18121 = EDGE_LOOP('',(#18122));
#18122 = ORIENTED_EDGE('',*,*,#18123,.T.);
#18123 = EDGE_CURVE('',#18124,#18124,#18126,.T.);
#18124 = VERTEX_POINT('',#18125);
#18125 = CARTESIAN_POINT('',(158.591249,-95.22875,1.6));
#18126 = CIRCLE('',#18127,0.51);
#18127 = AXIS2_PLACEMENT_3D('',#18128,#18129,#18130);
#18128 = CARTESIAN_POINT('',(158.591249,-94.71875,1.6));
#18129 = DIRECTION('',(-0.,0.,-1.));
#18130 = DIRECTION('',(-0.,-1.,0.));
#18131 = FACE_BOUND('',#18132,.T.);
#18132 = EDGE_LOOP('',(#18133));
#18133 = ORIENTED_EDGE('',*,*,#18134,.T.);
#18134 = EDGE_CURVE('',#18135,#18135,#18137,.T.);
#18135 = VERTEX_POINT('',#18136);
#18136 = CARTESIAN_POINT('',(161.591249,-93.39375,1.6));
#18137 = CIRCLE('',#18138,0.635);
#18138 = AXIS2_PLACEMENT_3D('',#18139,#18140,#18141);
#18139 = CARTESIAN_POINT('',(161.591249,-92.75875,1.6));
#18140 = DIRECTION('',(-0.,0.,-1.));
#18141 = DIRECTION('',(-0.,-1.,0.));
#18142 = FACE_BOUND('',#18143,.T.);
#18143 = EDGE_LOOP('',(#18144));
#18144 = ORIENTED_EDGE('',*,*,#18145,.T.);
#18145 = EDGE_CURVE('',#18146,#18146,#18148,.T.);
#18146 = VERTEX_POINT('',#18147);
#18147 = CARTESIAN_POINT('',(171.591249,-95.22875,1.6));
#18148 = CIRCLE('',#18149,0.51);
#18149 = AXIS2_PLACEMENT_3D('',#18150,#18151,#18152);
#18150 = CARTESIAN_POINT('',(171.591249,-94.71875,1.6));
#18151 = DIRECTION('',(-0.,0.,-1.));
#18152 = DIRECTION('',(-0.,-1.,0.));
#18153 = FACE_BOUND('',#18154,.T.);
#18154 = EDGE_LOOP('',(#18155));
#18155 = ORIENTED_EDGE('',*,*,#18156,.T.);
#18156 = EDGE_CURVE('',#18157,#18157,#18159,.T.);
#18157 = VERTEX_POINT('',#18158);
#18158 = CARTESIAN_POINT('',(168.591249,-93.39375,1.6));
#18159 = CIRCLE('',#18160,0.635);
#18160 = AXIS2_PLACEMENT_3D('',#18161,#18162,#18163);
#18161 = CARTESIAN_POINT('',(168.591249,-92.75875,1.6));
#18162 = DIRECTION('',(-0.,0.,-1.));
#18163 = DIRECTION('',(-0.,-1.,0.));
#18164 = FACE_BOUND('',#18165,.T.);
#18165 = EDGE_LOOP('',(#18166));
#18166 = ORIENTED_EDGE('',*,*,#18167,.T.);
#18167 = EDGE_CURVE('',#18168,#18168,#18170,.T.);
#18168 = VERTEX_POINT('',#18169);
#18169 = CARTESIAN_POINT('',(174.591249,-95.22875,1.6));
#18170 = CIRCLE('',#18171,0.51);
#18171 = AXIS2_PLACEMENT_3D('',#18172,#18173,#18174);
#18172 = CARTESIAN_POINT('',(174.591249,-94.71875,1.6));
#18173 = DIRECTION('',(-0.,0.,-1.));
#18174 = DIRECTION('',(-0.,-1.,0.));
#18175 = FACE_BOUND('',#18176,.T.);
#18176 = EDGE_LOOP('',(#18177));
#18177 = ORIENTED_EDGE('',*,*,#18178,.T.);
#18178 = EDGE_CURVE('',#18179,#18179,#18181,.T.);
#18179 = VERTEX_POINT('',#18180);
#18180 = CARTESIAN_POINT('',(177.591249,-93.39375,1.6));
#18181 = CIRCLE('',#18182,0.635);
#18182 = AXIS2_PLACEMENT_3D('',#18183,#18184,#18185);
#18183 = CARTESIAN_POINT('',(177.591249,-92.75875,1.6));
#18184 = DIRECTION('',(-0.,0.,-1.));
#18185 = DIRECTION('',(-0.,-1.,0.));
#18186 = FACE_BOUND('',#18187,.T.);
#18187 = EDGE_LOOP('',(#18188));
#18188 = ORIENTED_EDGE('',*,*,#18189,.T.);
#18189 = EDGE_CURVE('',#18190,#18190,#18192,.T.);
#18190 = VERTEX_POINT('',#18191);
#18191 = CARTESIAN_POINT('',(184.856249,-93.45875,1.6));
#18192 = CIRCLE('',#18193,0.635);
#18193 = AXIS2_PLACEMENT_3D('',#18194,#18195,#18196);
#18194 = CARTESIAN_POINT('',(184.856249,-92.82375,1.6));
#18195 = DIRECTION('',(-0.,0.,-1.));
#18196 = DIRECTION('',(-0.,-1.,0.));
#18197 = FACE_BOUND('',#18198,.T.);
#18198 = EDGE_LOOP('',(#18199));
#18199 = ORIENTED_EDGE('',*,*,#18200,.T.);
#18200 = EDGE_CURVE('',#18201,#18201,#18203,.T.);
#18201 = VERTEX_POINT('',#18202);
#18202 = CARTESIAN_POINT('',(187.856249,-95.29375,1.6));
#18203 = CIRCLE('',#18204,0.51);
#18204 = AXIS2_PLACEMENT_3D('',#18205,#18206,#18207);
#18205 = CARTESIAN_POINT('',(187.856249,-94.78375,1.6));
#18206 = DIRECTION('',(-0.,0.,-1.));
#18207 = DIRECTION('',(-0.,-1.,0.));
#18208 = FACE_BOUND('',#18209,.T.);
#18209 = EDGE_LOOP('',(#18210));
#18210 = ORIENTED_EDGE('',*,*,#18211,.T.);
#18211 = EDGE_CURVE('',#18212,#18212,#18214,.T.);
#18212 = VERTEX_POINT('',#18213);
#18213 = CARTESIAN_POINT('',(190.856249,-95.29375,1.6));
#18214 = CIRCLE('',#18215,0.51);
#18215 = AXIS2_PLACEMENT_3D('',#18216,#18217,#18218);
#18216 = CARTESIAN_POINT('',(190.856249,-94.78375,1.6));
#18217 = DIRECTION('',(-0.,0.,-1.));
#18218 = DIRECTION('',(-0.,-1.,0.));
#18219 = FACE_BOUND('',#18220,.T.);
#18220 = EDGE_LOOP('',(#18221));
#18221 = ORIENTED_EDGE('',*,*,#18222,.T.);
#18222 = EDGE_CURVE('',#18223,#18223,#18225,.T.);
#18223 = VERTEX_POINT('',#18224);
#18224 = CARTESIAN_POINT('',(193.856249,-93.45875,1.6));
#18225 = CIRCLE('',#18226,0.635);
#18226 = AXIS2_PLACEMENT_3D('',#18227,#18228,#18229);
#18227 = CARTESIAN_POINT('',(193.856249,-92.82375,1.6));
#18228 = DIRECTION('',(-0.,0.,-1.));
#18229 = DIRECTION('',(-0.,-1.,0.));
#18230 = FACE_BOUND('',#18231,.T.);
#18231 = EDGE_LOOP('',(#18232));
#18232 = ORIENTED_EDGE('',*,*,#18233,.T.);
#18233 = EDGE_CURVE('',#18234,#18234,#18236,.T.);
#18234 = VERTEX_POINT('',#18235);
#18235 = CARTESIAN_POINT('',(217.56,-93.565,1.6));
#18236 = CIRCLE('',#18237,0.635);
#18237 = AXIS2_PLACEMENT_3D('',#18238,#18239,#18240);
#18238 = CARTESIAN_POINT('',(217.56,-92.93,1.6));
#18239 = DIRECTION('',(-0.,0.,-1.));
#18240 = DIRECTION('',(-0.,-1.,0.));
#18241 = FACE_BOUND('',#18242,.T.);
#18242 = EDGE_LOOP('',(#18243));
#18243 = ORIENTED_EDGE('',*,*,#18244,.T.);
#18244 = EDGE_CURVE('',#18245,#18245,#18247,.T.);
#18245 = VERTEX_POINT('',#18246);
#18246 = CARTESIAN_POINT('',(220.56,-95.4,1.6));
#18247 = CIRCLE('',#18248,0.51);
#18248 = AXIS2_PLACEMENT_3D('',#18249,#18250,#18251);
#18249 = CARTESIAN_POINT('',(220.56,-94.89,1.6));
#18250 = DIRECTION('',(-0.,0.,-1.));
#18251 = DIRECTION('',(-0.,-1.,0.));
#18252 = FACE_BOUND('',#18253,.T.);
#18253 = EDGE_LOOP('',(#18254));
#18254 = ORIENTED_EDGE('',*,*,#18255,.T.);
#18255 = EDGE_CURVE('',#18256,#18256,#18258,.T.);
#18256 = VERTEX_POINT('',#18257);
#18257 = CARTESIAN_POINT('',(223.56,-95.4,1.6));
#18258 = CIRCLE('',#18259,0.51);
#18259 = AXIS2_PLACEMENT_3D('',#18260,#18261,#18262);
#18260 = CARTESIAN_POINT('',(223.56,-94.89,1.6));
#18261 = DIRECTION('',(-0.,0.,-1.));
#18262 = DIRECTION('',(-0.,-1.,0.));
#18263 = FACE_BOUND('',#18264,.T.);
#18264 = EDGE_LOOP('',(#18265));
#18265 = ORIENTED_EDGE('',*,*,#18266,.T.);
#18266 = EDGE_CURVE('',#18267,#18267,#18269,.T.);
#18267 = VERTEX_POINT('',#18268);
#18268 = CARTESIAN_POINT('',(226.56,-93.565,1.6));
#18269 = CIRCLE('',#18270,0.635);
#18270 = AXIS2_PLACEMENT_3D('',#18271,#18272,#18273);
#18271 = CARTESIAN_POINT('',(226.56,-92.93,1.6));
#18272 = DIRECTION('',(-0.,0.,-1.));
#18273 = DIRECTION('',(-0.,-1.,0.));
#18274 = FACE_BOUND('',#18275,.T.);
#18275 = EDGE_LOOP('',(#18276));
#18276 = ORIENTED_EDGE('',*,*,#18277,.T.);
#18277 = EDGE_CURVE('',#18278,#18278,#18280,.T.);
#18278 = VERTEX_POINT('',#18279);
#18279 = CARTESIAN_POINT('',(237.082262,-95.4,1.6));
#18280 = CIRCLE('',#18281,0.51);
#18281 = AXIS2_PLACEMENT_3D('',#18282,#18283,#18284);
#18282 = CARTESIAN_POINT('',(237.082262,-94.89,1.6));
#18283 = DIRECTION('',(-0.,0.,-1.));
#18284 = DIRECTION('',(-5.57288420204E-14,-1.,0.));
#18285 = FACE_BOUND('',#18286,.T.);
#18286 = EDGE_LOOP('',(#18287));
#18287 = ORIENTED_EDGE('',*,*,#18288,.T.);
#18288 = EDGE_CURVE('',#18289,#18289,#18291,.T.);
#18289 = VERTEX_POINT('',#18290);
#18290 = CARTESIAN_POINT('',(234.082262,-93.565,1.6));
#18291 = CIRCLE('',#18292,0.635);
#18292 = AXIS2_PLACEMENT_3D('',#18293,#18294,#18295);
#18293 = CARTESIAN_POINT('',(234.082262,-92.93,1.6));
#18294 = DIRECTION('',(-0.,0.,-1.));
#18295 = DIRECTION('',(-4.475859752819E-14,-1.,0.));
#18296 = FACE_BOUND('',#18297,.T.);
#18297 = EDGE_LOOP('',(#18298));
#18298 = ORIENTED_EDGE('',*,*,#18299,.T.);
#18299 = EDGE_CURVE('',#18300,#18300,#18302,.T.);
#18300 = VERTEX_POINT('',#18301);
#18301 = CARTESIAN_POINT('',(240.082262,-95.4,1.6));
#18302 = CIRCLE('',#18303,0.51);
#18303 = AXIS2_PLACEMENT_3D('',#18304,#18305,#18306);
#18304 = CARTESIAN_POINT('',(240.082262,-94.89,1.6));
#18305 = DIRECTION('',(-0.,0.,-1.));
#18306 = DIRECTION('',(-5.57288420204E-14,-1.,0.));
#18307 = FACE_BOUND('',#18308,.T.);
#18308 = EDGE_LOOP('',(#18309));
#18309 = ORIENTED_EDGE('',*,*,#18310,.T.);
#18310 = EDGE_CURVE('',#18311,#18311,#18313,.T.);
#18311 = VERTEX_POINT('',#18312);
#18312 = CARTESIAN_POINT('',(243.082262,-93.565,1.6));
#18313 = CIRCLE('',#18314,0.635);
#18314 = AXIS2_PLACEMENT_3D('',#18315,#18316,#18317);
#18315 = CARTESIAN_POINT('',(243.082262,-92.93,1.6));
#18316 = DIRECTION('',(-0.,0.,-1.));
#18317 = DIRECTION('',(-4.475859752819E-14,-1.,0.));
#18318 = FACE_BOUND('',#18319,.T.);
#18319 = EDGE_LOOP('',(#18320));
#18320 = ORIENTED_EDGE('',*,*,#18321,.F.);
#18321 = EDGE_CURVE('',#18322,#18322,#18324,.T.);
#18322 = VERTEX_POINT('',#18323);
#18323 = CARTESIAN_POINT('',(249.6,-62.,1.6));
#18324 = CIRCLE('',#18325,1.6);
#18325 = AXIS2_PLACEMENT_3D('',#18326,#18327,#18328);
#18326 = CARTESIAN_POINT('',(248.,-62.,1.6));
#18327 = DIRECTION('',(0.,0.,1.));
#18328 = DIRECTION('',(1.,0.,-0.));
#18329 = PLANE('',#18330);
#18330 = AXIS2_PLACEMENT_3D('',#18331,#18332,#18333);
#18331 = CARTESIAN_POINT('',(0.,0.,1.6));
#18332 = DIRECTION('',(0.,0.,1.));
#18333 = DIRECTION('',(1.,0.,-0.));
#18334 = ADVANCED_FACE('',(#18335),#18346,.T.);
#18335 = FACE_BOUND('',#18336,.T.);
#18336 = EDGE_LOOP('',(#18337,#18343,#18344,#18345));
#18337 = ORIENTED_EDGE('',*,*,#18338,.T.);
#18338 = EDGE_CURVE('',#16301,#17321,#18339,.T.);
#18339 = LINE('',#18340,#18341);
#18340 = CARTESIAN_POINT('',(60.1,-61.1,0.));
#18341 = VECTOR('',#18342,1.);
#18342 = DIRECTION('',(0.,0.,1.));
#18343 = ORIENTED_EDGE('',*,*,#17320,.T.);
#18344 = ORIENTED_EDGE('',*,*,#16236,.F.);
#18345 = ORIENTED_EDGE('',*,*,#16300,.F.);
#18346 = CYLINDRICAL_SURFACE('',#18347,3.000001172987);
#18347 = AXIS2_PLACEMENT_3D('',#18348,#18349,#18350);
#18348 = CARTESIAN_POINT('',(63.100001172987,-61.10000117298,0.));
#18349 = DIRECTION('',(0.,0.,-1.));
#18350 = DIRECTION('',(-1.,3.909953568695E-07,0.));
#18351 = ADVANCED_FACE('',(#18352),#18363,.T.);
#18352 = FACE_BOUND('',#18353,.T.);
#18353 = EDGE_LOOP('',(#18354,#18355,#18356,#18362));
#18354 = ORIENTED_EDGE('',*,*,#16276,.T.);
#18355 = ORIENTED_EDGE('',*,*,#17354,.T.);
#18356 = ORIENTED_EDGE('',*,*,#18357,.F.);
#18357 = EDGE_CURVE('',#16327,#17347,#18358,.T.);
#18358 = LINE('',#18359,#18360);
#18359 = CARTESIAN_POINT('',(249.,-142.,0.));
#18360 = VECTOR('',#18361,1.);
#18361 = DIRECTION('',(0.,0.,1.));
#18362 = ORIENTED_EDGE('',*,*,#16334,.F.);
#18363 = CYLINDRICAL_SURFACE('',#18364,3.000001172987);
#18364 = AXIS2_PLACEMENT_3D('',#18365,#18366,#18367);
#18365 = CARTESIAN_POINT('',(248.99999882701,-138.999998827,0.));
#18366 = DIRECTION('',(0.,0.,-1.));
#18367 = DIRECTION('',(1.,-3.909953710804E-07,0.));
#18368 = ADVANCED_FACE('',(#18369),#18380,.T.);
#18369 = FACE_BOUND('',#18370,.T.);
#18370 = EDGE_LOOP('',(#18371,#18377,#18378,#18379));
#18371 = ORIENTED_EDGE('',*,*,#18372,.T.);
#18372 = EDGE_CURVE('',#16310,#17330,#18373,.T.);
#18373 = LINE('',#18374,#18375);
#18374 = CARTESIAN_POINT('',(60.1,-139.,0.));
#18375 = VECTOR('',#18376,1.);
#18376 = DIRECTION('',(0.,0.,1.));
#18377 = ORIENTED_EDGE('',*,*,#17329,.T.);
#18378 = ORIENTED_EDGE('',*,*,#18338,.F.);
#18379 = ORIENTED_EDGE('',*,*,#16309,.F.);
#18380 = PLANE('',#18381);
#18381 = AXIS2_PLACEMENT_3D('',#18382,#18383,#18384);
#18382 = CARTESIAN_POINT('',(60.1,-139.,0.));
#18383 = DIRECTION('',(-1.,0.,0.));
#18384 = DIRECTION('',(0.,1.,0.));
#18385 = ADVANCED_FACE('',(#18386),#18397,.T.);
#18386 = FACE_BOUND('',#18387,.T.);
#18387 = EDGE_LOOP('',(#18388,#18389,#18390,#18396));
#18388 = ORIENTED_EDGE('',*,*,#18357,.T.);
#18389 = ORIENTED_EDGE('',*,*,#17346,.T.);
#18390 = ORIENTED_EDGE('',*,*,#18391,.F.);
#18391 = EDGE_CURVE('',#16318,#17338,#18392,.T.);
#18392 = LINE('',#18393,#18394);
#18393 = CARTESIAN_POINT('',(63.1,-142.,0.));
#18394 = VECTOR('',#18395,1.);
#18395 = DIRECTION('',(0.,0.,1.));
#18396 = ORIENTED_EDGE('',*,*,#16326,.F.);
#18397 = PLANE('',#18398);
#18398 = AXIS2_PLACEMENT_3D('',#18399,#18400,#18401);
#18399 = CARTESIAN_POINT('',(249.,-142.,0.));
#18400 = DIRECTION('',(0.,-1.,0.));
#18401 = DIRECTION('',(-1.,0.,0.));
#18402 = ADVANCED_FACE('',(#18403),#18409,.T.);
#18403 = FACE_BOUND('',#18404,.T.);
#18404 = EDGE_LOOP('',(#18405,#18406,#18407,#18408));
#18405 = ORIENTED_EDGE('',*,*,#18391,.T.);
#18406 = ORIENTED_EDGE('',*,*,#17337,.T.);
#18407 = ORIENTED_EDGE('',*,*,#18372,.F.);
#18408 = ORIENTED_EDGE('',*,*,#16317,.F.);
#18409 = CYLINDRICAL_SURFACE('',#18410,3.000001172987);
#18410 = AXIS2_PLACEMENT_3D('',#18411,#18412,#18413);
#18411 = CARTESIAN_POINT('',(63.100001172987,-138.999998827,0.));
#18412 = DIRECTION('',(0.,0.,-1.));
#18413 = DIRECTION('',(-3.90995359238E-07,-1.,-0.));
#18414 = ADVANCED_FACE('',(#18415),#18426,.F.);
#18415 = FACE_BOUND('',#18416,.T.);
#18416 = EDGE_LOOP('',(#18417,#18423,#18424,#18425));
#18417 = ORIENTED_EDGE('',*,*,#18418,.T.);
#18418 = EDGE_CURVE('',#16345,#17365,#18419,.T.);
#18419 = LINE('',#18420,#18421);
#18420 = CARTESIAN_POINT('',(65.6,-138.,0.));
#18421 = VECTOR('',#18422,1.);
#18422 = DIRECTION('',(0.,0.,1.));
#18423 = ORIENTED_EDGE('',*,*,#17364,.T.);
#18424 = ORIENTED_EDGE('',*,*,#18418,.F.);
#18425 = ORIENTED_EDGE('',*,*,#16344,.F.);
#18426 = CYLINDRICAL_SURFACE('',#18427,1.6);
#18427 = AXIS2_PLACEMENT_3D('',#18428,#18429,#18430);
#18428 = CARTESIAN_POINT('',(64.,-138.,0.));
#18429 = DIRECTION('',(-0.,-0.,-1.));
#18430 = DIRECTION('',(1.,0.,-0.));
#18431 = ADVANCED_FACE('',(#18432),#18443,.F.);
#18432 = FACE_BOUND('',#18433,.T.);
#18433 = EDGE_LOOP('',(#18434,#18435,#18441,#18442));
#18434 = ORIENTED_EDGE('',*,*,#16355,.T.);
#18435 = ORIENTED_EDGE('',*,*,#18436,.T.);
#18436 = EDGE_CURVE('',#16356,#17376,#18437,.T.);
#18437 = LINE('',#18438,#18439);
#18438 = CARTESIAN_POINT('',(71.88,-115.82,-4.5E-02));
#18439 = VECTOR('',#18440,1.);
#18440 = DIRECTION('',(0.,0.,1.));
#18441 = ORIENTED_EDGE('',*,*,#17375,.F.);
#18442 = ORIENTED_EDGE('',*,*,#18436,.F.);
#18443 = CYLINDRICAL_SURFACE('',#18444,0.89);
#18444 = AXIS2_PLACEMENT_3D('',#18445,#18446,#18447);
#18445 = CARTESIAN_POINT('',(71.88,-114.93,-4.5E-02));
#18446 = DIRECTION('',(-0.,-0.,-1.));
#18447 = DIRECTION('',(-0.,-1.,0.));
#18448 = ADVANCED_FACE('',(#18449),#18460,.F.);
#18449 = FACE_BOUND('',#18450,.T.);
#18450 = EDGE_LOOP('',(#18451,#18452,#18458,#18459));
#18451 = ORIENTED_EDGE('',*,*,#16366,.T.);
#18452 = ORIENTED_EDGE('',*,*,#18453,.T.);
#18453 = EDGE_CURVE('',#16367,#17387,#18454,.T.);
#18454 = LINE('',#18455,#18456);
#18455 = CARTESIAN_POINT('',(75.06,-115.82,-4.5E-02));
#18456 = VECTOR('',#18457,1.);
#18457 = DIRECTION('',(0.,0.,1.));
#18458 = ORIENTED_EDGE('',*,*,#17386,.F.);
#18459 = ORIENTED_EDGE('',*,*,#18453,.F.);
#18460 = CYLINDRICAL_SURFACE('',#18461,0.89);
#18461 = AXIS2_PLACEMENT_3D('',#18462,#18463,#18464);
#18462 = CARTESIAN_POINT('',(75.06,-114.93,-4.5E-02));
#18463 = DIRECTION('',(-0.,-0.,-1.));
#18464 = DIRECTION('',(-0.,-1.,0.));
#18465 = ADVANCED_FACE('',(#18466),#18477,.F.);
#18466 = FACE_BOUND('',#18467,.T.);
#18467 = EDGE_LOOP('',(#18468,#18469,#18475,#18476));
#18468 = ORIENTED_EDGE('',*,*,#16377,.T.);
#18469 = ORIENTED_EDGE('',*,*,#18470,.T.);
#18470 = EDGE_CURVE('',#16378,#17398,#18471,.T.);
#18471 = LINE('',#18472,#18473);
#18472 = CARTESIAN_POINT('',(71.88,-108.33,-4.5E-02));
#18473 = VECTOR('',#18474,1.);
#18474 = DIRECTION('',(0.,0.,1.));
#18475 = ORIENTED_EDGE('',*,*,#17397,.F.);
#18476 = ORIENTED_EDGE('',*,*,#18470,.F.);
#18477 = CYLINDRICAL_SURFACE('',#18478,0.89);
#18478 = AXIS2_PLACEMENT_3D('',#18479,#18480,#18481);
#18479 = CARTESIAN_POINT('',(71.88,-107.44,-4.5E-02));
#18480 = DIRECTION('',(-0.,-0.,-1.));
#18481 = DIRECTION('',(-0.,-1.,0.));
#18482 = ADVANCED_FACE('',(#18483),#18494,.F.);
#18483 = FACE_BOUND('',#18484,.T.);
#18484 = EDGE_LOOP('',(#18485,#18486,#18492,#18493));
#18485 = ORIENTED_EDGE('',*,*,#16388,.T.);
#18486 = ORIENTED_EDGE('',*,*,#18487,.T.);
#18487 = EDGE_CURVE('',#16389,#17409,#18488,.T.);
#18488 = LINE('',#18489,#18490);
#18489 = CARTESIAN_POINT('',(75.06,-108.33,-4.5E-02));
#18490 = VECTOR('',#18491,1.);
#18491 = DIRECTION('',(0.,0.,1.));
#18492 = ORIENTED_EDGE('',*,*,#17408,.F.);
#18493 = ORIENTED_EDGE('',*,*,#18487,.F.);
#18494 = CYLINDRICAL_SURFACE('',#18495,0.89);
#18495 = AXIS2_PLACEMENT_3D('',#18496,#18497,#18498);
#18496 = CARTESIAN_POINT('',(75.06,-107.44,-4.5E-02));
#18497 = DIRECTION('',(-0.,-0.,-1.));
#18498 = DIRECTION('',(-0.,-1.,0.));
#18499 = ADVANCED_FACE('',(#18500),#18511,.F.);
#18500 = FACE_BOUND('',#18501,.T.);
#18501 = EDGE_LOOP('',(#18502,#18503,#18509,#18510));
#18502 = ORIENTED_EDGE('',*,*,#16399,.T.);
#18503 = ORIENTED_EDGE('',*,*,#18504,.T.);
#18504 = EDGE_CURVE('',#16400,#17420,#18505,.T.);
#18505 = LINE('',#18506,#18507);
#18506 = CARTESIAN_POINT('',(87.56,-107.71375,-4.5E-02));
#18507 = VECTOR('',#18508,1.);
#18508 = DIRECTION('',(0.,0.,1.));
#18509 = ORIENTED_EDGE('',*,*,#17419,.F.);
#18510 = ORIENTED_EDGE('',*,*,#18504,.F.);
#18511 = CYLINDRICAL_SURFACE('',#18512,0.635);
#18512 = AXIS2_PLACEMENT_3D('',#18513,#18514,#18515);
#18513 = CARTESIAN_POINT('',(87.56,-107.07875,-4.5E-02));
#18514 = DIRECTION('',(-0.,-0.,-1.));
#18515 = DIRECTION('',(-0.,-1.,0.));
#18516 = ADVANCED_FACE('',(#18517),#18528,.F.);
#18517 = FACE_BOUND('',#18518,.T.);
#18518 = EDGE_LOOP('',(#18519,#18520,#18526,#18527));
#18519 = ORIENTED_EDGE('',*,*,#16410,.T.);
#18520 = ORIENTED_EDGE('',*,*,#18521,.T.);
#18521 = EDGE_CURVE('',#16411,#17431,#18522,.T.);
#18522 = LINE('',#18523,#18524);
#18523 = CARTESIAN_POINT('',(90.56,-105.62875,-4.5E-02));
#18524 = VECTOR('',#18525,1.);
#18525 = DIRECTION('',(0.,0.,1.));
#18526 = ORIENTED_EDGE('',*,*,#17430,.F.);
#18527 = ORIENTED_EDGE('',*,*,#18521,.F.);
#18528 = CYLINDRICAL_SURFACE('',#18529,0.51);
#18529 = AXIS2_PLACEMENT_3D('',#18530,#18531,#18532);
#18530 = CARTESIAN_POINT('',(90.56,-105.11875,-4.5E-02));
#18531 = DIRECTION('',(-0.,-0.,-1.));
#18532 = DIRECTION('',(-0.,-1.,0.));
#18533 = ADVANCED_FACE('',(#18534),#18545,.F.);
#18534 = FACE_BOUND('',#18535,.T.);
#18535 = EDGE_LOOP('',(#18536,#18537,#18543,#18544));
#18536 = ORIENTED_EDGE('',*,*,#16421,.T.);
#18537 = ORIENTED_EDGE('',*,*,#18538,.T.);
#18538 = EDGE_CURVE('',#16422,#17442,#18539,.T.);
#18539 = LINE('',#18540,#18541);
#18540 = CARTESIAN_POINT('',(96.56,-107.71375,-4.5E-02));
#18541 = VECTOR('',#18542,1.);
#18542 = DIRECTION('',(0.,0.,1.));
#18543 = ORIENTED_EDGE('',*,*,#17441,.F.);
#18544 = ORIENTED_EDGE('',*,*,#18538,.F.);
#18545 = CYLINDRICAL_SURFACE('',#18546,0.635);
#18546 = AXIS2_PLACEMENT_3D('',#18547,#18548,#18549);
#18547 = CARTESIAN_POINT('',(96.56,-107.07875,-4.5E-02));
#18548 = DIRECTION('',(-0.,-0.,-1.));
#18549 = DIRECTION('',(-0.,-1.,0.));
#18550 = ADVANCED_FACE('',(#18551),#18562,.F.);
#18551 = FACE_BOUND('',#18552,.T.);
#18552 = EDGE_LOOP('',(#18553,#18554,#18560,#18561));
#18553 = ORIENTED_EDGE('',*,*,#16432,.T.);
#18554 = ORIENTED_EDGE('',*,*,#18555,.T.);
#18555 = EDGE_CURVE('',#16433,#17453,#18556,.T.);
#18556 = LINE('',#18557,#18558);
#18557 = CARTESIAN_POINT('',(93.56,-105.62875,-4.5E-02));
#18558 = VECTOR('',#18559,1.);
#18559 = DIRECTION('',(0.,0.,1.));
#18560 = ORIENTED_EDGE('',*,*,#17452,.F.);
#18561 = ORIENTED_EDGE('',*,*,#18555,.F.);
#18562 = CYLINDRICAL_SURFACE('',#18563,0.51);
#18563 = AXIS2_PLACEMENT_3D('',#18564,#18565,#18566);
#18564 = CARTESIAN_POINT('',(93.56,-105.11875,-4.5E-02));
#18565 = DIRECTION('',(-0.,-0.,-1.));
#18566 = DIRECTION('',(-0.,-1.,0.));
#18567 = ADVANCED_FACE('',(#18568),#18579,.F.);
#18568 = FACE_BOUND('',#18569,.T.);
#18569 = EDGE_LOOP('',(#18570,#18571,#18577,#18578));
#18570 = ORIENTED_EDGE('',*,*,#16443,.T.);
#18571 = ORIENTED_EDGE('',*,*,#18572,.T.);
#18572 = EDGE_CURVE('',#16444,#17464,#18573,.T.);
#18573 = LINE('',#18574,#18575);
#18574 = CARTESIAN_POINT('',(103.88625,-107.71375,-4.5E-02));
#18575 = VECTOR('',#18576,1.);
#18576 = DIRECTION('',(0.,0.,1.));
#18577 = ORIENTED_EDGE('',*,*,#17463,.F.);
#18578 = ORIENTED_EDGE('',*,*,#18572,.F.);
#18579 = CYLINDRICAL_SURFACE('',#18580,0.635);
#18580 = AXIS2_PLACEMENT_3D('',#18581,#18582,#18583);
#18581 = CARTESIAN_POINT('',(103.88625,-107.07875,-4.5E-02));
#18582 = DIRECTION('',(-0.,0.,-1.));
#18583 = DIRECTION('',(2.23792987641E-14,-1.,-0.));
#18584 = ADVANCED_FACE('',(#18585),#18596,.F.);
#18585 = FACE_BOUND('',#18586,.T.);
#18586 = EDGE_LOOP('',(#18587,#18588,#18594,#18595));
#18587 = ORIENTED_EDGE('',*,*,#16454,.T.);
#18588 = ORIENTED_EDGE('',*,*,#18589,.T.);
#18589 = EDGE_CURVE('',#16455,#17475,#18590,.T.);
#18590 = LINE('',#18591,#18592);
#18591 = CARTESIAN_POINT('',(106.88625,-105.62875,-4.5E-02));
#18592 = VECTOR('',#18593,1.);
#18593 = DIRECTION('',(0.,0.,1.));
#18594 = ORIENTED_EDGE('',*,*,#17474,.F.);
#18595 = ORIENTED_EDGE('',*,*,#18589,.F.);
#18596 = CYLINDRICAL_SURFACE('',#18597,0.51);
#18597 = AXIS2_PLACEMENT_3D('',#18598,#18599,#18600);
#18598 = CARTESIAN_POINT('',(106.88625,-105.11875,-4.5E-02));
#18599 = DIRECTION('',(-0.,0.,-1.));
#18600 = DIRECTION('',(2.78644210102E-14,-1.,-0.));
#18601 = ADVANCED_FACE('',(#18602),#18613,.F.);
#18602 = FACE_BOUND('',#18603,.T.);
#18603 = EDGE_LOOP('',(#18604,#18605,#18611,#18612));
#18604 = ORIENTED_EDGE('',*,*,#16465,.T.);
#18605 = ORIENTED_EDGE('',*,*,#18606,.T.);
#18606 = EDGE_CURVE('',#16466,#17486,#18607,.T.);
#18607 = LINE('',#18608,#18609);
#18608 = CARTESIAN_POINT('',(112.88625,-107.71375,-4.5E-02));
#18609 = VECTOR('',#18610,1.);
#18610 = DIRECTION('',(0.,0.,1.));
#18611 = ORIENTED_EDGE('',*,*,#17485,.F.);
#18612 = ORIENTED_EDGE('',*,*,#18606,.F.);
#18613 = CYLINDRICAL_SURFACE('',#18614,0.635);
#18614 = AXIS2_PLACEMENT_3D('',#18615,#18616,#18617);
#18615 = CARTESIAN_POINT('',(112.88625,-107.07875,-4.5E-02));
#18616 = DIRECTION('',(-0.,0.,-1.));
#18617 = DIRECTION('',(2.23792987641E-14,-1.,-0.));
#18618 = ADVANCED_FACE('',(#18619),#18630,.F.);
#18619 = FACE_BOUND('',#18620,.T.);
#18620 = EDGE_LOOP('',(#18621,#18622,#18628,#18629));
#18621 = ORIENTED_EDGE('',*,*,#16476,.T.);
#18622 = ORIENTED_EDGE('',*,*,#18623,.T.);
#18623 = EDGE_CURVE('',#16477,#17497,#18624,.T.);
#18624 = LINE('',#18625,#18626);
#18625 = CARTESIAN_POINT('',(109.88625,-105.62875,-4.5E-02));
#18626 = VECTOR('',#18627,1.);
#18627 = DIRECTION('',(0.,0.,1.));
#18628 = ORIENTED_EDGE('',*,*,#17496,.F.);
#18629 = ORIENTED_EDGE('',*,*,#18623,.F.);
#18630 = CYLINDRICAL_SURFACE('',#18631,0.51);
#18631 = AXIS2_PLACEMENT_3D('',#18632,#18633,#18634);
#18632 = CARTESIAN_POINT('',(109.88625,-105.11875,-4.5E-02));
#18633 = DIRECTION('',(-0.,0.,-1.));
#18634 = DIRECTION('',(2.78644210102E-14,-1.,-0.));
#18635 = ADVANCED_FACE('',(#18636),#18647,.F.);
#18636 = FACE_BOUND('',#18637,.T.);
#18637 = EDGE_LOOP('',(#18638,#18639,#18645,#18646));
#18638 = ORIENTED_EDGE('',*,*,#16487,.T.);
#18639 = ORIENTED_EDGE('',*,*,#18640,.T.);
#18640 = EDGE_CURVE('',#16488,#17508,#18641,.T.);
#18641 = LINE('',#18642,#18643);
#18642 = CARTESIAN_POINT('',(120.416247,-107.71375,-4.5E-02));
#18643 = VECTOR('',#18644,1.);
#18644 = DIRECTION('',(0.,0.,1.));
#18645 = ORIENTED_EDGE('',*,*,#17507,.F.);
#18646 = ORIENTED_EDGE('',*,*,#18640,.F.);
#18647 = CYLINDRICAL_SURFACE('',#18648,0.635);
#18648 = AXIS2_PLACEMENT_3D('',#18649,#18650,#18651);
#18649 = CARTESIAN_POINT('',(120.416247,-107.07875,-4.5E-02));
#18650 = DIRECTION('',(-0.,-0.,-1.));
#18651 = DIRECTION('',(-0.,-1.,0.));
#18652 = ADVANCED_FACE('',(#18653),#18664,.F.);
#18653 = FACE_BOUND('',#18654,.T.);
#18654 = EDGE_LOOP('',(#18655,#18656,#18662,#18663));
#18655 = ORIENTED_EDGE('',*,*,#16498,.T.);
#18656 = ORIENTED_EDGE('',*,*,#18657,.T.);
#18657 = EDGE_CURVE('',#16499,#17519,#18658,.T.);
#18658 = LINE('',#18659,#18660);
#18659 = CARTESIAN_POINT('',(123.416247,-105.62875,-4.5E-02));
#18660 = VECTOR('',#18661,1.);
#18661 = DIRECTION('',(0.,0.,1.));
#18662 = ORIENTED_EDGE('',*,*,#17518,.F.);
#18663 = ORIENTED_EDGE('',*,*,#18657,.F.);
#18664 = CYLINDRICAL_SURFACE('',#18665,0.51);
#18665 = AXIS2_PLACEMENT_3D('',#18666,#18667,#18668);
#18666 = CARTESIAN_POINT('',(123.416247,-105.11875,-4.5E-02));
#18667 = DIRECTION('',(-0.,-0.,-1.));
#18668 = DIRECTION('',(-0.,-1.,0.));
#18669 = ADVANCED_FACE('',(#18670),#18681,.F.);
#18670 = FACE_BOUND('',#18671,.T.);
#18671 = EDGE_LOOP('',(#18672,#18673,#18679,#18680));
#18672 = ORIENTED_EDGE('',*,*,#16509,.T.);
#18673 = ORIENTED_EDGE('',*,*,#18674,.T.);
#18674 = EDGE_CURVE('',#16510,#17530,#18675,.T.);
#18675 = LINE('',#18676,#18677);
#18676 = CARTESIAN_POINT('',(126.416247,-105.62875,-4.5E-02));
#18677 = VECTOR('',#18678,1.);
#18678 = DIRECTION('',(0.,0.,1.));
#18679 = ORIENTED_EDGE('',*,*,#17529,.F.);
#18680 = ORIENTED_EDGE('',*,*,#18674,.F.);
#18681 = CYLINDRICAL_SURFACE('',#18682,0.51);
#18682 = AXIS2_PLACEMENT_3D('',#18683,#18684,#18685);
#18683 = CARTESIAN_POINT('',(126.416247,-105.11875,-4.5E-02));
#18684 = DIRECTION('',(-0.,-0.,-1.));
#18685 = DIRECTION('',(-0.,-1.,0.));
#18686 = ADVANCED_FACE('',(#18687),#18698,.F.);
#18687 = FACE_BOUND('',#18688,.T.);
#18688 = EDGE_LOOP('',(#18689,#18690,#18696,#18697));
#18689 = ORIENTED_EDGE('',*,*,#16520,.T.);
#18690 = ORIENTED_EDGE('',*,*,#18691,.T.);
#18691 = EDGE_CURVE('',#16521,#17541,#18692,.T.);
#18692 = LINE('',#18693,#18694);
#18693 = CARTESIAN_POINT('',(129.416247,-107.71375,-4.5E-02));
#18694 = VECTOR('',#18695,1.);
#18695 = DIRECTION('',(0.,0.,1.));
#18696 = ORIENTED_EDGE('',*,*,#17540,.F.);
#18697 = ORIENTED_EDGE('',*,*,#18691,.F.);
#18698 = CYLINDRICAL_SURFACE('',#18699,0.635);
#18699 = AXIS2_PLACEMENT_3D('',#18700,#18701,#18702);
#18700 = CARTESIAN_POINT('',(129.416247,-107.07875,-4.5E-02));
#18701 = DIRECTION('',(-0.,-0.,-1.));
#18702 = DIRECTION('',(-0.,-1.,0.));
#18703 = ADVANCED_FACE('',(#18704),#18715,.F.);
#18704 = FACE_BOUND('',#18705,.T.);
#18705 = EDGE_LOOP('',(#18706,#18707,#18713,#18714));
#18706 = ORIENTED_EDGE('',*,*,#16531,.T.);
#18707 = ORIENTED_EDGE('',*,*,#18708,.T.);
#18708 = EDGE_CURVE('',#16532,#17552,#18709,.T.);
#18709 = LINE('',#18710,#18711);
#18710 = CARTESIAN_POINT('',(136.416247,-107.71375,-4.5E-02));
#18711 = VECTOR('',#18712,1.);
#18712 = DIRECTION('',(0.,0.,1.));
#18713 = ORIENTED_EDGE('',*,*,#17551,.F.);
#18714 = ORIENTED_EDGE('',*,*,#18708,.F.);
#18715 = CYLINDRICAL_SURFACE('',#18716,0.635);
#18716 = AXIS2_PLACEMENT_3D('',#18717,#18718,#18719);
#18717 = CARTESIAN_POINT('',(136.416247,-107.07875,-4.5E-02));
#18718 = DIRECTION('',(-0.,-0.,-1.));
#18719 = DIRECTION('',(-0.,-1.,0.));
#18720 = ADVANCED_FACE('',(#18721),#18732,.F.);
#18721 = FACE_BOUND('',#18722,.T.);
#18722 = EDGE_LOOP('',(#18723,#18724,#18730,#18731));
#18723 = ORIENTED_EDGE('',*,*,#16542,.T.);
#18724 = ORIENTED_EDGE('',*,*,#18725,.T.);
#18725 = EDGE_CURVE('',#16543,#17563,#18726,.T.);
#18726 = LINE('',#18727,#18728);
#18727 = CARTESIAN_POINT('',(139.416247,-105.62875,-4.5E-02));
#18728 = VECTOR('',#18729,1.);
#18729 = DIRECTION('',(0.,0.,1.));
#18730 = ORIENTED_EDGE('',*,*,#17562,.F.);
#18731 = ORIENTED_EDGE('',*,*,#18725,.F.);
#18732 = CYLINDRICAL_SURFACE('',#18733,0.51);
#18733 = AXIS2_PLACEMENT_3D('',#18734,#18735,#18736);
#18734 = CARTESIAN_POINT('',(139.416247,-105.11875,-4.5E-02));
#18735 = DIRECTION('',(-0.,-0.,-1.));
#18736 = DIRECTION('',(-0.,-1.,0.));
#18737 = ADVANCED_FACE('',(#18738),#18749,.F.);
#18738 = FACE_BOUND('',#18739,.T.);
#18739 = EDGE_LOOP('',(#18740,#18741,#18747,#18748));
#18740 = ORIENTED_EDGE('',*,*,#16553,.T.);
#18741 = ORIENTED_EDGE('',*,*,#18742,.T.);
#18742 = EDGE_CURVE('',#16554,#17574,#18743,.T.);
#18743 = LINE('',#18744,#18745);
#18744 = CARTESIAN_POINT('',(142.416247,-105.62875,-4.5E-02));
#18745 = VECTOR('',#18746,1.);
#18746 = DIRECTION('',(0.,0.,1.));
#18747 = ORIENTED_EDGE('',*,*,#17573,.F.);
#18748 = ORIENTED_EDGE('',*,*,#18742,.F.);
#18749 = CYLINDRICAL_SURFACE('',#18750,0.51);
#18750 = AXIS2_PLACEMENT_3D('',#18751,#18752,#18753);
#18751 = CARTESIAN_POINT('',(142.416247,-105.11875,-4.5E-02));
#18752 = DIRECTION('',(-0.,-0.,-1.));
#18753 = DIRECTION('',(-0.,-1.,0.));
#18754 = ADVANCED_FACE('',(#18755),#18766,.F.);
#18755 = FACE_BOUND('',#18756,.T.);
#18756 = EDGE_LOOP('',(#18757,#18758,#18764,#18765));
#18757 = ORIENTED_EDGE('',*,*,#16564,.T.);
#18758 = ORIENTED_EDGE('',*,*,#18759,.T.);
#18759 = EDGE_CURVE('',#16565,#17585,#18760,.T.);
#18760 = LINE('',#18761,#18762);
#18761 = CARTESIAN_POINT('',(145.416247,-107.71375,-4.5E-02));
#18762 = VECTOR('',#18763,1.);
#18763 = DIRECTION('',(0.,0.,1.));
#18764 = ORIENTED_EDGE('',*,*,#17584,.F.);
#18765 = ORIENTED_EDGE('',*,*,#18759,.F.);
#18766 = CYLINDRICAL_SURFACE('',#18767,0.635);
#18767 = AXIS2_PLACEMENT_3D('',#18768,#18769,#18770);
#18768 = CARTESIAN_POINT('',(145.416247,-107.07875,-4.5E-02));
#18769 = DIRECTION('',(-0.,-0.,-1.));
#18770 = DIRECTION('',(-0.,-1.,0.));
#18771 = ADVANCED_FACE('',(#18772),#18783,.F.);
#18772 = FACE_BOUND('',#18773,.T.);
#18773 = EDGE_LOOP('',(#18774,#18775,#18781,#18782));
#18774 = ORIENTED_EDGE('',*,*,#16575,.T.);
#18775 = ORIENTED_EDGE('',*,*,#18776,.T.);
#18776 = EDGE_CURVE('',#16576,#17596,#18777,.T.);
#18777 = LINE('',#18778,#18779);
#18778 = CARTESIAN_POINT('',(152.416247,-107.71375,-4.5E-02));
#18779 = VECTOR('',#18780,1.);
#18780 = DIRECTION('',(0.,0.,1.));
#18781 = ORIENTED_EDGE('',*,*,#17595,.F.);
#18782 = ORIENTED_EDGE('',*,*,#18776,.F.);
#18783 = CYLINDRICAL_SURFACE('',#18784,0.635);
#18784 = AXIS2_PLACEMENT_3D('',#18785,#18786,#18787);
#18785 = CARTESIAN_POINT('',(152.416247,-107.07875,-4.5E-02));
#18786 = DIRECTION('',(-0.,-0.,-1.));
#18787 = DIRECTION('',(-0.,-1.,0.));
#18788 = ADVANCED_FACE('',(#18789),#18800,.F.);
#18789 = FACE_BOUND('',#18790,.T.);
#18790 = EDGE_LOOP('',(#18791,#18792,#18798,#18799));
#18791 = ORIENTED_EDGE('',*,*,#16586,.T.);
#18792 = ORIENTED_EDGE('',*,*,#18793,.T.);
#18793 = EDGE_CURVE('',#16587,#17607,#18794,.T.);
#18794 = LINE('',#18795,#18796);
#18795 = CARTESIAN_POINT('',(155.416247,-105.62875,-4.5E-02));
#18796 = VECTOR('',#18797,1.);
#18797 = DIRECTION('',(0.,0.,1.));
#18798 = ORIENTED_EDGE('',*,*,#17606,.F.);
#18799 = ORIENTED_EDGE('',*,*,#18793,.F.);
#18800 = CYLINDRICAL_SURFACE('',#18801,0.51);
#18801 = AXIS2_PLACEMENT_3D('',#18802,#18803,#18804);
#18802 = CARTESIAN_POINT('',(155.416247,-105.11875,-4.5E-02));
#18803 = DIRECTION('',(-0.,-0.,-1.));
#18804 = DIRECTION('',(-0.,-1.,0.));
#18805 = ADVANCED_FACE('',(#18806),#18817,.F.);
#18806 = FACE_BOUND('',#18807,.T.);
#18807 = EDGE_LOOP('',(#18808,#18814,#18815,#18816));
#18808 = ORIENTED_EDGE('',*,*,#18809,.T.);
#18809 = EDGE_CURVE('',#16598,#17618,#18810,.T.);
#18810 = LINE('',#18811,#18812);
#18811 = CARTESIAN_POINT('',(249.6,-138.,0.));
#18812 = VECTOR('',#18813,1.);
#18813 = DIRECTION('',(0.,0.,1.));
#18814 = ORIENTED_EDGE('',*,*,#17617,.T.);
#18815 = ORIENTED_EDGE('',*,*,#18809,.F.);
#18816 = ORIENTED_EDGE('',*,*,#16597,.F.);
#18817 = CYLINDRICAL_SURFACE('',#18818,1.6);
#18818 = AXIS2_PLACEMENT_3D('',#18819,#18820,#18821);
#18819 = CARTESIAN_POINT('',(248.,-138.,0.));
#18820 = DIRECTION('',(-0.,-0.,-1.));
#18821 = DIRECTION('',(1.,0.,-0.));
#18822 = ADVANCED_FACE('',(#18823),#18834,.F.);
#18823 = FACE_BOUND('',#18824,.T.);
#18824 = EDGE_LOOP('',(#18825,#18826,#18832,#18833));
#18825 = ORIENTED_EDGE('',*,*,#16608,.T.);
#18826 = ORIENTED_EDGE('',*,*,#18827,.T.);
#18827 = EDGE_CURVE('',#16609,#17629,#18828,.T.);
#18828 = LINE('',#18829,#18830);
#18829 = CARTESIAN_POINT('',(161.416247,-107.71375,-4.5E-02));
#18830 = VECTOR('',#18831,1.);
#18831 = DIRECTION('',(0.,0.,1.));
#18832 = ORIENTED_EDGE('',*,*,#17628,.F.);
#18833 = ORIENTED_EDGE('',*,*,#18827,.F.);
#18834 = CYLINDRICAL_SURFACE('',#18835,0.635);
#18835 = AXIS2_PLACEMENT_3D('',#18836,#18837,#18838);
#18836 = CARTESIAN_POINT('',(161.416247,-107.07875,-4.5E-02));
#18837 = DIRECTION('',(-0.,-0.,-1.));
#18838 = DIRECTION('',(-0.,-1.,0.));
#18839 = ADVANCED_FACE('',(#18840),#18851,.F.);
#18840 = FACE_BOUND('',#18841,.T.);
#18841 = EDGE_LOOP('',(#18842,#18843,#18849,#18850));
#18842 = ORIENTED_EDGE('',*,*,#16619,.T.);
#18843 = ORIENTED_EDGE('',*,*,#18844,.T.);
#18844 = EDGE_CURVE('',#16620,#17640,#18845,.T.);
#18845 = LINE('',#18846,#18847);
#18846 = CARTESIAN_POINT('',(158.416247,-105.62875,-4.5E-02));
#18847 = VECTOR('',#18848,1.);
#18848 = DIRECTION('',(0.,0.,1.));
#18849 = ORIENTED_EDGE('',*,*,#17639,.F.);
#18850 = ORIENTED_EDGE('',*,*,#18844,.F.);
#18851 = CYLINDRICAL_SURFACE('',#18852,0.51);
#18852 = AXIS2_PLACEMENT_3D('',#18853,#18854,#18855);
#18853 = CARTESIAN_POINT('',(158.416247,-105.11875,-4.5E-02));
#18854 = DIRECTION('',(-0.,-0.,-1.));
#18855 = DIRECTION('',(-0.,-1.,0.));
#18856 = ADVANCED_FACE('',(#18857),#18868,.F.);
#18857 = FACE_BOUND('',#18858,.T.);
#18858 = EDGE_LOOP('',(#18859,#18860,#18866,#18867));
#18859 = ORIENTED_EDGE('',*,*,#16630,.T.);
#18860 = ORIENTED_EDGE('',*,*,#18861,.T.);
#18861 = EDGE_CURVE('',#16631,#17651,#18862,.T.);
#18862 = LINE('',#18863,#18864);
#18863 = CARTESIAN_POINT('',(168.386249,-107.62875,-4.5E-02));
#18864 = VECTOR('',#18865,1.);
#18865 = DIRECTION('',(0.,0.,1.));
#18866 = ORIENTED_EDGE('',*,*,#17650,.F.);
#18867 = ORIENTED_EDGE('',*,*,#18861,.F.);
#18868 = CYLINDRICAL_SURFACE('',#18869,0.635);
#18869 = AXIS2_PLACEMENT_3D('',#18870,#18871,#18872);
#18870 = CARTESIAN_POINT('',(168.386249,-106.99375,-4.5E-02));
#18871 = DIRECTION('',(-0.,-0.,-1.));
#18872 = DIRECTION('',(-4.475859752819E-14,-1.,0.));
#18873 = ADVANCED_FACE('',(#18874),#18885,.F.);
#18874 = FACE_BOUND('',#18875,.T.);
#18875 = EDGE_LOOP('',(#18876,#18877,#18883,#18884));
#18876 = ORIENTED_EDGE('',*,*,#16641,.T.);
#18877 = ORIENTED_EDGE('',*,*,#18878,.T.);
#18878 = EDGE_CURVE('',#16642,#17662,#18879,.T.);
#18879 = LINE('',#18880,#18881);
#18880 = CARTESIAN_POINT('',(171.386249,-105.54375,-4.5E-02));
#18881 = VECTOR('',#18882,1.);
#18882 = DIRECTION('',(0.,0.,1.));
#18883 = ORIENTED_EDGE('',*,*,#17661,.F.);
#18884 = ORIENTED_EDGE('',*,*,#18878,.F.);
#18885 = CYLINDRICAL_SURFACE('',#18886,0.51);
#18886 = AXIS2_PLACEMENT_3D('',#18887,#18888,#18889);
#18887 = CARTESIAN_POINT('',(171.386249,-105.03375,-4.5E-02));
#18888 = DIRECTION('',(-0.,-0.,-1.));
#18889 = DIRECTION('',(-5.57288420204E-14,-1.,0.));
#18890 = ADVANCED_FACE('',(#18891),#18902,.F.);
#18891 = FACE_BOUND('',#18892,.T.);
#18892 = EDGE_LOOP('',(#18893,#18894,#18900,#18901));
#18893 = ORIENTED_EDGE('',*,*,#16652,.T.);
#18894 = ORIENTED_EDGE('',*,*,#18895,.T.);
#18895 = EDGE_CURVE('',#16653,#17673,#18896,.T.);
#18896 = LINE('',#18897,#18898);
#18897 = CARTESIAN_POINT('',(177.386249,-107.62875,-4.5E-02));
#18898 = VECTOR('',#18899,1.);
#18899 = DIRECTION('',(0.,0.,1.));
#18900 = ORIENTED_EDGE('',*,*,#17672,.F.);
#18901 = ORIENTED_EDGE('',*,*,#18895,.F.);
#18902 = CYLINDRICAL_SURFACE('',#18903,0.635);
#18903 = AXIS2_PLACEMENT_3D('',#18904,#18905,#18906);
#18904 = CARTESIAN_POINT('',(177.386249,-106.99375,-4.5E-02));
#18905 = DIRECTION('',(-0.,-0.,-1.));
#18906 = DIRECTION('',(-4.475859752819E-14,-1.,0.));
#18907 = ADVANCED_FACE('',(#18908),#18919,.F.);
#18908 = FACE_BOUND('',#18909,.T.);
#18909 = EDGE_LOOP('',(#18910,#18911,#18917,#18918));
#18910 = ORIENTED_EDGE('',*,*,#16663,.T.);
#18911 = ORIENTED_EDGE('',*,*,#18912,.T.);
#18912 = EDGE_CURVE('',#16664,#17684,#18913,.T.);
#18913 = LINE('',#18914,#18915);
#18914 = CARTESIAN_POINT('',(174.386249,-105.54375,-4.5E-02));
#18915 = VECTOR('',#18916,1.);
#18916 = DIRECTION('',(0.,0.,1.));
#18917 = ORIENTED_EDGE('',*,*,#17683,.F.);
#18918 = ORIENTED_EDGE('',*,*,#18912,.F.);
#18919 = CYLINDRICAL_SURFACE('',#18920,0.51);
#18920 = AXIS2_PLACEMENT_3D('',#18921,#18922,#18923);
#18921 = CARTESIAN_POINT('',(174.386249,-105.03375,-4.5E-02));
#18922 = DIRECTION('',(-0.,-0.,-1.));
#18923 = DIRECTION('',(-5.57288420204E-14,-1.,0.));
#18924 = ADVANCED_FACE('',(#18925),#18936,.F.);
#18925 = FACE_BOUND('',#18926,.T.);
#18926 = EDGE_LOOP('',(#18927,#18928,#18934,#18935));
#18927 = ORIENTED_EDGE('',*,*,#16674,.T.);
#18928 = ORIENTED_EDGE('',*,*,#18929,.T.);
#18929 = EDGE_CURVE('',#16675,#17695,#18930,.T.);
#18930 = LINE('',#18931,#18932);
#18931 = CARTESIAN_POINT('',(184.886249,-107.71375,-4.5E-02));
#18932 = VECTOR('',#18933,1.);
#18933 = DIRECTION('',(0.,0.,1.));
#18934 = ORIENTED_EDGE('',*,*,#17694,.F.);
#18935 = ORIENTED_EDGE('',*,*,#18929,.F.);
#18936 = CYLINDRICAL_SURFACE('',#18937,0.635);
#18937 = AXIS2_PLACEMENT_3D('',#18938,#18939,#18940);
#18938 = CARTESIAN_POINT('',(184.886249,-107.07875,-4.5E-02));
#18939 = DIRECTION('',(-0.,-0.,-1.));
#18940 = DIRECTION('',(-4.47585975282E-14,-1.,0.));
#18941 = ADVANCED_FACE('',(#18942),#18953,.F.);
#18942 = FACE_BOUND('',#18943,.T.);
#18943 = EDGE_LOOP('',(#18944,#18945,#18951,#18952));
#18944 = ORIENTED_EDGE('',*,*,#16685,.T.);
#18945 = ORIENTED_EDGE('',*,*,#18946,.T.);
#18946 = EDGE_CURVE('',#16686,#17706,#18947,.T.);
#18947 = LINE('',#18948,#18949);
#18948 = CARTESIAN_POINT('',(187.886249,-105.62875,-4.5E-02));
#18949 = VECTOR('',#18950,1.);
#18950 = DIRECTION('',(0.,0.,1.));
#18951 = ORIENTED_EDGE('',*,*,#17705,.F.);
#18952 = ORIENTED_EDGE('',*,*,#18946,.F.);
#18953 = CYLINDRICAL_SURFACE('',#18954,0.51);
#18954 = AXIS2_PLACEMENT_3D('',#18955,#18956,#18957);
#18955 = CARTESIAN_POINT('',(187.886249,-105.11875,-4.5E-02));
#18956 = DIRECTION('',(-0.,-0.,-1.));
#18957 = DIRECTION('',(-5.57288420204E-14,-1.,0.));
#18958 = ADVANCED_FACE('',(#18959),#18970,.F.);
#18959 = FACE_BOUND('',#18960,.T.);
#18960 = EDGE_LOOP('',(#18961,#18962,#18968,#18969));
#18961 = ORIENTED_EDGE('',*,*,#16696,.T.);
#18962 = ORIENTED_EDGE('',*,*,#18963,.T.);
#18963 = EDGE_CURVE('',#16697,#17717,#18964,.T.);
#18964 = LINE('',#18965,#18966);
#18965 = CARTESIAN_POINT('',(190.886249,-105.62875,-4.5E-02));
#18966 = VECTOR('',#18967,1.);
#18967 = DIRECTION('',(0.,0.,1.));
#18968 = ORIENTED_EDGE('',*,*,#17716,.F.);
#18969 = ORIENTED_EDGE('',*,*,#18963,.F.);
#18970 = CYLINDRICAL_SURFACE('',#18971,0.51);
#18971 = AXIS2_PLACEMENT_3D('',#18972,#18973,#18974);
#18972 = CARTESIAN_POINT('',(190.886249,-105.11875,-4.5E-02));
#18973 = DIRECTION('',(-0.,-0.,-1.));
#18974 = DIRECTION('',(-5.57288420204E-14,-1.,0.));
#18975 = ADVANCED_FACE('',(#18976),#18987,.F.);
#18976 = FACE_BOUND('',#18977,.T.);
#18977 = EDGE_LOOP('',(#18978,#18979,#18985,#18986));
#18978 = ORIENTED_EDGE('',*,*,#16707,.T.);
#18979 = ORIENTED_EDGE('',*,*,#18980,.T.);
#18980 = EDGE_CURVE('',#16708,#17728,#18981,.T.);
#18981 = LINE('',#18982,#18983);
#18982 = CARTESIAN_POINT('',(193.886249,-107.71375,-4.5E-02));
#18983 = VECTOR('',#18984,1.);
#18984 = DIRECTION('',(0.,0.,1.));
#18985 = ORIENTED_EDGE('',*,*,#17727,.F.);
#18986 = ORIENTED_EDGE('',*,*,#18980,.F.);
#18987 = CYLINDRICAL_SURFACE('',#18988,0.635);
#18988 = AXIS2_PLACEMENT_3D('',#18989,#18990,#18991);
#18989 = CARTESIAN_POINT('',(193.886249,-107.07875,-4.5E-02));
#18990 = DIRECTION('',(-0.,-0.,-1.));
#18991 = DIRECTION('',(-4.47585975282E-14,-1.,0.));
#18992 = ADVANCED_FACE('',(#18993),#19004,.F.);
#18993 = FACE_BOUND('',#18994,.T.);
#18994 = EDGE_LOOP('',(#18995,#18996,#19002,#19003));
#18995 = ORIENTED_EDGE('',*,*,#16718,.T.);
#18996 = ORIENTED_EDGE('',*,*,#18997,.T.);
#18997 = EDGE_CURVE('',#16719,#17739,#18998,.T.);
#18998 = LINE('',#18999,#19000);
#18999 = CARTESIAN_POINT('',(201.06,-107.44,-4.5E-02));
#19000 = VECTOR('',#19001,1.);
#19001 = DIRECTION('',(0.,0.,1.));
#19002 = ORIENTED_EDGE('',*,*,#17738,.F.);
#19003 = ORIENTED_EDGE('',*,*,#18997,.F.);
#19004 = CYLINDRICAL_SURFACE('',#19005,0.635);
#19005 = AXIS2_PLACEMENT_3D('',#19006,#19007,#19008);
#19006 = CARTESIAN_POINT('',(201.06,-106.805,-4.5E-02));
#19007 = DIRECTION('',(-0.,-0.,-1.));
#19008 = DIRECTION('',(-0.,-1.,0.));
#19009 = ADVANCED_FACE('',(#19010),#19021,.F.);
#19010 = FACE_BOUND('',#19011,.T.);
#19011 = EDGE_LOOP('',(#19012,#19013,#19019,#19020));
#19012 = ORIENTED_EDGE('',*,*,#16729,.T.);
#19013 = ORIENTED_EDGE('',*,*,#19014,.T.);
#19014 = EDGE_CURVE('',#16730,#17750,#19015,.T.);
#19015 = LINE('',#19016,#19017);
#19016 = CARTESIAN_POINT('',(210.06,-107.44,-4.5E-02));
#19017 = VECTOR('',#19018,1.);
#19018 = DIRECTION('',(0.,0.,1.));
#19019 = ORIENTED_EDGE('',*,*,#17749,.F.);
#19020 = ORIENTED_EDGE('',*,*,#19014,.F.);
#19021 = CYLINDRICAL_SURFACE('',#19022,0.635);
#19022 = AXIS2_PLACEMENT_3D('',#19023,#19024,#19025);
#19023 = CARTESIAN_POINT('',(210.06,-106.805,-4.5E-02));
#19024 = DIRECTION('',(-0.,-0.,-1.));
#19025 = DIRECTION('',(-0.,-1.,0.));
#19026 = ADVANCED_FACE('',(#19027),#19038,.F.);
#19027 = FACE_BOUND('',#19028,.T.);
#19028 = EDGE_LOOP('',(#19029,#19030,#19036,#19037));
#19029 = ORIENTED_EDGE('',*,*,#16740,.T.);
#19030 = ORIENTED_EDGE('',*,*,#19031,.T.);
#19031 = EDGE_CURVE('',#16741,#17761,#19032,.T.);
#19032 = LINE('',#19033,#19034);
#19033 = CARTESIAN_POINT('',(217.589998,-107.525,-4.5E-02));
#19034 = VECTOR('',#19035,1.);
#19035 = DIRECTION('',(0.,0.,1.));
#19036 = ORIENTED_EDGE('',*,*,#17760,.F.);
#19037 = ORIENTED_EDGE('',*,*,#19031,.F.);
#19038 = CYLINDRICAL_SURFACE('',#19039,0.635);
#19039 = AXIS2_PLACEMENT_3D('',#19040,#19041,#19042);
#19040 = CARTESIAN_POINT('',(217.589998,-106.89,-4.5E-02));
#19041 = DIRECTION('',(-0.,0.,-1.));
#19042 = DIRECTION('',(4.475859752819E-14,-1.,-0.));
#19043 = ADVANCED_FACE('',(#19044),#19055,.F.);
#19044 = FACE_BOUND('',#19045,.T.);
#19045 = EDGE_LOOP('',(#19046,#19047,#19053,#19054));
#19046 = ORIENTED_EDGE('',*,*,#16751,.T.);
#19047 = ORIENTED_EDGE('',*,*,#19048,.T.);
#19048 = EDGE_CURVE('',#16752,#17772,#19049,.T.);
#19049 = LINE('',#19050,#19051);
#19050 = CARTESIAN_POINT('',(204.06,-105.355,-4.5E-02));
#19051 = VECTOR('',#19052,1.);
#19052 = DIRECTION('',(0.,0.,1.));
#19053 = ORIENTED_EDGE('',*,*,#17771,.F.);
#19054 = ORIENTED_EDGE('',*,*,#19048,.F.);
#19055 = CYLINDRICAL_SURFACE('',#19056,0.51);
#19056 = AXIS2_PLACEMENT_3D('',#19057,#19058,#19059);
#19057 = CARTESIAN_POINT('',(204.06,-104.845,-4.5E-02));
#19058 = DIRECTION('',(-0.,-0.,-1.));
#19059 = DIRECTION('',(-0.,-1.,0.));
#19060 = ADVANCED_FACE('',(#19061),#19072,.F.);
#19061 = FACE_BOUND('',#19062,.T.);
#19062 = EDGE_LOOP('',(#19063,#19064,#19070,#19071));
#19063 = ORIENTED_EDGE('',*,*,#16762,.T.);
#19064 = ORIENTED_EDGE('',*,*,#19065,.T.);
#19065 = EDGE_CURVE('',#16763,#17783,#19066,.T.);
#19066 = LINE('',#19067,#19068);
#19067 = CARTESIAN_POINT('',(207.06,-105.355,-4.5E-02));
#19068 = VECTOR('',#19069,1.);
#19069 = DIRECTION('',(0.,0.,1.));
#19070 = ORIENTED_EDGE('',*,*,#17782,.F.);
#19071 = ORIENTED_EDGE('',*,*,#19065,.F.);
#19072 = CYLINDRICAL_SURFACE('',#19073,0.51);
#19073 = AXIS2_PLACEMENT_3D('',#19074,#19075,#19076);
#19074 = CARTESIAN_POINT('',(207.06,-104.845,-4.5E-02));
#19075 = DIRECTION('',(-0.,-0.,-1.));
#19076 = DIRECTION('',(-0.,-1.,0.));
#19077 = ADVANCED_FACE('',(#19078),#19089,.F.);
#19078 = FACE_BOUND('',#19079,.T.);
#19079 = EDGE_LOOP('',(#19080,#19081,#19087,#19088));
#19080 = ORIENTED_EDGE('',*,*,#16773,.T.);
#19081 = ORIENTED_EDGE('',*,*,#19082,.T.);
#19082 = EDGE_CURVE('',#16774,#17794,#19083,.T.);
#19083 = LINE('',#19084,#19085);
#19084 = CARTESIAN_POINT('',(220.589998,-105.44,-4.5E-02));
#19085 = VECTOR('',#19086,1.);
#19086 = DIRECTION('',(0.,0.,1.));
#19087 = ORIENTED_EDGE('',*,*,#17793,.F.);
#19088 = ORIENTED_EDGE('',*,*,#19082,.F.);
#19089 = CYLINDRICAL_SURFACE('',#19090,0.51);
#19090 = AXIS2_PLACEMENT_3D('',#19091,#19092,#19093);
#19091 = CARTESIAN_POINT('',(220.589998,-104.93,-4.5E-02));
#19092 = DIRECTION('',(-0.,0.,-1.));
#19093 = DIRECTION('',(5.57288420204E-14,-1.,-0.));
#19094 = ADVANCED_FACE('',(#19095),#19106,.F.);
#19095 = FACE_BOUND('',#19096,.T.);
#19096 = EDGE_LOOP('',(#19097,#19098,#19104,#19105));
#19097 = ORIENTED_EDGE('',*,*,#16784,.T.);
#19098 = ORIENTED_EDGE('',*,*,#19099,.T.);
#19099 = EDGE_CURVE('',#16785,#17805,#19100,.T.);
#19100 = LINE('',#19101,#19102);
#19101 = CARTESIAN_POINT('',(223.589998,-105.44,-4.5E-02));
#19102 = VECTOR('',#19103,1.);
#19103 = DIRECTION('',(0.,0.,1.));
#19104 = ORIENTED_EDGE('',*,*,#17804,.F.);
#19105 = ORIENTED_EDGE('',*,*,#19099,.F.);
#19106 = CYLINDRICAL_SURFACE('',#19107,0.51);
#19107 = AXIS2_PLACEMENT_3D('',#19108,#19109,#19110);
#19108 = CARTESIAN_POINT('',(223.589998,-104.93,-4.5E-02));
#19109 = DIRECTION('',(-0.,0.,-1.));
#19110 = DIRECTION('',(5.57288420204E-14,-1.,-0.));
#19111 = ADVANCED_FACE('',(#19112),#19123,.F.);
#19112 = FACE_BOUND('',#19113,.T.);
#19113 = EDGE_LOOP('',(#19114,#19115,#19121,#19122));
#19114 = ORIENTED_EDGE('',*,*,#16795,.T.);
#19115 = ORIENTED_EDGE('',*,*,#19116,.T.);
#19116 = EDGE_CURVE('',#16796,#17816,#19117,.T.);
#19117 = LINE('',#19118,#19119);
#19118 = CARTESIAN_POINT('',(226.589998,-107.525,-4.5E-02));
#19119 = VECTOR('',#19120,1.);
#19120 = DIRECTION('',(0.,0.,1.));
#19121 = ORIENTED_EDGE('',*,*,#17815,.F.);
#19122 = ORIENTED_EDGE('',*,*,#19116,.F.);
#19123 = CYLINDRICAL_SURFACE('',#19124,0.635);
#19124 = AXIS2_PLACEMENT_3D('',#19125,#19126,#19127);
#19125 = CARTESIAN_POINT('',(226.589998,-106.89,-4.5E-02));
#19126 = DIRECTION('',(-0.,0.,-1.));
#19127 = DIRECTION('',(4.475859752819E-14,-1.,-0.));
#19128 = ADVANCED_FACE('',(#19129),#19140,.F.);
#19129 = FACE_BOUND('',#19130,.T.);
#19130 = EDGE_LOOP('',(#19131,#19132,#19138,#19139));
#19131 = ORIENTED_EDGE('',*,*,#16806,.T.);
#19132 = ORIENTED_EDGE('',*,*,#19133,.T.);
#19133 = EDGE_CURVE('',#16807,#17827,#19134,.T.);
#19134 = LINE('',#19135,#19136);
#19135 = CARTESIAN_POINT('',(234.059998,-107.485,-4.5E-02));
#19136 = VECTOR('',#19137,1.);
#19137 = DIRECTION('',(0.,0.,1.));
#19138 = ORIENTED_EDGE('',*,*,#17826,.F.);
#19139 = ORIENTED_EDGE('',*,*,#19133,.F.);
#19140 = CYLINDRICAL_SURFACE('',#19141,0.635);
#19141 = AXIS2_PLACEMENT_3D('',#19142,#19143,#19144);
#19142 = CARTESIAN_POINT('',(234.059998,-106.85,-4.5E-02));
#19143 = DIRECTION('',(-0.,-0.,-1.));
#19144 = DIRECTION('',(-0.,-1.,0.));
#19145 = ADVANCED_FACE('',(#19146),#19157,.F.);
#19146 = FACE_BOUND('',#19147,.T.);
#19147 = EDGE_LOOP('',(#19148,#19149,#19155,#19156));
#19148 = ORIENTED_EDGE('',*,*,#16817,.T.);
#19149 = ORIENTED_EDGE('',*,*,#19150,.T.);
#19150 = EDGE_CURVE('',#16818,#17838,#19151,.T.);
#19151 = LINE('',#19152,#19153);
#19152 = CARTESIAN_POINT('',(243.059998,-107.485,-4.5E-02));
#19153 = VECTOR('',#19154,1.);
#19154 = DIRECTION('',(0.,0.,1.));
#19155 = ORIENTED_EDGE('',*,*,#17837,.F.);
#19156 = ORIENTED_EDGE('',*,*,#19150,.F.);
#19157 = CYLINDRICAL_SURFACE('',#19158,0.635);
#19158 = AXIS2_PLACEMENT_3D('',#19159,#19160,#19161);
#19159 = CARTESIAN_POINT('',(243.059998,-106.85,-4.5E-02));
#19160 = DIRECTION('',(-0.,-0.,-1.));
#19161 = DIRECTION('',(-0.,-1.,0.));
#19162 = ADVANCED_FACE('',(#19163),#19174,.F.);
#19163 = FACE_BOUND('',#19164,.T.);
#19164 = EDGE_LOOP('',(#19165,#19166,#19172,#19173));
#19165 = ORIENTED_EDGE('',*,*,#16828,.T.);
#19166 = ORIENTED_EDGE('',*,*,#19167,.T.);
#19167 = EDGE_CURVE('',#16829,#17849,#19168,.T.);
#19168 = LINE('',#19169,#19170);
#19169 = CARTESIAN_POINT('',(237.059998,-105.4,-4.5E-02));
#19170 = VECTOR('',#19171,1.);
#19171 = DIRECTION('',(0.,0.,1.));
#19172 = ORIENTED_EDGE('',*,*,#17848,.F.);
#19173 = ORIENTED_EDGE('',*,*,#19167,.F.);
#19174 = CYLINDRICAL_SURFACE('',#19175,0.51);
#19175 = AXIS2_PLACEMENT_3D('',#19176,#19177,#19178);
#19176 = CARTESIAN_POINT('',(237.059998,-104.89,-4.5E-02));
#19177 = DIRECTION('',(-0.,-0.,-1.));
#19178 = DIRECTION('',(-0.,-1.,0.));
#19179 = ADVANCED_FACE('',(#19180),#19191,.F.);
#19180 = FACE_BOUND('',#19181,.T.);
#19181 = EDGE_LOOP('',(#19182,#19183,#19189,#19190));
#19182 = ORIENTED_EDGE('',*,*,#16839,.T.);
#19183 = ORIENTED_EDGE('',*,*,#19184,.T.);
#19184 = EDGE_CURVE('',#16840,#17860,#19185,.T.);
#19185 = LINE('',#19186,#19187);
#19186 = CARTESIAN_POINT('',(240.059998,-105.4,-4.5E-02));
#19187 = VECTOR('',#19188,1.);
#19188 = DIRECTION('',(0.,0.,1.));
#19189 = ORIENTED_EDGE('',*,*,#17859,.F.);
#19190 = ORIENTED_EDGE('',*,*,#19184,.F.);
#19191 = CYLINDRICAL_SURFACE('',#19192,0.51);
#19192 = AXIS2_PLACEMENT_3D('',#19193,#19194,#19195);
#19193 = CARTESIAN_POINT('',(240.059998,-104.89,-4.5E-02));
#19194 = DIRECTION('',(-0.,-0.,-1.));
#19195 = DIRECTION('',(-0.,-1.,0.));
#19196 = ADVANCED_FACE('',(#19197),#19208,.F.);
#19197 = FACE_BOUND('',#19198,.T.);
#19198 = EDGE_LOOP('',(#19199,#19200,#19206,#19207));
#19199 = ORIENTED_EDGE('',*,*,#16850,.T.);
#19200 = ORIENTED_EDGE('',*,*,#19201,.T.);
#19201 = EDGE_CURVE('',#16851,#17871,#19202,.T.);
#19202 = LINE('',#19203,#19204);
#19203 = CARTESIAN_POINT('',(71.88,-92.82,-4.5E-02));
#19204 = VECTOR('',#19205,1.);
#19205 = DIRECTION('',(0.,0.,1.));
#19206 = ORIENTED_EDGE('',*,*,#17870,.F.);
#19207 = ORIENTED_EDGE('',*,*,#19201,.F.);
#19208 = CYLINDRICAL_SURFACE('',#19209,0.89);
#19209 = AXIS2_PLACEMENT_3D('',#19210,#19211,#19212);
#19210 = CARTESIAN_POINT('',(71.88,-91.93,-4.5E-02));
#19211 = DIRECTION('',(-0.,-0.,-1.));
#19212 = DIRECTION('',(-0.,-1.,0.));
#19213 = ADVANCED_FACE('',(#19214),#19225,.F.);
#19214 = FACE_BOUND('',#19215,.T.);
#19215 = EDGE_LOOP('',(#19216,#19217,#19223,#19224));
#19216 = ORIENTED_EDGE('',*,*,#16861,.T.);
#19217 = ORIENTED_EDGE('',*,*,#19218,.T.);
#19218 = EDGE_CURVE('',#16862,#17882,#19219,.T.);
#19219 = LINE('',#19220,#19221);
#19220 = CARTESIAN_POINT('',(75.06,-92.82,-4.5E-02));
#19221 = VECTOR('',#19222,1.);
#19222 = DIRECTION('',(0.,0.,1.));
#19223 = ORIENTED_EDGE('',*,*,#17881,.F.);
#19224 = ORIENTED_EDGE('',*,*,#19218,.F.);
#19225 = CYLINDRICAL_SURFACE('',#19226,0.89);
#19226 = AXIS2_PLACEMENT_3D('',#19227,#19228,#19229);
#19227 = CARTESIAN_POINT('',(75.06,-91.93,-4.5E-02));
#19228 = DIRECTION('',(-0.,-0.,-1.));
#19229 = DIRECTION('',(-0.,-1.,0.));
#19230 = ADVANCED_FACE('',(#19231),#19242,.F.);
#19231 = FACE_BOUND('',#19232,.T.);
#19232 = EDGE_LOOP('',(#19233,#19234,#19240,#19241));
#19233 = ORIENTED_EDGE('',*,*,#16872,.T.);
#19234 = ORIENTED_EDGE('',*,*,#19235,.T.);
#19235 = EDGE_CURVE('',#16873,#17893,#19236,.T.);
#19236 = LINE('',#19237,#19238);
#19237 = CARTESIAN_POINT('',(90.53,-95.21375,-4.5E-02));
#19238 = VECTOR('',#19239,1.);
#19239 = DIRECTION('',(0.,0.,1.));
#19240 = ORIENTED_EDGE('',*,*,#17892,.F.);
#19241 = ORIENTED_EDGE('',*,*,#19235,.F.);
#19242 = CYLINDRICAL_SURFACE('',#19243,0.51);
#19243 = AXIS2_PLACEMENT_3D('',#19244,#19245,#19246);
#19244 = CARTESIAN_POINT('',(90.53,-94.70375,-4.5E-02));
#19245 = DIRECTION('',(-0.,-0.,-1.));
#19246 = DIRECTION('',(-0.,-1.,0.));
#19247 = ADVANCED_FACE('',(#19248),#19259,.F.);
#19248 = FACE_BOUND('',#19249,.T.);
#19249 = EDGE_LOOP('',(#19250,#19251,#19257,#19258));
#19250 = ORIENTED_EDGE('',*,*,#16883,.T.);
#19251 = ORIENTED_EDGE('',*,*,#19252,.T.);
#19252 = EDGE_CURVE('',#16884,#17904,#19253,.T.);
#19253 = LINE('',#19254,#19255);
#19254 = CARTESIAN_POINT('',(87.53,-93.37875,-4.5E-02));
#19255 = VECTOR('',#19256,1.);
#19256 = DIRECTION('',(0.,0.,1.));
#19257 = ORIENTED_EDGE('',*,*,#17903,.F.);
#19258 = ORIENTED_EDGE('',*,*,#19252,.F.);
#19259 = CYLINDRICAL_SURFACE('',#19260,0.635);
#19260 = AXIS2_PLACEMENT_3D('',#19261,#19262,#19263);
#19261 = CARTESIAN_POINT('',(87.53,-92.74375,-4.5E-02));
#19262 = DIRECTION('',(-0.,-0.,-1.));
#19263 = DIRECTION('',(-0.,-1.,0.));
#19264 = ADVANCED_FACE('',(#19265),#19276,.F.);
#19265 = FACE_BOUND('',#19266,.T.);
#19266 = EDGE_LOOP('',(#19267,#19268,#19274,#19275));
#19267 = ORIENTED_EDGE('',*,*,#16894,.T.);
#19268 = ORIENTED_EDGE('',*,*,#19269,.T.);
#19269 = EDGE_CURVE('',#16895,#17915,#19270,.T.);
#19270 = LINE('',#19271,#19272);
#19271 = CARTESIAN_POINT('',(93.53,-95.21375,-4.5E-02));
#19272 = VECTOR('',#19273,1.);
#19273 = DIRECTION('',(0.,0.,1.));
#19274 = ORIENTED_EDGE('',*,*,#17914,.F.);
#19275 = ORIENTED_EDGE('',*,*,#19269,.F.);
#19276 = CYLINDRICAL_SURFACE('',#19277,0.51);
#19277 = AXIS2_PLACEMENT_3D('',#19278,#19279,#19280);
#19278 = CARTESIAN_POINT('',(93.53,-94.70375,-4.5E-02));
#19279 = DIRECTION('',(-0.,-0.,-1.));
#19280 = DIRECTION('',(-0.,-1.,0.));
#19281 = ADVANCED_FACE('',(#19282),#19293,.F.);
#19282 = FACE_BOUND('',#19283,.T.);
#19283 = EDGE_LOOP('',(#19284,#19285,#19291,#19292));
#19284 = ORIENTED_EDGE('',*,*,#16905,.T.);
#19285 = ORIENTED_EDGE('',*,*,#19286,.T.);
#19286 = EDGE_CURVE('',#16906,#17926,#19287,.T.);
#19287 = LINE('',#19288,#19289);
#19288 = CARTESIAN_POINT('',(96.53,-93.37875,-4.5E-02));
#19289 = VECTOR('',#19290,1.);
#19290 = DIRECTION('',(0.,0.,1.));
#19291 = ORIENTED_EDGE('',*,*,#17925,.F.);
#19292 = ORIENTED_EDGE('',*,*,#19286,.F.);
#19293 = CYLINDRICAL_SURFACE('',#19294,0.635);
#19294 = AXIS2_PLACEMENT_3D('',#19295,#19296,#19297);
#19295 = CARTESIAN_POINT('',(96.53,-92.74375,-4.5E-02));
#19296 = DIRECTION('',(-0.,-0.,-1.));
#19297 = DIRECTION('',(-0.,-1.,0.));
#19298 = ADVANCED_FACE('',(#19299),#19310,.F.);
#19299 = FACE_BOUND('',#19300,.T.);
#19300 = EDGE_LOOP('',(#19301,#19302,#19308,#19309));
#19301 = ORIENTED_EDGE('',*,*,#16916,.T.);
#19302 = ORIENTED_EDGE('',*,*,#19303,.T.);
#19303 = EDGE_CURVE('',#16917,#17937,#19304,.T.);
#19304 = LINE('',#19305,#19306);
#19305 = CARTESIAN_POINT('',(106.886249,-95.25375,-4.5E-02));
#19306 = VECTOR('',#19307,1.);
#19307 = DIRECTION('',(0.,0.,1.));
#19308 = ORIENTED_EDGE('',*,*,#17936,.F.);
#19309 = ORIENTED_EDGE('',*,*,#19303,.F.);
#19310 = CYLINDRICAL_SURFACE('',#19311,0.51);
#19311 = AXIS2_PLACEMENT_3D('',#19312,#19313,#19314);
#19312 = CARTESIAN_POINT('',(106.886249,-94.74375,-4.5E-02));
#19313 = DIRECTION('',(-0.,0.,-1.));
#19314 = DIRECTION('',(2.78644210102E-14,-1.,-0.));
#19315 = ADVANCED_FACE('',(#19316),#19327,.F.);
#19316 = FACE_BOUND('',#19317,.T.);
#19317 = EDGE_LOOP('',(#19318,#19319,#19325,#19326));
#19318 = ORIENTED_EDGE('',*,*,#16927,.T.);
#19319 = ORIENTED_EDGE('',*,*,#19320,.T.);
#19320 = EDGE_CURVE('',#16928,#17948,#19321,.T.);
#19321 = LINE('',#19322,#19323);
#19322 = CARTESIAN_POINT('',(103.886249,-93.41875,-4.5E-02));
#19323 = VECTOR('',#19324,1.);
#19324 = DIRECTION('',(0.,0.,1.));
#19325 = ORIENTED_EDGE('',*,*,#17947,.F.);
#19326 = ORIENTED_EDGE('',*,*,#19320,.F.);
#19327 = CYLINDRICAL_SURFACE('',#19328,0.635);
#19328 = AXIS2_PLACEMENT_3D('',#19329,#19330,#19331);
#19329 = CARTESIAN_POINT('',(103.886249,-92.78375,-4.5E-02));
#19330 = DIRECTION('',(-0.,0.,-1.));
#19331 = DIRECTION('',(2.23792987641E-14,-1.,-0.));
#19332 = ADVANCED_FACE('',(#19333),#19344,.F.);
#19333 = FACE_BOUND('',#19334,.T.);
#19334 = EDGE_LOOP('',(#19335,#19336,#19342,#19343));
#19335 = ORIENTED_EDGE('',*,*,#16938,.T.);
#19336 = ORIENTED_EDGE('',*,*,#19337,.T.);
#19337 = EDGE_CURVE('',#16939,#17959,#19338,.T.);
#19338 = LINE('',#19339,#19340);
#19339 = CARTESIAN_POINT('',(71.88,-85.33,-4.5E-02));
#19340 = VECTOR('',#19341,1.);
#19341 = DIRECTION('',(0.,0.,1.));
#19342 = ORIENTED_EDGE('',*,*,#17958,.F.);
#19343 = ORIENTED_EDGE('',*,*,#19337,.F.);
#19344 = CYLINDRICAL_SURFACE('',#19345,0.89);
#19345 = AXIS2_PLACEMENT_3D('',#19346,#19347,#19348);
#19346 = CARTESIAN_POINT('',(71.88,-84.44,-4.5E-02));
#19347 = DIRECTION('',(-0.,-0.,-1.));
#19348 = DIRECTION('',(-0.,-1.,0.));
#19349 = ADVANCED_FACE('',(#19350),#19361,.F.);
#19350 = FACE_BOUND('',#19351,.T.);
#19351 = EDGE_LOOP('',(#19352,#19353,#19359,#19360));
#19352 = ORIENTED_EDGE('',*,*,#16949,.T.);
#19353 = ORIENTED_EDGE('',*,*,#19354,.T.);
#19354 = EDGE_CURVE('',#16950,#17970,#19355,.T.);
#19355 = LINE('',#19356,#19357);
#19356 = CARTESIAN_POINT('',(75.06,-85.33,-4.5E-02));
#19357 = VECTOR('',#19358,1.);
#19358 = DIRECTION('',(0.,0.,1.));
#19359 = ORIENTED_EDGE('',*,*,#17969,.F.);
#19360 = ORIENTED_EDGE('',*,*,#19354,.F.);
#19361 = CYLINDRICAL_SURFACE('',#19362,0.89);
#19362 = AXIS2_PLACEMENT_3D('',#19363,#19364,#19365);
#19363 = CARTESIAN_POINT('',(75.06,-84.44,-4.5E-02));
#19364 = DIRECTION('',(-0.,-0.,-1.));
#19365 = DIRECTION('',(-0.,-1.,0.));
#19366 = ADVANCED_FACE('',(#19367),#19378,.F.);
#19367 = FACE_BOUND('',#19368,.T.);
#19368 = EDGE_LOOP('',(#19369,#19370,#19376,#19377));
#19369 = ORIENTED_EDGE('',*,*,#16960,.T.);
#19370 = ORIENTED_EDGE('',*,*,#19371,.T.);
#19371 = EDGE_CURVE('',#16961,#17981,#19372,.T.);
#19372 = LINE('',#19373,#19374);
#19373 = CARTESIAN_POINT('',(109.886249,-95.25375,-4.5E-02));
#19374 = VECTOR('',#19375,1.);
#19375 = DIRECTION('',(0.,0.,1.));
#19376 = ORIENTED_EDGE('',*,*,#17980,.F.);
#19377 = ORIENTED_EDGE('',*,*,#19371,.F.);
#19378 = CYLINDRICAL_SURFACE('',#19379,0.51);
#19379 = AXIS2_PLACEMENT_3D('',#19380,#19381,#19382);
#19380 = CARTESIAN_POINT('',(109.886249,-94.74375,-4.5E-02));
#19381 = DIRECTION('',(-0.,0.,-1.));
#19382 = DIRECTION('',(2.78644210102E-14,-1.,-0.));
#19383 = ADVANCED_FACE('',(#19384),#19395,.F.);
#19384 = FACE_BOUND('',#19385,.T.);
#19385 = EDGE_LOOP('',(#19386,#19387,#19393,#19394));
#19386 = ORIENTED_EDGE('',*,*,#16971,.T.);
#19387 = ORIENTED_EDGE('',*,*,#19388,.T.);
#19388 = EDGE_CURVE('',#16972,#17992,#19389,.T.);
#19389 = LINE('',#19390,#19391);
#19390 = CARTESIAN_POINT('',(112.886249,-93.41875,-4.5E-02));
#19391 = VECTOR('',#19392,1.);
#19392 = DIRECTION('',(0.,0.,1.));
#19393 = ORIENTED_EDGE('',*,*,#17991,.F.);
#19394 = ORIENTED_EDGE('',*,*,#19388,.F.);
#19395 = CYLINDRICAL_SURFACE('',#19396,0.635);
#19396 = AXIS2_PLACEMENT_3D('',#19397,#19398,#19399);
#19397 = CARTESIAN_POINT('',(112.886249,-92.78375,-4.5E-02));
#19398 = DIRECTION('',(-0.,0.,-1.));
#19399 = DIRECTION('',(2.23792987641E-14,-1.,-0.));
#19400 = ADVANCED_FACE('',(#19401),#19412,.F.);
#19401 = FACE_BOUND('',#19402,.T.);
#19402 = EDGE_LOOP('',(#19403,#19404,#19410,#19411));
#19403 = ORIENTED_EDGE('',*,*,#16982,.T.);
#19404 = ORIENTED_EDGE('',*,*,#19405,.T.);
#19405 = EDGE_CURVE('',#16983,#18003,#19406,.T.);
#19406 = LINE('',#19407,#19408);
#19407 = CARTESIAN_POINT('',(120.386249,-93.41875,-4.5E-02));
#19408 = VECTOR('',#19409,1.);
#19409 = DIRECTION('',(0.,0.,1.));
#19410 = ORIENTED_EDGE('',*,*,#18002,.F.);
#19411 = ORIENTED_EDGE('',*,*,#19405,.F.);
#19412 = CYLINDRICAL_SURFACE('',#19413,0.635);
#19413 = AXIS2_PLACEMENT_3D('',#19414,#19415,#19416);
#19414 = CARTESIAN_POINT('',(120.386249,-92.78375,-4.5E-02));
#19415 = DIRECTION('',(-0.,0.,-1.));
#19416 = DIRECTION('',(2.23792987641E-14,-1.,-0.));
#19417 = ADVANCED_FACE('',(#19418),#19429,.F.);
#19418 = FACE_BOUND('',#19419,.T.);
#19419 = EDGE_LOOP('',(#19420,#19421,#19427,#19428));
#19420 = ORIENTED_EDGE('',*,*,#16993,.T.);
#19421 = ORIENTED_EDGE('',*,*,#19422,.T.);
#19422 = EDGE_CURVE('',#16994,#18014,#19423,.T.);
#19423 = LINE('',#19424,#19425);
#19424 = CARTESIAN_POINT('',(123.386249,-95.25375,-4.5E-02));
#19425 = VECTOR('',#19426,1.);
#19426 = DIRECTION('',(0.,0.,1.));
#19427 = ORIENTED_EDGE('',*,*,#18013,.F.);
#19428 = ORIENTED_EDGE('',*,*,#19422,.F.);
#19429 = CYLINDRICAL_SURFACE('',#19430,0.51);
#19430 = AXIS2_PLACEMENT_3D('',#19431,#19432,#19433);
#19431 = CARTESIAN_POINT('',(123.386249,-94.74375,-4.5E-02));
#19432 = DIRECTION('',(-0.,0.,-1.));
#19433 = DIRECTION('',(2.78644210102E-14,-1.,-0.));
#19434 = ADVANCED_FACE('',(#19435),#19446,.F.);
#19435 = FACE_BOUND('',#19436,.T.);
#19436 = EDGE_LOOP('',(#19437,#19438,#19444,#19445));
#19437 = ORIENTED_EDGE('',*,*,#17004,.T.);
#19438 = ORIENTED_EDGE('',*,*,#19439,.T.);
#19439 = EDGE_CURVE('',#17005,#18025,#19440,.T.);
#19440 = LINE('',#19441,#19442);
#19441 = CARTESIAN_POINT('',(126.386249,-95.25375,-4.5E-02));
#19442 = VECTOR('',#19443,1.);
#19443 = DIRECTION('',(0.,0.,1.));
#19444 = ORIENTED_EDGE('',*,*,#18024,.F.);
#19445 = ORIENTED_EDGE('',*,*,#19439,.F.);
#19446 = CYLINDRICAL_SURFACE('',#19447,0.51);
#19447 = AXIS2_PLACEMENT_3D('',#19448,#19449,#19450);
#19448 = CARTESIAN_POINT('',(126.386249,-94.74375,-4.5E-02));
#19449 = DIRECTION('',(-0.,0.,-1.));
#19450 = DIRECTION('',(2.78644210102E-14,-1.,-0.));
#19451 = ADVANCED_FACE('',(#19452),#19463,.F.);
#19452 = FACE_BOUND('',#19453,.T.);
#19453 = EDGE_LOOP('',(#19454,#19455,#19461,#19462));
#19454 = ORIENTED_EDGE('',*,*,#17015,.T.);
#19455 = ORIENTED_EDGE('',*,*,#19456,.T.);
#19456 = EDGE_CURVE('',#17016,#18036,#19457,.T.);
#19457 = LINE('',#19458,#19459);
#19458 = CARTESIAN_POINT('',(129.386249,-93.41875,-4.5E-02));
#19459 = VECTOR('',#19460,1.);
#19460 = DIRECTION('',(0.,0.,1.));
#19461 = ORIENTED_EDGE('',*,*,#18035,.F.);
#19462 = ORIENTED_EDGE('',*,*,#19456,.F.);
#19463 = CYLINDRICAL_SURFACE('',#19464,0.635);
#19464 = AXIS2_PLACEMENT_3D('',#19465,#19466,#19467);
#19465 = CARTESIAN_POINT('',(129.386249,-92.78375,-4.5E-02));
#19466 = DIRECTION('',(-0.,-0.,-1.));
#19467 = DIRECTION('',(-4.475859752819E-14,-1.,0.));
#19468 = ADVANCED_FACE('',(#19469),#19480,.F.);
#19469 = FACE_BOUND('',#19470,.T.);
#19470 = EDGE_LOOP('',(#19471,#19472,#19478,#19479));
#19471 = ORIENTED_EDGE('',*,*,#17026,.T.);
#19472 = ORIENTED_EDGE('',*,*,#19473,.T.);
#19473 = EDGE_CURVE('',#17027,#18047,#19474,.T.);
#19474 = LINE('',#19475,#19476);
#19475 = CARTESIAN_POINT('',(136.416249,-93.45875,-4.5E-02));
#19476 = VECTOR('',#19477,1.);
#19477 = DIRECTION('',(0.,0.,1.));
#19478 = ORIENTED_EDGE('',*,*,#18046,.F.);
#19479 = ORIENTED_EDGE('',*,*,#19473,.F.);
#19480 = CYLINDRICAL_SURFACE('',#19481,0.635);
#19481 = AXIS2_PLACEMENT_3D('',#19482,#19483,#19484);
#19482 = CARTESIAN_POINT('',(136.416249,-92.82375,-4.5E-02));
#19483 = DIRECTION('',(-0.,-0.,-1.));
#19484 = DIRECTION('',(-0.,-1.,0.));
#19485 = ADVANCED_FACE('',(#19486),#19497,.F.);
#19486 = FACE_BOUND('',#19487,.T.);
#19487 = EDGE_LOOP('',(#19488,#19489,#19495,#19496));
#19488 = ORIENTED_EDGE('',*,*,#17037,.T.);
#19489 = ORIENTED_EDGE('',*,*,#19490,.T.);
#19490 = EDGE_CURVE('',#17038,#18058,#19491,.T.);
#19491 = LINE('',#19492,#19493);
#19492 = CARTESIAN_POINT('',(139.416249,-95.29375,-4.5E-02));
#19493 = VECTOR('',#19494,1.);
#19494 = DIRECTION('',(0.,0.,1.));
#19495 = ORIENTED_EDGE('',*,*,#18057,.F.);
#19496 = ORIENTED_EDGE('',*,*,#19490,.F.);
#19497 = CYLINDRICAL_SURFACE('',#19498,0.51);
#19498 = AXIS2_PLACEMENT_3D('',#19499,#19500,#19501);
#19499 = CARTESIAN_POINT('',(139.416249,-94.78375,-4.5E-02));
#19500 = DIRECTION('',(-0.,-0.,-1.));
#19501 = DIRECTION('',(-0.,-1.,0.));
#19502 = ADVANCED_FACE('',(#19503),#19514,.F.);
#19503 = FACE_BOUND('',#19504,.T.);
#19504 = EDGE_LOOP('',(#19505,#19506,#19512,#19513));
#19505 = ORIENTED_EDGE('',*,*,#17048,.T.);
#19506 = ORIENTED_EDGE('',*,*,#19507,.T.);
#19507 = EDGE_CURVE('',#17049,#18069,#19508,.T.);
#19508 = LINE('',#19509,#19510);
#19509 = CARTESIAN_POINT('',(142.416249,-95.29375,-4.5E-02));
#19510 = VECTOR('',#19511,1.);
#19511 = DIRECTION('',(0.,0.,1.));
#19512 = ORIENTED_EDGE('',*,*,#18068,.F.);
#19513 = ORIENTED_EDGE('',*,*,#19507,.F.);
#19514 = CYLINDRICAL_SURFACE('',#19515,0.51);
#19515 = AXIS2_PLACEMENT_3D('',#19516,#19517,#19518);
#19516 = CARTESIAN_POINT('',(142.416249,-94.78375,-4.5E-02));
#19517 = DIRECTION('',(-0.,-0.,-1.));
#19518 = DIRECTION('',(-0.,-1.,0.));
#19519 = ADVANCED_FACE('',(#19520),#19531,.F.);
#19520 = FACE_BOUND('',#19521,.T.);
#19521 = EDGE_LOOP('',(#19522,#19523,#19529,#19530));
#19522 = ORIENTED_EDGE('',*,*,#17059,.T.);
#19523 = ORIENTED_EDGE('',*,*,#19524,.T.);
#19524 = EDGE_CURVE('',#17060,#18080,#19525,.T.);
#19525 = LINE('',#19526,#19527);
#19526 = CARTESIAN_POINT('',(145.416249,-93.45875,-4.5E-02));
#19527 = VECTOR('',#19528,1.);
#19528 = DIRECTION('',(0.,0.,1.));
#19529 = ORIENTED_EDGE('',*,*,#18079,.F.);
#19530 = ORIENTED_EDGE('',*,*,#19524,.F.);
#19531 = CYLINDRICAL_SURFACE('',#19532,0.635);
#19532 = AXIS2_PLACEMENT_3D('',#19533,#19534,#19535);
#19533 = CARTESIAN_POINT('',(145.416249,-92.82375,-4.5E-02));
#19534 = DIRECTION('',(-0.,-0.,-1.));
#19535 = DIRECTION('',(-0.,-1.,0.));
#19536 = ADVANCED_FACE('',(#19537),#19548,.F.);
#19537 = FACE_BOUND('',#19538,.T.);
#19538 = EDGE_LOOP('',(#19539,#19540,#19546,#19547));
#19539 = ORIENTED_EDGE('',*,*,#17070,.T.);
#19540 = ORIENTED_EDGE('',*,*,#19541,.T.);
#19541 = EDGE_CURVE('',#17071,#18091,#19542,.T.);
#19542 = LINE('',#19543,#19544);
#19543 = CARTESIAN_POINT('',(155.591249,-95.22875,-4.5E-02));
#19544 = VECTOR('',#19545,1.);
#19545 = DIRECTION('',(0.,0.,1.));
#19546 = ORIENTED_EDGE('',*,*,#18090,.F.);
#19547 = ORIENTED_EDGE('',*,*,#19541,.F.);
#19548 = CYLINDRICAL_SURFACE('',#19549,0.51);
#19549 = AXIS2_PLACEMENT_3D('',#19550,#19551,#19552);
#19550 = CARTESIAN_POINT('',(155.591249,-94.71875,-4.5E-02));
#19551 = DIRECTION('',(-0.,-0.,-1.));
#19552 = DIRECTION('',(-0.,-1.,0.));
#19553 = ADVANCED_FACE('',(#19554),#19565,.F.);
#19554 = FACE_BOUND('',#19555,.T.);
#19555 = EDGE_LOOP('',(#19556,#19557,#19563,#19564));
#19556 = ORIENTED_EDGE('',*,*,#17081,.T.);
#19557 = ORIENTED_EDGE('',*,*,#19558,.T.);
#19558 = EDGE_CURVE('',#17082,#18102,#19559,.T.);
#19559 = LINE('',#19560,#19561);
#19560 = CARTESIAN_POINT('',(152.591249,-93.39375,-4.5E-02));
#19561 = VECTOR('',#19562,1.);
#19562 = DIRECTION('',(0.,0.,1.));
#19563 = ORIENTED_EDGE('',*,*,#18101,.F.);
#19564 = ORIENTED_EDGE('',*,*,#19558,.F.);
#19565 = CYLINDRICAL_SURFACE('',#19566,0.635);
#19566 = AXIS2_PLACEMENT_3D('',#19567,#19568,#19569);
#19567 = CARTESIAN_POINT('',(152.591249,-92.75875,-4.5E-02));
#19568 = DIRECTION('',(-0.,-0.,-1.));
#19569 = DIRECTION('',(-0.,-1.,0.));
#19570 = ADVANCED_FACE('',(#19571),#19582,.F.);
#19571 = FACE_BOUND('',#19572,.T.);
#19572 = EDGE_LOOP('',(#19573,#19579,#19580,#19581));
#19573 = ORIENTED_EDGE('',*,*,#19574,.T.);
#19574 = EDGE_CURVE('',#17093,#18113,#19575,.T.);
#19575 = LINE('',#19576,#19577);
#19576 = CARTESIAN_POINT('',(65.6,-62.,0.));
#19577 = VECTOR('',#19578,1.);
#19578 = DIRECTION('',(0.,0.,1.));
#19579 = ORIENTED_EDGE('',*,*,#18112,.T.);
#19580 = ORIENTED_EDGE('',*,*,#19574,.F.);
#19581 = ORIENTED_EDGE('',*,*,#17092,.F.);
#19582 = CYLINDRICAL_SURFACE('',#19583,1.6);
#19583 = AXIS2_PLACEMENT_3D('',#19584,#19585,#19586);
#19584 = CARTESIAN_POINT('',(64.,-62.,0.));
#19585 = DIRECTION('',(-0.,-0.,-1.));
#19586 = DIRECTION('',(1.,0.,-0.));
#19587 = ADVANCED_FACE('',(#19588),#19599,.F.);
#19588 = FACE_BOUND('',#19589,.T.);
#19589 = EDGE_LOOP('',(#19590,#19591,#19597,#19598));
#19590 = ORIENTED_EDGE('',*,*,#17103,.T.);
#19591 = ORIENTED_EDGE('',*,*,#19592,.T.);
#19592 = EDGE_CURVE('',#17104,#18124,#19593,.T.);
#19593 = LINE('',#19594,#19595);
#19594 = CARTESIAN_POINT('',(158.591249,-95.22875,-4.5E-02));
#19595 = VECTOR('',#19596,1.);
#19596 = DIRECTION('',(0.,0.,1.));
#19597 = ORIENTED_EDGE('',*,*,#18123,.F.);
#19598 = ORIENTED_EDGE('',*,*,#19592,.F.);
#19599 = CYLINDRICAL_SURFACE('',#19600,0.51);
#19600 = AXIS2_PLACEMENT_3D('',#19601,#19602,#19603);
#19601 = CARTESIAN_POINT('',(158.591249,-94.71875,-4.5E-02));
#19602 = DIRECTION('',(-0.,-0.,-1.));
#19603 = DIRECTION('',(-0.,-1.,0.));
#19604 = ADVANCED_FACE('',(#19605),#19616,.F.);
#19605 = FACE_BOUND('',#19606,.T.);
#19606 = EDGE_LOOP('',(#19607,#19608,#19614,#19615));
#19607 = ORIENTED_EDGE('',*,*,#17114,.T.);
#19608 = ORIENTED_EDGE('',*,*,#19609,.T.);
#19609 = EDGE_CURVE('',#17115,#18135,#19610,.T.);
#19610 = LINE('',#19611,#19612);
#19611 = CARTESIAN_POINT('',(161.591249,-93.39375,-4.5E-02));
#19612 = VECTOR('',#19613,1.);
#19613 = DIRECTION('',(0.,0.,1.));
#19614 = ORIENTED_EDGE('',*,*,#18134,.F.);
#19615 = ORIENTED_EDGE('',*,*,#19609,.F.);
#19616 = CYLINDRICAL_SURFACE('',#19617,0.635);
#19617 = AXIS2_PLACEMENT_3D('',#19618,#19619,#19620);
#19618 = CARTESIAN_POINT('',(161.591249,-92.75875,-4.5E-02));
#19619 = DIRECTION('',(-0.,-0.,-1.));
#19620 = DIRECTION('',(-0.,-1.,0.));
#19621 = ADVANCED_FACE('',(#19622),#19633,.F.);
#19622 = FACE_BOUND('',#19623,.T.);
#19623 = EDGE_LOOP('',(#19624,#19625,#19631,#19632));
#19624 = ORIENTED_EDGE('',*,*,#17125,.T.);
#19625 = ORIENTED_EDGE('',*,*,#19626,.T.);
#19626 = EDGE_CURVE('',#17126,#18146,#19627,.T.);
#19627 = LINE('',#19628,#19629);
#19628 = CARTESIAN_POINT('',(171.591249,-95.22875,-4.5E-02));
#19629 = VECTOR('',#19630,1.);
#19630 = DIRECTION('',(0.,0.,1.));
#19631 = ORIENTED_EDGE('',*,*,#18145,.F.);
#19632 = ORIENTED_EDGE('',*,*,#19626,.F.);
#19633 = CYLINDRICAL_SURFACE('',#19634,0.51);
#19634 = AXIS2_PLACEMENT_3D('',#19635,#19636,#19637);
#19635 = CARTESIAN_POINT('',(171.591249,-94.71875,-4.5E-02));
#19636 = DIRECTION('',(-0.,-0.,-1.));
#19637 = DIRECTION('',(-0.,-1.,0.));
#19638 = ADVANCED_FACE('',(#19639),#19650,.F.);
#19639 = FACE_BOUND('',#19640,.T.);
#19640 = EDGE_LOOP('',(#19641,#19642,#19648,#19649));
#19641 = ORIENTED_EDGE('',*,*,#17136,.T.);
#19642 = ORIENTED_EDGE('',*,*,#19643,.T.);
#19643 = EDGE_CURVE('',#17137,#18157,#19644,.T.);
#19644 = LINE('',#19645,#19646);
#19645 = CARTESIAN_POINT('',(168.591249,-93.39375,-4.5E-02));
#19646 = VECTOR('',#19647,1.);
#19647 = DIRECTION('',(0.,0.,1.));
#19648 = ORIENTED_EDGE('',*,*,#18156,.F.);
#19649 = ORIENTED_EDGE('',*,*,#19643,.F.);
#19650 = CYLINDRICAL_SURFACE('',#19651,0.635);
#19651 = AXIS2_PLACEMENT_3D('',#19652,#19653,#19654);
#19652 = CARTESIAN_POINT('',(168.591249,-92.75875,-4.5E-02));
#19653 = DIRECTION('',(-0.,-0.,-1.));
#19654 = DIRECTION('',(-0.,-1.,0.));
#19655 = ADVANCED_FACE('',(#19656),#19667,.F.);
#19656 = FACE_BOUND('',#19657,.T.);
#19657 = EDGE_LOOP('',(#19658,#19659,#19665,#19666));
#19658 = ORIENTED_EDGE('',*,*,#17147,.T.);
#19659 = ORIENTED_EDGE('',*,*,#19660,.T.);
#19660 = EDGE_CURVE('',#17148,#18168,#19661,.T.);
#19661 = LINE('',#19662,#19663);
#19662 = CARTESIAN_POINT('',(174.591249,-95.22875,-4.5E-02));
#19663 = VECTOR('',#19664,1.);
#19664 = DIRECTION('',(0.,0.,1.));
#19665 = ORIENTED_EDGE('',*,*,#18167,.F.);
#19666 = ORIENTED_EDGE('',*,*,#19660,.F.);
#19667 = CYLINDRICAL_SURFACE('',#19668,0.51);
#19668 = AXIS2_PLACEMENT_3D('',#19669,#19670,#19671);
#19669 = CARTESIAN_POINT('',(174.591249,-94.71875,-4.5E-02));
#19670 = DIRECTION('',(-0.,-0.,-1.));
#19671 = DIRECTION('',(-0.,-1.,0.));
#19672 = ADVANCED_FACE('',(#19673),#19684,.F.);
#19673 = FACE_BOUND('',#19674,.T.);
#19674 = EDGE_LOOP('',(#19675,#19676,#19682,#19683));
#19675 = ORIENTED_EDGE('',*,*,#17158,.T.);
#19676 = ORIENTED_EDGE('',*,*,#19677,.T.);
#19677 = EDGE_CURVE('',#17159,#18179,#19678,.T.);
#19678 = LINE('',#19679,#19680);
#19679 = CARTESIAN_POINT('',(177.591249,-93.39375,-4.5E-02));
#19680 = VECTOR('',#19681,1.);
#19681 = DIRECTION('',(0.,0.,1.));
#19682 = ORIENTED_EDGE('',*,*,#18178,.F.);
#19683 = ORIENTED_EDGE('',*,*,#19677,.F.);
#19684 = CYLINDRICAL_SURFACE('',#19685,0.635);
#19685 = AXIS2_PLACEMENT_3D('',#19686,#19687,#19688);
#19686 = CARTESIAN_POINT('',(177.591249,-92.75875,-4.5E-02));
#19687 = DIRECTION('',(-0.,-0.,-1.));
#19688 = DIRECTION('',(-0.,-1.,0.));
#19689 = ADVANCED_FACE('',(#19690),#19701,.F.);
#19690 = FACE_BOUND('',#19691,.T.);
#19691 = EDGE_LOOP('',(#19692,#19693,#19699,#19700));
#19692 = ORIENTED_EDGE('',*,*,#17169,.T.);
#19693 = ORIENTED_EDGE('',*,*,#19694,.T.);
#19694 = EDGE_CURVE('',#17170,#18190,#19695,.T.);
#19695 = LINE('',#19696,#19697);
#19696 = CARTESIAN_POINT('',(184.856249,-93.45875,-4.5E-02));
#19697 = VECTOR('',#19698,1.);
#19698 = DIRECTION('',(0.,0.,1.));
#19699 = ORIENTED_EDGE('',*,*,#18189,.F.);
#19700 = ORIENTED_EDGE('',*,*,#19694,.F.);
#19701 = CYLINDRICAL_SURFACE('',#19702,0.635);
#19702 = AXIS2_PLACEMENT_3D('',#19703,#19704,#19705);
#19703 = CARTESIAN_POINT('',(184.856249,-92.82375,-4.5E-02));
#19704 = DIRECTION('',(-0.,-0.,-1.));
#19705 = DIRECTION('',(-0.,-1.,0.));
#19706 = ADVANCED_FACE('',(#19707),#19718,.F.);
#19707 = FACE_BOUND('',#19708,.T.);
#19708 = EDGE_LOOP('',(#19709,#19710,#19716,#19717));
#19709 = ORIENTED_EDGE('',*,*,#17180,.T.);
#19710 = ORIENTED_EDGE('',*,*,#19711,.T.);
#19711 = EDGE_CURVE('',#17181,#18201,#19712,.T.);
#19712 = LINE('',#19713,#19714);
#19713 = CARTESIAN_POINT('',(187.856249,-95.29375,-4.5E-02));
#19714 = VECTOR('',#19715,1.);
#19715 = DIRECTION('',(0.,0.,1.));
#19716 = ORIENTED_EDGE('',*,*,#18200,.F.);
#19717 = ORIENTED_EDGE('',*,*,#19711,.F.);
#19718 = CYLINDRICAL_SURFACE('',#19719,0.51);
#19719 = AXIS2_PLACEMENT_3D('',#19720,#19721,#19722);
#19720 = CARTESIAN_POINT('',(187.856249,-94.78375,-4.5E-02));
#19721 = DIRECTION('',(-0.,-0.,-1.));
#19722 = DIRECTION('',(-0.,-1.,0.));
#19723 = ADVANCED_FACE('',(#19724),#19735,.F.);
#19724 = FACE_BOUND('',#19725,.T.);
#19725 = EDGE_LOOP('',(#19726,#19727,#19733,#19734));
#19726 = ORIENTED_EDGE('',*,*,#17191,.T.);
#19727 = ORIENTED_EDGE('',*,*,#19728,.T.);
#19728 = EDGE_CURVE('',#17192,#18212,#19729,.T.);
#19729 = LINE('',#19730,#19731);
#19730 = CARTESIAN_POINT('',(190.856249,-95.29375,-4.5E-02));
#19731 = VECTOR('',#19732,1.);
#19732 = DIRECTION('',(0.,0.,1.));
#19733 = ORIENTED_EDGE('',*,*,#18211,.F.);
#19734 = ORIENTED_EDGE('',*,*,#19728,.F.);
#19735 = CYLINDRICAL_SURFACE('',#19736,0.51);
#19736 = AXIS2_PLACEMENT_3D('',#19737,#19738,#19739);
#19737 = CARTESIAN_POINT('',(190.856249,-94.78375,-4.5E-02));
#19738 = DIRECTION('',(-0.,-0.,-1.));
#19739 = DIRECTION('',(-0.,-1.,0.));
#19740 = ADVANCED_FACE('',(#19741),#19752,.F.);
#19741 = FACE_BOUND('',#19742,.T.);
#19742 = EDGE_LOOP('',(#19743,#19744,#19750,#19751));
#19743 = ORIENTED_EDGE('',*,*,#17202,.T.);
#19744 = ORIENTED_EDGE('',*,*,#19745,.T.);
#19745 = EDGE_CURVE('',#17203,#18223,#19746,.T.);
#19746 = LINE('',#19747,#19748);
#19747 = CARTESIAN_POINT('',(193.856249,-93.45875,-4.5E-02));
#19748 = VECTOR('',#19749,1.);
#19749 = DIRECTION('',(0.,0.,1.));
#19750 = ORIENTED_EDGE('',*,*,#18222,.F.);
#19751 = ORIENTED_EDGE('',*,*,#19745,.F.);
#19752 = CYLINDRICAL_SURFACE('',#19753,0.635);
#19753 = AXIS2_PLACEMENT_3D('',#19754,#19755,#19756);
#19754 = CARTESIAN_POINT('',(193.856249,-92.82375,-4.5E-02));
#19755 = DIRECTION('',(-0.,-0.,-1.));
#19756 = DIRECTION('',(-0.,-1.,0.));
#19757 = ADVANCED_FACE('',(#19758),#19769,.F.);
#19758 = FACE_BOUND('',#19759,.T.);
#19759 = EDGE_LOOP('',(#19760,#19761,#19767,#19768));
#19760 = ORIENTED_EDGE('',*,*,#17213,.T.);
#19761 = ORIENTED_EDGE('',*,*,#19762,.T.);
#19762 = EDGE_CURVE('',#17214,#18234,#19763,.T.);
#19763 = LINE('',#19764,#19765);
#19764 = CARTESIAN_POINT('',(217.56,-93.565,-4.5E-02));
#19765 = VECTOR('',#19766,1.);
#19766 = DIRECTION('',(0.,0.,1.));
#19767 = ORIENTED_EDGE('',*,*,#18233,.F.);
#19768 = ORIENTED_EDGE('',*,*,#19762,.F.);
#19769 = CYLINDRICAL_SURFACE('',#19770,0.635);
#19770 = AXIS2_PLACEMENT_3D('',#19771,#19772,#19773);
#19771 = CARTESIAN_POINT('',(217.56,-92.93,-4.5E-02));
#19772 = DIRECTION('',(-0.,-0.,-1.));
#19773 = DIRECTION('',(-0.,-1.,0.));
#19774 = ADVANCED_FACE('',(#19775),#19786,.F.);
#19775 = FACE_BOUND('',#19776,.T.);
#19776 = EDGE_LOOP('',(#19777,#19778,#19784,#19785));
#19777 = ORIENTED_EDGE('',*,*,#17224,.T.);
#19778 = ORIENTED_EDGE('',*,*,#19779,.T.);
#19779 = EDGE_CURVE('',#17225,#18245,#19780,.T.);
#19780 = LINE('',#19781,#19782);
#19781 = CARTESIAN_POINT('',(220.56,-95.4,-4.5E-02));
#19782 = VECTOR('',#19783,1.);
#19783 = DIRECTION('',(0.,0.,1.));
#19784 = ORIENTED_EDGE('',*,*,#18244,.F.);
#19785 = ORIENTED_EDGE('',*,*,#19779,.F.);
#19786 = CYLINDRICAL_SURFACE('',#19787,0.51);
#19787 = AXIS2_PLACEMENT_3D('',#19788,#19789,#19790);
#19788 = CARTESIAN_POINT('',(220.56,-94.89,-4.5E-02));
#19789 = DIRECTION('',(-0.,-0.,-1.));
#19790 = DIRECTION('',(-0.,-1.,0.));
#19791 = ADVANCED_FACE('',(#19792),#19803,.F.);
#19792 = FACE_BOUND('',#19793,.T.);
#19793 = EDGE_LOOP('',(#19794,#19795,#19801,#19802));
#19794 = ORIENTED_EDGE('',*,*,#17235,.T.);
#19795 = ORIENTED_EDGE('',*,*,#19796,.T.);
#19796 = EDGE_CURVE('',#17236,#18256,#19797,.T.);
#19797 = LINE('',#19798,#19799);
#19798 = CARTESIAN_POINT('',(223.56,-95.4,-4.5E-02));
#19799 = VECTOR('',#19800,1.);
#19800 = DIRECTION('',(0.,0.,1.));
#19801 = ORIENTED_EDGE('',*,*,#18255,.F.);
#19802 = ORIENTED_EDGE('',*,*,#19796,.F.);
#19803 = CYLINDRICAL_SURFACE('',#19804,0.51);
#19804 = AXIS2_PLACEMENT_3D('',#19805,#19806,#19807);
#19805 = CARTESIAN_POINT('',(223.56,-94.89,-4.5E-02));
#19806 = DIRECTION('',(-0.,-0.,-1.));
#19807 = DIRECTION('',(-0.,-1.,0.));
#19808 = ADVANCED_FACE('',(#19809),#19820,.F.);
#19809 = FACE_BOUND('',#19810,.T.);
#19810 = EDGE_LOOP('',(#19811,#19812,#19818,#19819));
#19811 = ORIENTED_EDGE('',*,*,#17246,.T.);
#19812 = ORIENTED_EDGE('',*,*,#19813,.T.);
#19813 = EDGE_CURVE('',#17247,#18267,#19814,.T.);
#19814 = LINE('',#19815,#19816);
#19815 = CARTESIAN_POINT('',(226.56,-93.565,-4.5E-02));
#19816 = VECTOR('',#19817,1.);
#19817 = DIRECTION('',(0.,0.,1.));
#19818 = ORIENTED_EDGE('',*,*,#18266,.F.);
#19819 = ORIENTED_EDGE('',*,*,#19813,.F.);
#19820 = CYLINDRICAL_SURFACE('',#19821,0.635);
#19821 = AXIS2_PLACEMENT_3D('',#19822,#19823,#19824);
#19822 = CARTESIAN_POINT('',(226.56,-92.93,-4.5E-02));
#19823 = DIRECTION('',(-0.,-0.,-1.));
#19824 = DIRECTION('',(-0.,-1.,0.));
#19825 = ADVANCED_FACE('',(#19826),#19837,.F.);
#19826 = FACE_BOUND('',#19827,.T.);
#19827 = EDGE_LOOP('',(#19828,#19829,#19835,#19836));
#19828 = ORIENTED_EDGE('',*,*,#17257,.T.);
#19829 = ORIENTED_EDGE('',*,*,#19830,.T.);
#19830 = EDGE_CURVE('',#17258,#18278,#19831,.T.);
#19831 = LINE('',#19832,#19833);
#19832 = CARTESIAN_POINT('',(237.082262,-95.4,-4.5E-02));
#19833 = VECTOR('',#19834,1.);
#19834 = DIRECTION('',(0.,0.,1.));
#19835 = ORIENTED_EDGE('',*,*,#18277,.F.);
#19836 = ORIENTED_EDGE('',*,*,#19830,.F.);
#19837 = CYLINDRICAL_SURFACE('',#19838,0.51);
#19838 = AXIS2_PLACEMENT_3D('',#19839,#19840,#19841);
#19839 = CARTESIAN_POINT('',(237.082262,-94.89,-4.5E-02));
#19840 = DIRECTION('',(-0.,-0.,-1.));
#19841 = DIRECTION('',(-5.57288420204E-14,-1.,0.));
#19842 = ADVANCED_FACE('',(#19843),#19854,.F.);
#19843 = FACE_BOUND('',#19844,.T.);
#19844 = EDGE_LOOP('',(#19845,#19846,#19852,#19853));
#19845 = ORIENTED_EDGE('',*,*,#17268,.T.);
#19846 = ORIENTED_EDGE('',*,*,#19847,.T.);
#19847 = EDGE_CURVE('',#17269,#18289,#19848,.T.);
#19848 = LINE('',#19849,#19850);
#19849 = CARTESIAN_POINT('',(234.082262,-93.565,-4.5E-02));
#19850 = VECTOR('',#19851,1.);
#19851 = DIRECTION('',(0.,0.,1.));
#19852 = ORIENTED_EDGE('',*,*,#18288,.F.);
#19853 = ORIENTED_EDGE('',*,*,#19847,.F.);
#19854 = CYLINDRICAL_SURFACE('',#19855,0.635);
#19855 = AXIS2_PLACEMENT_3D('',#19856,#19857,#19858);
#19856 = CARTESIAN_POINT('',(234.082262,-92.93,-4.5E-02));
#19857 = DIRECTION('',(-0.,-0.,-1.));
#19858 = DIRECTION('',(-4.475859752819E-14,-1.,0.));
#19859 = ADVANCED_FACE('',(#19860),#19871,.F.);
#19860 = FACE_BOUND('',#19861,.T.);
#19861 = EDGE_LOOP('',(#19862,#19863,#19869,#19870));
#19862 = ORIENTED_EDGE('',*,*,#17279,.T.);
#19863 = ORIENTED_EDGE('',*,*,#19864,.T.);
#19864 = EDGE_CURVE('',#17280,#18300,#19865,.T.);
#19865 = LINE('',#19866,#19867);
#19866 = CARTESIAN_POINT('',(240.082262,-95.4,-4.5E-02));
#19867 = VECTOR('',#19868,1.);
#19868 = DIRECTION('',(0.,0.,1.));
#19869 = ORIENTED_EDGE('',*,*,#18299,.F.);
#19870 = ORIENTED_EDGE('',*,*,#19864,.F.);
#19871 = CYLINDRICAL_SURFACE('',#19872,0.51);
#19872 = AXIS2_PLACEMENT_3D('',#19873,#19874,#19875);
#19873 = CARTESIAN_POINT('',(240.082262,-94.89,-4.5E-02));
#19874 = DIRECTION('',(-0.,-0.,-1.));
#19875 = DIRECTION('',(-5.57288420204E-14,-1.,0.));
#19876 = ADVANCED_FACE('',(#19877),#19888,.F.);
#19877 = FACE_BOUND('',#19878,.T.);
#19878 = EDGE_LOOP('',(#19879,#19880,#19886,#19887));
#19879 = ORIENTED_EDGE('',*,*,#17290,.T.);
#19880 = ORIENTED_EDGE('',*,*,#19881,.T.);
#19881 = EDGE_CURVE('',#17291,#18311,#19882,.T.);
#19882 = LINE('',#19883,#19884);
#19883 = CARTESIAN_POINT('',(243.082262,-93.565,-4.5E-02));
#19884 = VECTOR('',#19885,1.);
#19885 = DIRECTION('',(0.,0.,1.));
#19886 = ORIENTED_EDGE('',*,*,#18310,.F.);
#19887 = ORIENTED_EDGE('',*,*,#19881,.F.);
#19888 = CYLINDRICAL_SURFACE('',#19889,0.635);
#19889 = AXIS2_PLACEMENT_3D('',#19890,#19891,#19892);
#19890 = CARTESIAN_POINT('',(243.082262,-92.93,-4.5E-02));
#19891 = DIRECTION('',(-0.,-0.,-1.));
#19892 = DIRECTION('',(-4.475859752819E-14,-1.,0.));
#19893 = ADVANCED_FACE('',(#19894),#19905,.F.);
#19894 = FACE_BOUND('',#19895,.T.);
#19895 = EDGE_LOOP('',(#19896,#19902,#19903,#19904));
#19896 = ORIENTED_EDGE('',*,*,#19897,.T.);
#19897 = EDGE_CURVE('',#17302,#18322,#19898,.T.);
#19898 = LINE('',#19899,#19900);
#19899 = CARTESIAN_POINT('',(249.6,-62.,0.));
#19900 = VECTOR('',#19901,1.);
#19901 = DIRECTION('',(0.,0.,1.));
#19902 = ORIENTED_EDGE('',*,*,#18321,.T.);
#19903 = ORIENTED_EDGE('',*,*,#19897,.F.);
#19904 = ORIENTED_EDGE('',*,*,#17301,.F.);
#19905 = CYLINDRICAL_SURFACE('',#19906,1.6);
#19906 = AXIS2_PLACEMENT_3D('',#19907,#19908,#19909);
#19907 = CARTESIAN_POINT('',(248.,-62.,0.));
#19908 = DIRECTION('',(-0.,-0.,-1.));
#19909 = DIRECTION('',(1.,0.,-0.));
#19910 = ( GEOMETRIC_REPRESENTATION_CONTEXT(3) 
GLOBAL_UNCERTAINTY_ASSIGNED_CONTEXT((#19914)) 
GLOBAL_UNIT_ASSIGNED_CONTEXT((#19911,#19912,#19913)) 
REPRESENTATION_CONTEXT('Context #1',
  '3D Context with UNIT and UNCERTAINTY') );
#19911 = ( LENGTH_UNIT() NAMED_UNIT(*) SI_UNIT(.MILLI.,.METRE.) );
#19912 = ( NAMED_UNIT(*) PLANE_ANGLE_UNIT() SI_UNIT($,.RADIAN.) );
#19913 = ( NAMED_UNIT(*) SI_UNIT($,.STERADIAN.) SOLID_ANGLE_UNIT() );
#19914 = UNCERTAINTY_MEASURE_WITH_UNIT(LENGTH_MEASURE(1.E-07),#19911,
  'distance_accuracy_value','confusion accuracy');
#19915 = CONTEXT_DEPENDENT_SHAPE_REPRESENTATION(#19916,#19918);
#19916 = ( REPRESENTATION_RELATIONSHIP('','',#16187,#10) 
REPRESENTATION_RELATIONSHIP_WITH_TRANSFORMATION(#19917) 
SHAPE_REPRESENTATION_RELATIONSHIP() );
#19917 = ITEM_DEFINED_TRANSFORMATION('','',#11,#183);
#19918 = PRODUCT_DEFINITION_SHAPE('Placement','Placement of an item',
  #19919);
#19919 = NEXT_ASSEMBLY_USAGE_OCCURRENCE('46','=>[0:1:1:8]','',#5,#16182,
  $);
#19920 = PRODUCT_RELATED_PRODUCT_CATEGORY('part',$,(#16184));
#19921 = MECHANICAL_DESIGN_GEOMETRIC_PRESENTATION_REPRESENTATION('',(
    #19922,#19930,#19937),#10847);
#19922 = STYLED_ITEM('color',(#19923),#3611);
#19923 = PRESENTATION_STYLE_ASSIGNMENT((#19924));
#19924 = SURFACE_STYLE_USAGE(.BOTH.,#19925);
#19925 = SURFACE_SIDE_STYLE('',(#19926));
#19926 = SURFACE_STYLE_FILL_AREA(#19927);
#19927 = FILL_AREA_STYLE('',(#19928));
#19928 = FILL_AREA_STYLE_COLOUR('',#19929);
#19929 = COLOUR_RGB('',0.827450977613,0.839215683236,0.827450977613);
#19930 = STYLED_ITEM('color',(#19931),#6289);
#19931 = PRESENTATION_STYLE_ASSIGNMENT((#19932));
#19932 = SURFACE_STYLE_USAGE(.BOTH.,#19933);
#19933 = SURFACE_SIDE_STYLE('',(#19934));
#19934 = SURFACE_STYLE_FILL_AREA(#19935);
#19935 = FILL_AREA_STYLE('',(#19936));
#19936 = FILL_AREA_STYLE_COLOUR('',#19929);
#19937 = STYLED_ITEM('color',(#19938),#8897);
#19938 = PRESENTATION_STYLE_ASSIGNMENT((#19939));
#19939 = SURFACE_STYLE_USAGE(.BOTH.,#19940);
#19940 = SURFACE_SIDE_STYLE('',(#19941));
#19941 = SURFACE_STYLE_FILL_AREA(#19942);
#19942 = FILL_AREA_STYLE('',(#19943));
#19943 = FILL_AREA_STYLE_COLOUR('',#19944);
#19944 = COLOUR_RGB('',9.803921802644E-02,9.803921802644E-02,
  9.803921802644E-02);
#19945 = MECHANICAL_DESIGN_GEOMETRIC_PRESENTATION_REPRESENTATION('',(
    #19946),#3479);
#19946 = STYLED_ITEM('color',(#19947),#224);
#19947 = PRESENTATION_STYLE_ASSIGNMENT((#19948,#19954));
#19948 = SURFACE_STYLE_USAGE(.BOTH.,#19949);
#19949 = SURFACE_SIDE_STYLE('',(#19950));
#19950 = SURFACE_STYLE_FILL_AREA(#19951);
#19951 = FILL_AREA_STYLE('',(#19952));
#19952 = FILL_AREA_STYLE_COLOUR('',#19953);
#19953 = COLOUR_RGB('',0.596063163801,0.666666664908,0.686259240409);
#19954 = CURVE_STYLE('',#19955,POSITIVE_LENGTH_MEASURE(0.1),#19953);
#19955 = DRAUGHTING_PRE_DEFINED_CURVE_FONT('continuous');
#19956 = MECHANICAL_DESIGN_GEOMETRIC_PRESENTATION_REPRESENTATION('',(
    #19957),#19910);
#19957 = STYLED_ITEM('color',(#19958),#16188);
#19958 = PRESENTATION_STYLE_ASSIGNMENT((#19959));
#19959 = SURFACE_STYLE_USAGE(.BOTH.,#19960);
#19960 = SURFACE_SIDE_STYLE('',(#19961));
#19961 = SURFACE_STYLE_FILL_AREA(#19962);
#19962 = FILL_AREA_STYLE('',(#19963));
#19963 = FILL_AREA_STYLE_COLOUR('',#19964);
#19964 = COLOUR_RGB('',0.313304153717,0.484529207832,0.410020903123);
ENDSEC;
END-ISO-10303-21;
